transaction_id,customer_id,policy_type,start_date,end_date,premium_amount,status,claim_history
TXN-c3276c4d,C360-100000,Accidental Insurance,2021-07-02,2022-07-02,1432,Expired,1
TXN-5e29bf8e,C360-100000,Accidental Insurance,2022-07-02,2023-07-02,1477,Expired,0
TXN-2d47cdcb,C360-100000,Accidental Insurance,2023-07-02,2024-07-01,1468,Expired,2
TXN-a8b89402,C360-100000,Accidental Insurance,2024-07-01,2025-07-01,1582,Expired,0
TXN-9ed46ace,C360-100000,Accidental Insurance,2025-07-01,2026-07-01,1484,Active,0
TXN-55119179,C360-100001,Motor Insurance,2021-07-02,2022-07-02,326,Expired,0
TXN-90807806,C360-100001,Motor Insurance,2022-07-02,2023-07-02,352,Expired,0
TXN-4eb9f192,C360-100001,Motor Insurance,2023-07-02,2024-07-01,408,Expired,0
TXN-b0bcd5f3,C360-100001,Motor Insurance,2024-07-01,2025-07-01,476,Expired,0
TXN-c6ec8681,C360-100001,Motor Insurance,2025-07-01,2026-07-01,394,Active,0
TXN-01abfdff,C360-100002,Life Insurance,2021-07-02,2022-07-02,968,Expired,0
TXN-654d0fc4,C360-100003,Life Insurance,2021-07-02,2022-07-02,1260,Expired,0
TXN-415dc74d,C360-100003,Life Insurance,2022-07-02,2023-07-02,1270,Expired,0
TXN-426de1da,C360-100003,Life Insurance,2023-07-02,2024-07-01,1322,Expired,1
TXN-7e3181c5,C360-100003,Life Insurance,2024-07-01,2025-07-01,1380,Expired,0
TXN-a8252e36,C360-100003,Life Insurance,2025-07-01,2026-07-01,1380,Active,0
TXN-9e41afe0,C360-100003,Accidental Insurance,2021-07-02,2022-07-02,1395,Expired,0
TXN-42990f53,C360-100003,Accidental Insurance,2022-07-02,2023-07-02,1406,Expired,0
TXN-44bd9e81,C360-100003,Accidental Insurance,2023-07-02,2024-07-01,1489,Expired,0
TXN-010907e3,C360-100003,Accidental Insurance,2024-07-01,2025-07-01,1485,Expired,0
TXN-40df07c7,C360-100003,Accidental Insurance,2025-07-01,2026-07-01,1535,Active,0
TXN-793407d9,C360-100004,Health Insurance,2021-07-02,2022-07-02,884,Expired,0
TXN-08e933bf,C360-100004,Health Insurance,2022-07-02,2023-07-02,934,Expired,0
TXN-d3bf79a3,C360-100004,Health Insurance,2023-07-02,2024-07-01,954,Expired,0
TXN-a6fdfd3e,C360-100004,Health Insurance,2024-07-01,2025-07-01,989,Expired,2
TXN-9c0c0d53,C360-100004,Health Insurance,2025-07-01,2026-07-01,956,Active,0
TXN-9672beb7,C360-100004,Life Insurance,2021-07-02,2022-07-02,1015,Expired,2
TXN-42fe4cee,C360-100004,Life Insurance,2022-07-02,2023-07-02,1038,Expired,0
TXN-827d8f88,C360-100004,Motor Insurance,2021-07-02,2022-07-02,476,Expired,0
TXN-0bcc0c1e,C360-100004,Motor Insurance,2022-07-02,2023-07-02,514,Expired,0
TXN-f751c69e,C360-100004,Motor Insurance,2023-07-02,2024-07-01,568,Expired,0
TXN-7faad90b,C360-100004,Motor Insurance,2024-07-01,2025-07-01,617,Expired,0
TXN-ded5c86e,C360-100004,Motor Insurance,2025-07-01,2026-07-01,588,Active,1
TXN-e4e19cfd,C360-100005,Health Insurance,2021-07-02,2022-07-02,866,Expired,0
TXN-74c8ea98,C360-100005,Health Insurance,2022-07-02,2023-07-02,909,Expired,0
TXN-d9f5dedb,C360-100005,Health Insurance,2023-07-02,2024-07-01,952,Expired,0
TXN-dfd98dba,C360-100005,Health Insurance,2024-07-01,2025-07-01,998,Expired,0
TXN-867bad3e,C360-100005,Health Insurance,2025-07-01,2026-07-01,962,Active,0
TXN-6240d2a7,C360-100005,Life Insurance,2021-07-02,2022-07-02,1497,Expired,1
TXN-8c185cd6,C360-100005,Life Insurance,2022-07-02,2023-07-02,1523,Expired,0
TXN-99ca0db4,C360-100005,Life Insurance,2023-07-02,2024-07-01,1517,Expired,0
TXN-f6d92f99,C360-100005,Life Insurance,2024-07-01,2025-07-01,1575,Expired,0
TXN-59ce5d70,C360-100005,Life Insurance,2025-07-01,2026-07-01,1689,Active,0
TXN-ad932650,C360-100005,Motor Insurance,2021-07-02,2022-07-02,1284,Expired,0
TXN-abce1871,C360-100005,Motor Insurance,2022-07-02,2023-07-02,1298,Expired,0
TXN-9e62001a,C360-100005,Motor Insurance,2023-07-02,2024-07-01,1366,Expired,1
TXN-41adbffe,C360-100005,Motor Insurance,2024-07-01,2025-07-01,1422,Expired,1
TXN-931b54b8,C360-100005,Motor Insurance,2025-07-01,2026-07-01,1436,Active,0
TXN-c1e3ac18,C360-100005,Accidental Insurance,2021-07-02,2022-07-02,501,Expired,0
TXN-3657af07,C360-100005,Accidental Insurance,2022-07-02,2023-07-02,515,Expired,0
TXN-ef08ab3d,C360-100005,Accidental Insurance,2023-07-02,2024-07-01,583,Expired,0
TXN-f45d7695,C360-100005,Accidental Insurance,2024-07-01,2025-07-01,621,Expired,1
TXN-76599e43,C360-100005,Accidental Insurance,2025-07-01,2026-07-01,693,Active,0
TXN-cf277d81,C360-100006,Health Insurance,2021-07-02,2022-07-02,1178,Expired,0
TXN-3acfabcf,C360-100006,Health Insurance,2022-07-02,2023-07-02,1207,Expired,0
TXN-0ba5745e,C360-100006,Health Insurance,2023-07-02,2024-07-01,1228,Expired,0
TXN-1e65193c,C360-100006,Health Insurance,2024-07-01,2025-07-01,1223,Expired,0
TXN-5dea9f64,C360-100006,Health Insurance,2025-07-01,2026-07-01,1350,Active,0
TXN-38d69065,C360-100007,Health Insurance,2021-07-02,2022-07-02,1230,Expired,0
TXN-65dd6df8,C360-100007,Health Insurance,2022-07-02,2023-07-02,1256,Expired,0
TXN-54d7d565,C360-100007,Health Insurance,2023-07-02,2024-07-01,1310,Expired,0
TXN-f6e19b44,C360-100007,Health Insurance,2024-07-01,2025-07-01,1362,Expired,0
TXN-6af8a737,C360-100007,Health Insurance,2025-07-01,2026-07-01,1306,Active,0
TXN-19a9f6fc,C360-100007,Accidental Insurance,2021-07-02,2022-07-02,401,Expired,1
TXN-7fe011de,C360-100007,Accidental Insurance,2022-07-02,2023-07-02,443,Expired,0
TXN-fe23ca77,C360-100007,Accidental Insurance,2023-07-02,2024-07-01,473,Expired,0
TXN-1c8096f4,C360-100007,Accidental Insurance,2024-07-01,2025-07-01,485,Expired,0
TXN-eb962f09,C360-100007,Accidental Insurance,2025-07-01,2026-07-01,501,Cancelled,0
TXN-114131f4,C360-100008,Health Insurance,2021-07-02,2022-07-02,982,Expired,1
TXN-beccfe34,C360-100008,Health Insurance,2022-07-02,2023-07-02,1000,Expired,0
TXN-0139bee3,C360-100008,Health Insurance,2023-07-02,2024-07-01,1048,Expired,0
TXN-4d1b3789,C360-100008,Health Insurance,2024-07-01,2025-07-01,1081,Expired,0
TXN-a9c0f36e,C360-100008,Health Insurance,2025-07-01,2026-07-01,1126,Active,0
TXN-ada1ce1e,C360-100008,Motor Insurance,2021-07-02,2022-07-02,629,Expired,0
TXN-c9c6b401,C360-100008,Accidental Insurance,2021-07-02,2022-07-02,458,Expired,0
TXN-5a18f303,C360-100009,Health Insurance,2021-07-02,2022-07-02,1041,Expired,0
TXN-23611d80,C360-100009,Health Insurance,2022-07-02,2023-07-02,1070,Expired,0
TXN-ef306586,C360-100009,Health Insurance,2023-07-02,2024-07-01,1085,Expired,0
TXN-c676aaa3,C360-100009,Health Insurance,2024-07-01,2025-07-01,1122,Expired,0
TXN-9d133412,C360-100009,Health Insurance,2025-07-01,2026-07-01,1157,Active,2
TXN-f9994ba6,C360-100009,Life Insurance,2021-07-02,2022-07-02,741,Expired,0
TXN-c0643642,C360-100009,Life Insurance,2022-07-02,2023-07-02,765,Expired,1
TXN-2c0a0443,C360-100009,Life Insurance,2023-07-02,2024-07-01,795,Expired,1
TXN-59ec0a92,C360-100009,Life Insurance,2024-07-01,2025-07-01,774,Expired,0
TXN-3c11caf4,C360-100009,Life Insurance,2025-07-01,2026-07-01,873,Active,1
TXN-c4824495,C360-100009,Motor Insurance,2021-07-02,2022-07-02,1096,Expired,0
TXN-d12d8214,C360-100009,Motor Insurance,2022-07-02,2023-07-02,1146,Expired,0
TXN-71fd054b,C360-100009,Motor Insurance,2023-07-02,2024-07-01,1160,Expired,0
TXN-81999755,C360-100009,Motor Insurance,2024-07-01,2025-07-01,1132,Expired,0
TXN-41c3275d,C360-100009,Motor Insurance,2025-07-01,2026-07-01,1224,Active,0
TXN-6c90e7d7,C360-100009,Accidental Insurance,2021-07-02,2022-07-02,1244,Expired,0
TXN-2b3155e2,C360-100009,Accidental Insurance,2022-07-02,2023-07-02,1254,Expired,1
TXN-fd893284,C360-100009,Accidental Insurance,2023-07-02,2024-07-01,1266,Expired,0
TXN-f35f1420,C360-100009,Accidental Insurance,2024-07-01,2025-07-01,1331,Expired,0
TXN-d8b4a4a6,C360-100009,Accidental Insurance,2025-07-01,2026-07-01,1340,Active,0
TXN-f120add0,C360-100010,Health Insurance,2021-07-02,2022-07-02,1196,Expired,0
TXN-259b5369,C360-100010,Health Insurance,2022-07-02,2023-07-02,1223,Expired,0
TXN-e25ddbe1,C360-100010,Health Insurance,2023-07-02,2024-07-01,1222,Expired,0
TXN-12e17afd,C360-100010,Health Insurance,2024-07-01,2025-07-01,1256,Expired,0
TXN-dfd4193e,C360-100010,Health Insurance,2025-07-01,2026-07-01,1316,Active,0
TXN-f48cc4ce,C360-100010,Life Insurance,2021-07-02,2022-07-02,1120,Expired,0
TXN-67fd9796,C360-100010,Life Insurance,2022-07-02,2023-07-02,1164,Expired,0
TXN-e2f2d64d,C360-100010,Life Insurance,2023-07-02,2024-07-01,1218,Expired,0
TXN-16144d69,C360-100010,Life Insurance,2024-07-01,2025-07-01,1186,Expired,0
TXN-be88fce4,C360-100010,Life Insurance,2025-07-01,2026-07-01,1256,Active,0
TXN-53aaaaf3,C360-100010,Motor Insurance,2021-07-02,2022-07-02,1065,Expired,2
TXN-b444426c,C360-100010,Motor Insurance,2022-07-02,2023-07-02,1075,Expired,0
TXN-07bdc525,C360-100010,Motor Insurance,2023-07-02,2024-07-01,1123,Expired,0
TXN-8265f010,C360-100010,Motor Insurance,2024-07-01,2025-07-01,1209,Expired,1
TXN-506122ff,C360-100010,Motor Insurance,2025-07-01,2026-07-01,1141,Active,0
TXN-6bcd4b7e,C360-100010,Accidental Insurance,2021-07-02,2022-07-02,416,Expired,1
TXN-77c8efb8,C360-100010,Accidental Insurance,2022-07-02,2023-07-02,443,Expired,1
TXN-feb3f7bb,C360-100010,Accidental Insurance,2023-07-02,2024-07-01,488,Expired,0
TXN-b5b823b4,C360-100010,Accidental Insurance,2024-07-01,2025-07-01,464,Expired,2
TXN-37b66292,C360-100010,Accidental Insurance,2025-07-01,2026-07-01,516,Active,0
TXN-9c82b964,C360-100011,Health Insurance,2021-07-02,2022-07-02,392,Expired,0
TXN-e0f5a311,C360-100011,Health Insurance,2022-07-02,2023-07-02,421,Expired,1
TXN-ef7ec6f5,C360-100011,Health Insurance,2023-07-02,2024-07-01,438,Expired,0
TXN-93b0a372,C360-100011,Health Insurance,2024-07-01,2025-07-01,515,Expired,0
TXN-45c84ee3,C360-100011,Health Insurance,2025-07-01,2026-07-01,536,Active,0
TXN-26033d3f,C360-100012,Health Insurance,2021-07-02,2022-07-02,1486,Expired,0
TXN-48306ae0,C360-100012,Health Insurance,2022-07-02,2023-07-02,1521,Expired,0
TXN-5f3d075d,C360-100012,Health Insurance,2023-07-02,2024-07-01,1586,Expired,0
TXN-1f45a63c,C360-100012,Health Insurance,2024-07-01,2025-07-01,1540,Expired,1
TXN-66e175bd,C360-100012,Health Insurance,2025-07-01,2026-07-01,1646,Active,0
TXN-bedfa290,C360-100013,Life Insurance,2021-07-02,2022-07-02,697,Expired,0
TXN-72c87153,C360-100013,Accidental Insurance,2021-07-02,2022-07-02,720,Expired,0
TXN-42e27c4a,C360-100013,Accidental Insurance,2022-07-02,2023-07-02,759,Expired,0
TXN-07378af7,C360-100013,Accidental Insurance,2023-07-02,2024-07-01,756,Expired,0
TXN-efb7b9e3,C360-100013,Accidental Insurance,2024-07-01,2025-07-01,846,Expired,0
TXN-0a436a17,C360-100013,Accidental Insurance,2025-07-01,2026-07-01,868,Active,0
TXN-2f632f78,C360-100014,Health Insurance,2021-07-02,2022-07-02,681,Expired,1
TXN-6b5afbf7,C360-100014,Health Insurance,2022-07-02,2023-07-02,723,Expired,0
TXN-f790c03a,C360-100014,Health Insurance,2023-07-02,2024-07-01,763,Expired,0
TXN-9abbfd32,C360-100014,Health Insurance,2024-07-01,2025-07-01,780,Expired,0
TXN-a7d17661,C360-100014,Health Insurance,2025-07-01,2026-07-01,789,Active,0
TXN-8df32113,C360-100014,Life Insurance,2021-07-02,2022-07-02,310,Expired,0
TXN-e875844b,C360-100014,Life Insurance,2022-07-02,2023-07-02,359,Expired,0
TXN-a2628ec2,C360-100014,Life Insurance,2023-07-02,2024-07-01,382,Expired,0
TXN-0152c461,C360-100014,Life Insurance,2024-07-01,2025-07-01,397,Expired,0
TXN-06c5afdf,C360-100014,Life Insurance,2025-07-01,2026-07-01,386,Active,0
TXN-2553f821,C360-100014,Motor Insurance,2021-07-02,2022-07-02,490,Expired,0
TXN-f9a8dbb5,C360-100014,Motor Insurance,2022-07-02,2023-07-02,526,Expired,1
TXN-cfe0c6b8,C360-100014,Motor Insurance,2023-07-02,2024-07-01,536,Expired,0
TXN-ff7a4fec,C360-100014,Motor Insurance,2024-07-01,2025-07-01,541,Expired,1
TXN-41dda973,C360-100014,Motor Insurance,2025-07-01,2026-07-01,530,Active,0
TXN-1296d85f,C360-100014,Accidental Insurance,2021-07-02,2022-07-02,375,Expired,0
TXN-6c143bc6,C360-100014,Accidental Insurance,2022-07-02,2023-07-02,421,Expired,0
TXN-d1524295,C360-100014,Accidental Insurance,2023-07-02,2024-07-01,415,Expired,0
TXN-58ae8150,C360-100014,Accidental Insurance,2024-07-01,2025-07-01,411,Expired,0
TXN-5cfd56c7,C360-100014,Accidental Insurance,2025-07-01,2026-07-01,431,Active,0
TXN-022296c0,C360-100015,Life Insurance,2021-07-02,2022-07-02,1225,Expired,0
TXN-50ed521f,C360-100015,Life Insurance,2022-07-02,2023-07-02,1235,Expired,0
TXN-3b697703,C360-100015,Life Insurance,2023-07-02,2024-07-01,1273,Expired,0
TXN-bf3ec2ae,C360-100015,Life Insurance,2024-07-01,2025-07-01,1264,Expired,0
TXN-1fc946ca,C360-100015,Life Insurance,2025-07-01,2026-07-01,1401,Active,1
TXN-8440f151,C360-100015,Health Insurance,2021-07-02,2022-07-02,935,Expired,0
TXN-7ca1dc9c,C360-100015,Health Insurance,2022-07-02,2023-07-02,952,Expired,2
TXN-ff1a9232,C360-100015,Health Insurance,2023-07-02,2024-07-01,997,Expired,0
TXN-6b93422f,C360-100015,Health Insurance,2024-07-01,2025-07-01,1022,Expired,0
TXN-4178a405,C360-100015,Health Insurance,2025-07-01,2026-07-01,975,Active,0
TXN-e6c81a3f,C360-100016,Health Insurance,2021-07-02,2022-07-02,887,Expired,0
TXN-f247459c,C360-100016,Health Insurance,2022-07-02,2023-07-02,922,Expired,0
TXN-991dccdf,C360-100016,Health Insurance,2023-07-02,2024-07-01,975,Expired,1
TXN-bf0c5e22,C360-100016,Motor Insurance,2021-07-02,2022-07-02,409,Expired,0
TXN-e480201e,C360-100016,Motor Insurance,2022-07-02,2023-07-02,434,Expired,0
TXN-f9c0b8c0,C360-100016,Motor Insurance,2023-07-02,2024-07-01,453,Expired,0
TXN-09b64750,C360-100016,Motor Insurance,2024-07-01,2025-07-01,493,Expired,0
TXN-bb21c2f4,C360-100016,Motor Insurance,2025-07-01,2026-07-01,481,Cancelled,0
TXN-307646f2,C360-100016,Accidental Insurance,2021-07-02,2022-07-02,662,Expired,1
TXN-4e0c2281,C360-100017,Accidental Insurance,2021-07-02,2022-07-02,485,Expired,1
TXN-59fb5b2c,C360-100017,Accidental Insurance,2022-07-02,2023-07-02,519,Expired,0
TXN-5d113bed,C360-100017,Accidental Insurance,2023-07-02,2024-07-01,527,Expired,0
TXN-30fa5dea,C360-100017,Accidental Insurance,2024-07-01,2025-07-01,587,Expired,0
TXN-38b5e32d,C360-100017,Accidental Insurance,2025-07-01,2026-07-01,673,Cancelled,0
TXN-80558267,C360-100017,Life Insurance,2021-07-02,2022-07-02,370,Expired,0
TXN-16525169,C360-100017,Life Insurance,2022-07-02,2023-07-02,401,Expired,0
TXN-837fa0c1,C360-100017,Life Insurance,2023-07-02,2024-07-01,398,Expired,0
TXN-ccf0bd67,C360-100018,Health Insurance,2021-07-02,2022-07-02,518,Expired,1
TXN-74277ada,C360-100018,Health Insurance,2022-07-02,2023-07-02,543,Expired,0
TXN-17d0af8a,C360-100018,Health Insurance,2023-07-02,2024-07-01,590,Expired,0
TXN-c9c2b6b3,C360-100018,Health Insurance,2024-07-01,2025-07-01,668,Expired,0
TXN-e413c625,C360-100018,Health Insurance,2025-07-01,2026-07-01,710,Active,0
TXN-3200d489,C360-100018,Life Insurance,2021-07-02,2022-07-02,440,Expired,0
TXN-251ea7fb,C360-100018,Life Insurance,2022-07-02,2023-07-02,472,Expired,0
TXN-fd557510,C360-100018,Life Insurance,2023-07-02,2024-07-01,528,Expired,0
TXN-7dd77ff2,C360-100018,Life Insurance,2024-07-01,2025-07-01,500,Expired,0
TXN-e5b78bae,C360-100018,Life Insurance,2025-07-01,2026-07-01,560,Active,0
TXN-de71c5f5,C360-100018,Motor Insurance,2021-07-02,2022-07-02,1097,Expired,0
TXN-abf802ad,C360-100018,Motor Insurance,2022-07-02,2023-07-02,1129,Expired,0
TXN-09e17aa2,C360-100018,Motor Insurance,2023-07-02,2024-07-01,1193,Expired,0
TXN-a11a6f88,C360-100018,Motor Insurance,2024-07-01,2025-07-01,1244,Expired,1
TXN-96efeffa,C360-100018,Motor Insurance,2025-07-01,2026-07-01,1145,Active,0
TXN-e2ab462d,C360-100018,Accidental Insurance,2021-07-02,2022-07-02,1418,Expired,0
TXN-5653e0a0,C360-100018,Accidental Insurance,2022-07-02,2023-07-02,1434,Expired,1
TXN-1c9889d5,C360-100018,Accidental Insurance,2023-07-02,2024-07-01,1454,Expired,0
TXN-c8a965ef,C360-100018,Accidental Insurance,2024-07-01,2025-07-01,1511,Expired,0
TXN-57423f76,C360-100018,Accidental Insurance,2025-07-01,2026-07-01,1490,Active,0
TXN-35eb84ea,C360-100019,Health Insurance,2021-07-02,2022-07-02,1407,Expired,0
TXN-e81dd7d4,C360-100019,Health Insurance,2022-07-02,2023-07-02,1447,Expired,0
TXN-3f46f6b1,C360-100019,Health Insurance,2023-07-02,2024-07-01,1503,Expired,0
TXN-3ef947de,C360-100019,Health Insurance,2024-07-01,2025-07-01,1548,Expired,0
TXN-aa86e0b8,C360-100019,Health Insurance,2025-07-01,2026-07-01,1459,Active,1
TXN-20049ae6,C360-100019,Life Insurance,2021-07-02,2022-07-02,379,Expired,0
TXN-1148b590,C360-100019,Life Insurance,2022-07-02,2023-07-02,410,Expired,0
TXN-32d2ecfd,C360-100019,Life Insurance,2023-07-02,2024-07-01,403,Expired,0
TXN-d0ae3694,C360-100019,Life Insurance,2024-07-01,2025-07-01,463,Expired,0
TXN-7ec29b60,C360-100019,Life Insurance,2025-07-01,2026-07-01,495,Active,0
TXN-f05e9fdc,C360-100019,Motor Insurance,2021-07-02,2022-07-02,432,Expired,0
TXN-00eab1cc,C360-100019,Motor Insurance,2022-07-02,2023-07-02,461,Expired,0
TXN-4b215bd6,C360-100019,Motor Insurance,2023-07-02,2024-07-01,454,Expired,0
TXN-3eca0f3f,C360-100019,Motor Insurance,2024-07-01,2025-07-01,582,Expired,0
TXN-89819100,C360-100019,Motor Insurance,2025-07-01,2026-07-01,504,Active,2
TXN-7cec3db2,C360-100019,Accidental Insurance,2021-07-02,2022-07-02,925,Expired,0
TXN-5fa2de87,C360-100019,Accidental Insurance,2022-07-02,2023-07-02,965,Expired,0
TXN-064d56d0,C360-100019,Accidental Insurance,2023-07-02,2024-07-01,989,Expired,0
TXN-907130ec,C360-100019,Accidental Insurance,2024-07-01,2025-07-01,1042,Expired,0
TXN-c1b26f15,C360-100019,Accidental Insurance,2025-07-01,2026-07-01,1057,Active,0
TXN-a546d20e,C360-100020,Accidental Insurance,2021-07-02,2022-07-02,755,Expired,0
TXN-39a7650a,C360-100020,Accidental Insurance,2022-07-02,2023-07-02,798,Expired,0
TXN-bc557d8e,C360-100020,Accidental Insurance,2023-07-02,2024-07-01,793,Expired,0
TXN-0e59d2a1,C360-100020,Accidental Insurance,2024-07-01,2025-07-01,866,Expired,1
TXN-5f2f822d,C360-100020,Accidental Insurance,2025-07-01,2026-07-01,939,Active,0
TXN-cab4b7d6,C360-100021,Life Insurance,2021-07-02,2022-07-02,936,Expired,0
TXN-fe741422,C360-100021,Life Insurance,2022-07-02,2023-07-02,959,Expired,0
TXN-2f202ab7,C360-100021,Life Insurance,2023-07-02,2024-07-01,962,Expired,0
TXN-dd5b7cd9,C360-100021,Life Insurance,2024-07-01,2025-07-01,1044,Expired,0
TXN-3b7eddfb,C360-100021,Life Insurance,2025-07-01,2026-07-01,1044,Active,0
TXN-d36199c8,C360-100022,Health Insurance,2021-07-02,2022-07-02,1352,Expired,0
TXN-5dd5c4fd,C360-100022,Health Insurance,2022-07-02,2023-07-02,1391,Expired,0
TXN-265663f2,C360-100022,Health Insurance,2023-07-02,2024-07-01,1390,Expired,2
TXN-7ddd86f6,C360-100022,Health Insurance,2024-07-01,2025-07-01,1439,Expired,0
TXN-ff76c340,C360-100022,Health Insurance,2025-07-01,2026-07-01,1456,Active,0
TXN-d9e3a823,C360-100022,Life Insurance,2021-07-02,2022-07-02,1407,Expired,0
TXN-2ec0f381,C360-100022,Motor Insurance,2021-07-02,2022-07-02,672,Expired,1
TXN-c6a24dfa,C360-100022,Motor Insurance,2022-07-02,2023-07-02,702,Expired,0
TXN-f33b179d,C360-100022,Motor Insurance,2023-07-02,2024-07-01,714,Expired,0
TXN-0ed9bcd7,C360-100022,Accidental Insurance,2021-07-02,2022-07-02,1081,Expired,0
TXN-bbc62157,C360-100022,Accidental Insurance,2022-07-02,2023-07-02,1101,Expired,0
TXN-3908587e,C360-100023,Health Insurance,2021-07-02,2022-07-02,1246,Expired,1
TXN-66829aff,C360-100023,Health Insurance,2022-07-02,2023-07-02,1266,Expired,1
TXN-fd94e0ab,C360-100023,Health Insurance,2023-07-02,2024-07-01,1288,Expired,2
TXN-cd6a232c,C360-100023,Health Insurance,2024-07-01,2025-07-01,1375,Expired,0
TXN-f77c3080,C360-100023,Health Insurance,2025-07-01,2026-07-01,1358,Active,0
TXN-3ff8e89f,C360-100023,Life Insurance,2021-07-02,2022-07-02,578,Expired,0
TXN-bcb4f53f,C360-100023,Life Insurance,2022-07-02,2023-07-02,595,Expired,1
TXN-2c2e2943,C360-100023,Life Insurance,2023-07-02,2024-07-01,616,Expired,0
TXN-5d85fd81,C360-100023,Life Insurance,2024-07-01,2025-07-01,683,Expired,0
TXN-8d0ef0a3,C360-100023,Life Insurance,2025-07-01,2026-07-01,650,Active,2
TXN-221d3f63,C360-100023,Motor Insurance,2021-07-02,2022-07-02,839,Expired,0
TXN-3543b587,C360-100023,Motor Insurance,2022-07-02,2023-07-02,884,Expired,1
TXN-3cb6f52b,C360-100023,Motor Insurance,2023-07-02,2024-07-01,893,Expired,0
TXN-d8b0781d,C360-100023,Motor Insurance,2024-07-01,2025-07-01,896,Expired,0
TXN-61a3bb42,C360-100023,Motor Insurance,2025-07-01,2026-07-01,1003,Active,0
TXN-a48198b4,C360-100023,Accidental Insurance,2021-07-02,2022-07-02,1372,Expired,0
TXN-e37cdf8c,C360-100023,Accidental Insurance,2022-07-02,2023-07-02,1420,Expired,0
TXN-e011511e,C360-100023,Accidental Insurance,2023-07-02,2024-07-01,1470,Expired,0
TXN-5dad010b,C360-100023,Accidental Insurance,2024-07-01,2025-07-01,1450,Expired,1
TXN-e3e84281,C360-100023,Accidental Insurance,2025-07-01,2026-07-01,1448,Active,0
TXN-2cae9756,C360-100024,Life Insurance,2021-07-02,2022-07-02,964,Expired,0
TXN-24c0887a,C360-100024,Life Insurance,2022-07-02,2023-07-02,979,Expired,0
TXN-8e3f37a0,C360-100024,Life Insurance,2023-07-02,2024-07-01,1012,Expired,0
TXN-6c6267e1,C360-100024,Life Insurance,2024-07-01,2025-07-01,997,Expired,0
TXN-abde55d6,C360-100024,Life Insurance,2025-07-01,2026-07-01,1016,Active,0
TXN-3096b134,C360-100026,Health Insurance,2021-07-02,2022-07-02,1263,Expired,0
TXN-b3b6b1b2,C360-100027,Health Insurance,2021-07-02,2022-07-02,722,Expired,0
TXN-284f6215,C360-100027,Health Insurance,2022-07-02,2023-07-02,753,Expired,0
TXN-48699b01,C360-100027,Health Insurance,2023-07-02,2024-07-01,804,Expired,2
TXN-6ebe3783,C360-100027,Health Insurance,2024-07-01,2025-07-01,776,Expired,0
TXN-6fc4e600,C360-100027,Health Insurance,2025-07-01,2026-07-01,830,Active,0
TXN-b37b702c,C360-100027,Accidental Insurance,2021-07-02,2022-07-02,1344,Expired,0
TXN-8ed1fd30,C360-100027,Accidental Insurance,2022-07-02,2023-07-02,1369,Expired,0
TXN-47b8e4f9,C360-100027,Accidental Insurance,2023-07-02,2024-07-01,1370,Expired,0
TXN-8cf972f7,C360-100027,Accidental Insurance,2024-07-01,2025-07-01,1446,Expired,0
TXN-8dfbbaad,C360-100027,Accidental Insurance,2025-07-01,2026-07-01,1520,Active,0
TXN-5cd34a7f,C360-100028,Motor Insurance,2021-07-02,2022-07-02,1420,Expired,0
TXN-ab3e143a,C360-100028,Motor Insurance,2022-07-02,2023-07-02,1453,Expired,0
TXN-f1dbad5e,C360-100028,Motor Insurance,2023-07-02,2024-07-01,1490,Expired,0
TXN-80124bc8,C360-100028,Motor Insurance,2024-07-01,2025-07-01,1558,Expired,0
TXN-05355ebb,C360-100028,Motor Insurance,2025-07-01,2026-07-01,1528,Active,0
TXN-22d1a641,C360-100029,Motor Insurance,2021-07-02,2022-07-02,477,Expired,0
TXN-5a0676a4,C360-100029,Motor Insurance,2022-07-02,2023-07-02,515,Expired,0
TXN-20756097,C360-100029,Motor Insurance,2023-07-02,2024-07-01,505,Expired,0
TXN-b05b63dd,C360-100029,Motor Insurance,2024-07-01,2025-07-01,543,Expired,0
TXN-ecc6243b,C360-100029,Motor Insurance,2025-07-01,2026-07-01,569,Active,0
TXN-8ffbd1d1,C360-100029,Health Insurance,2021-07-02,2022-07-02,827,Expired,0
TXN-2bdbc722,C360-100029,Health Insurance,2022-07-02,2023-07-02,855,Expired,0
TXN-d08b7d64,C360-100029,Health Insurance,2023-07-02,2024-07-01,867,Expired,0
TXN-305a7f25,C360-100029,Health Insurance,2024-07-01,2025-07-01,911,Expired,1
TXN-35af290d,C360-100029,Health Insurance,2025-07-01,2026-07-01,903,Active,0
TXN-8894aad3,C360-100030,Health Insurance,2021-07-02,2022-07-02,697,Expired,0
TXN-da1f7193,C360-100030,Health Insurance,2022-07-02,2023-07-02,736,Expired,0
TXN-6b0158d5,C360-100030,Health Insurance,2023-07-02,2024-07-01,745,Expired,0
TXN-2e32d5ed,C360-100030,Health Insurance,2024-07-01,2025-07-01,820,Expired,1
TXN-2465cd40,C360-100030,Health Insurance,2025-07-01,2026-07-01,805,Active,0
TXN-9258b38d,C360-100030,Life Insurance,2021-07-02,2022-07-02,810,Expired,1
TXN-df944c7b,C360-100030,Life Insurance,2022-07-02,2023-07-02,837,Expired,0
TXN-0aa1a153,C360-100030,Life Insurance,2023-07-02,2024-07-01,872,Expired,0
TXN-136b56a7,C360-100030,Life Insurance,2024-07-01,2025-07-01,945,Expired,0
TXN-f72f64b4,C360-100030,Life Insurance,2025-07-01,2026-07-01,850,Active,1
TXN-7433ec06,C360-100030,Motor Insurance,2021-07-02,2022-07-02,865,Expired,2
TXN-863f02e1,C360-100030,Motor Insurance,2022-07-02,2023-07-02,915,Expired,0
TXN-efa6a9b0,C360-100030,Motor Insurance,2023-07-02,2024-07-01,925,Expired,0
TXN-23c39f85,C360-100030,Motor Insurance,2024-07-01,2025-07-01,1015,Expired,0
TXN-dcfbffa0,C360-100030,Motor Insurance,2025-07-01,2026-07-01,917,Active,0
TXN-2be8da75,C360-100030,Accidental Insurance,2021-07-02,2022-07-02,321,Expired,0
TXN-f5d1ca6e,C360-100030,Accidental Insurance,2022-07-02,2023-07-02,337,Expired,0
TXN-f2728f16,C360-100030,Accidental Insurance,2023-07-02,2024-07-01,373,Expired,1
TXN-b1c2ddde,C360-100030,Accidental Insurance,2024-07-01,2025-07-01,402,Expired,0
TXN-c9f10e03,C360-100030,Accidental Insurance,2025-07-01,2026-07-01,521,Active,0
TXN-0279e8a3,C360-100031,Motor Insurance,2021-07-02,2022-07-02,1285,Expired,0
TXN-a160fd23,C360-100031,Motor Insurance,2022-07-02,2023-07-02,1322,Expired,0
TXN-1c50d397,C360-100031,Motor Insurance,2023-07-02,2024-07-01,1369,Expired,0
TXN-4b602bbf,C360-100031,Health Insurance,2021-07-02,2022-07-02,915,Expired,0
TXN-7a31dffb,C360-100032,Health Insurance,2021-07-02,2022-07-02,922,Expired,0
TXN-80688f9b,C360-100032,Health Insurance,2022-07-02,2023-07-02,962,Expired,0
TXN-f099be57,C360-100032,Health Insurance,2023-07-02,2024-07-01,970,Expired,1
TXN-c800e536,C360-100032,Health Insurance,2024-07-01,2025-07-01,1009,Expired,1
TXN-259675f6,C360-100032,Health Insurance,2025-07-01,2026-07-01,1102,Active,0
TXN-a00c8442,C360-100032,Life Insurance,2021-07-02,2022-07-02,703,Expired,0
TXN-aac49484,C360-100032,Life Insurance,2022-07-02,2023-07-02,731,Expired,0
TXN-b13e923c,C360-100032,Life Insurance,2023-07-02,2024-07-01,723,Expired,1
TXN-402ec598,C360-100032,Life Insurance,2024-07-01,2025-07-01,853,Expired,0
TXN-1c6ec53b,C360-100032,Life Insurance,2025-07-01,2026-07-01,771,Active,2
TXN-3dfb4a42,C360-100032,Motor Insurance,2021-07-02,2022-07-02,353,Expired,0
TXN-6d26a7d4,C360-100032,Motor Insurance,2022-07-02,2023-07-02,377,Expired,0
TXN-26a9f8d5,C360-100032,Motor Insurance,2023-07-02,2024-07-01,373,Expired,1
TXN-6bac1552,C360-100032,Motor Insurance,2024-07-01,2025-07-01,416,Expired,0
TXN-1ecb69c0,C360-100032,Motor Insurance,2025-07-01,2026-07-01,465,Active,0
TXN-560531e2,C360-100032,Accidental Insurance,2021-07-02,2022-07-02,329,Expired,2
TXN-4a464c68,C360-100032,Accidental Insurance,2022-07-02,2023-07-02,372,Expired,0
TXN-bc8eecd1,C360-100032,Accidental Insurance,2023-07-02,2024-07-01,421,Expired,0
TXN-9963eb9e,C360-100032,Accidental Insurance,2024-07-01,2025-07-01,371,Expired,0
TXN-9395afaf,C360-100032,Accidental Insurance,2025-07-01,2026-07-01,485,Active,0
TXN-90639edb,C360-100033,Motor Insurance,2021-07-02,2022-07-02,343,Expired,0
TXN-b75f77f0,C360-100033,Motor Insurance,2022-07-02,2023-07-02,390,Expired,1
TXN-6f4dd1c4,C360-100033,Motor Insurance,2023-07-02,2024-07-01,373,Expired,1
TXN-58b36c9d,C360-100033,Motor Insurance,2024-07-01,2025-07-01,400,Expired,1
TXN-275931b2,C360-100033,Motor Insurance,2025-07-01,2026-07-01,443,Cancelled,0
TXN-bc0ebe16,C360-100033,Life Insurance,2021-07-02,2022-07-02,1078,Expired,2
TXN-760620fe,C360-100034,Health Insurance,2021-07-02,2022-07-02,348,Expired,1
TXN-f5d9dc26,C360-100034,Health Insurance,2022-07-02,2023-07-02,394,Expired,0
TXN-0b35d55e,C360-100034,Health Insurance,2023-07-02,2024-07-01,416,Expired,1
TXN-576ae56d,C360-100034,Health Insurance,2024-07-01,2025-07-01,426,Expired,0
TXN-9ffed93b,C360-100034,Health Insurance,2025-07-01,2026-07-01,500,Active,0
TXN-e1b2ec9a,C360-100034,Life Insurance,2021-07-02,2022-07-02,1358,Expired,0
TXN-f7934f44,C360-100034,Life Insurance,2022-07-02,2023-07-02,1376,Expired,0
TXN-3133938a,C360-100034,Life Insurance,2023-07-02,2024-07-01,1404,Expired,0
TXN-9a9d4466,C360-100034,Life Insurance,2024-07-01,2025-07-01,1454,Expired,1
TXN-72230675,C360-100034,Life Insurance,2025-07-01,2026-07-01,1506,Active,0
TXN-ab5210be,C360-100034,Motor Insurance,2021-07-02,2022-07-02,1090,Expired,1
TXN-ef4e8a2e,C360-100034,Motor Insurance,2022-07-02,2023-07-02,1130,Expired,0
TXN-8eca53eb,C360-100034,Motor Insurance,2023-07-02,2024-07-01,1120,Expired,0
TXN-121ae869,C360-100034,Motor Insurance,2024-07-01,2025-07-01,1177,Expired,0
TXN-2ce31b3c,C360-100034,Motor Insurance,2025-07-01,2026-07-01,1202,Active,0
TXN-cc464b70,C360-100034,Accidental Insurance,2021-07-02,2022-07-02,307,Expired,0
TXN-03885642,C360-100034,Accidental Insurance,2022-07-02,2023-07-02,330,Expired,0
TXN-5a8d0241,C360-100034,Accidental Insurance,2023-07-02,2024-07-01,375,Expired,0
TXN-b8445589,C360-100034,Accidental Insurance,2024-07-01,2025-07-01,436,Expired,0
TXN-bb1335af,C360-100034,Accidental Insurance,2025-07-01,2026-07-01,411,Active,2
TXN-06c5024e,C360-100035,Health Insurance,2021-07-02,2022-07-02,1026,Expired,1
TXN-0227c9e0,C360-100035,Health Insurance,2022-07-02,2023-07-02,1048,Expired,0
TXN-7fba7717,C360-100035,Health Insurance,2023-07-02,2024-07-01,1084,Expired,0
TXN-54af6d3b,C360-100035,Health Insurance,2024-07-01,2025-07-01,1068,Expired,1
TXN-875e8151,C360-100035,Health Insurance,2025-07-01,2026-07-01,1078,Active,0
TXN-af5d30c3,C360-100035,Life Insurance,2021-07-02,2022-07-02,721,Expired,0
TXN-02c9277b,C360-100035,Life Insurance,2022-07-02,2023-07-02,753,Expired,0
TXN-2f4abb6a,C360-100035,Life Insurance,2023-07-02,2024-07-01,803,Expired,0
TXN-1530cc44,C360-100035,Life Insurance,2024-07-01,2025-07-01,808,Expired,1
TXN-00d488c1,C360-100035,Life Insurance,2025-07-01,2026-07-01,909,Active,0
TXN-8b7f8b4d,C360-100035,Motor Insurance,2021-07-02,2022-07-02,873,Expired,0
TXN-d31b76d8,C360-100035,Motor Insurance,2022-07-02,2023-07-02,889,Expired,1
TXN-f5e2addb,C360-100035,Motor Insurance,2023-07-02,2024-07-01,911,Expired,0
TXN-015854fa,C360-100035,Motor Insurance,2024-07-01,2025-07-01,1017,Expired,0
TXN-1db0fed5,C360-100035,Motor Insurance,2025-07-01,2026-07-01,917,Active,0
TXN-62ac3af6,C360-100035,Accidental Insurance,2021-07-02,2022-07-02,449,Expired,0
TXN-0da7a9b0,C360-100035,Accidental Insurance,2022-07-02,2023-07-02,482,Expired,0
TXN-2e947b71,C360-100035,Accidental Insurance,2023-07-02,2024-07-01,519,Expired,0
TXN-577cf383,C360-100035,Accidental Insurance,2024-07-01,2025-07-01,518,Expired,0
TXN-ecd48747,C360-100035,Accidental Insurance,2025-07-01,2026-07-01,493,Active,0
TXN-086ebfb3,C360-100036,Life Insurance,2021-07-02,2022-07-02,1427,Expired,0
TXN-1976620a,C360-100036,Life Insurance,2022-07-02,2023-07-02,1459,Expired,0
TXN-6c2829cd,C360-100036,Life Insurance,2023-07-02,2024-07-01,1453,Expired,0
TXN-f1e950d7,C360-100036,Life Insurance,2024-07-01,2025-07-01,1460,Expired,0
TXN-7692e985,C360-100036,Life Insurance,2025-07-01,2026-07-01,1467,Active,0
TXN-b41c77d8,C360-100037,Accidental Insurance,2021-07-02,2022-07-02,705,Expired,1
TXN-800fef14,C360-100037,Accidental Insurance,2022-07-02,2023-07-02,736,Expired,0
TXN-0eae3466,C360-100037,Accidental Insurance,2023-07-02,2024-07-01,747,Expired,0
TXN-83036a96,C360-100037,Accidental Insurance,2024-07-01,2025-07-01,795,Expired,0
TXN-d2077320,C360-100037,Accidental Insurance,2025-07-01,2026-07-01,845,Active,0
TXN-54d455b8,C360-100038,Health Insurance,2021-07-02,2022-07-02,334,Expired,0
TXN-61201591,C360-100038,Health Insurance,2022-07-02,2023-07-02,379,Expired,1
TXN-6c982fa8,C360-100038,Health Insurance,2023-07-02,2024-07-01,388,Expired,1
TXN-804530bf,C360-100038,Health Insurance,2024-07-01,2025-07-01,463,Expired,0
TXN-34863b44,C360-100038,Health Insurance,2025-07-01,2026-07-01,478,Active,0
TXN-e0b92883,C360-100038,Life Insurance,2021-07-02,2022-07-02,1097,Expired,1
TXN-916b253f,C360-100038,Life Insurance,2022-07-02,2023-07-02,1113,Expired,1
TXN-4b77ca5a,C360-100038,Life Insurance,2023-07-02,2024-07-01,1163,Expired,2
TXN-6d36ad37,C360-100038,Life Insurance,2024-07-01,2025-07-01,1172,Expired,1
TXN-c21c47d7,C360-100038,Life Insurance,2025-07-01,2026-07-01,1245,Active,0
TXN-c291a2d0,C360-100038,Motor Insurance,2021-07-02,2022-07-02,700,Expired,0
TXN-56fa7588,C360-100038,Motor Insurance,2022-07-02,2023-07-02,744,Expired,0
TXN-ffa24daf,C360-100038,Motor Insurance,2023-07-02,2024-07-01,754,Expired,0
TXN-32a20c64,C360-100038,Motor Insurance,2024-07-01,2025-07-01,790,Expired,1
TXN-c0b014e0,C360-100038,Motor Insurance,2025-07-01,2026-07-01,852,Active,0
TXN-6731888e,C360-100038,Accidental Insurance,2021-07-02,2022-07-02,1047,Expired,0
TXN-06d0e448,C360-100038,Accidental Insurance,2022-07-02,2023-07-02,1092,Expired,0
TXN-773924ac,C360-100038,Accidental Insurance,2023-07-02,2024-07-01,1071,Expired,1
TXN-2740a94b,C360-100038,Accidental Insurance,2024-07-01,2025-07-01,1155,Expired,0
TXN-4dc2a886,C360-100038,Accidental Insurance,2025-07-01,2026-07-01,1103,Active,0
TXN-600786d5,C360-100039,Accidental Insurance,2021-07-02,2022-07-02,1115,Expired,0
TXN-00c22899,C360-100039,Accidental Insurance,2022-07-02,2023-07-02,1126,Expired,0
TXN-137fca03,C360-100039,Accidental Insurance,2023-07-02,2024-07-01,1175,Expired,0
TXN-84aea223,C360-100039,Accidental Insurance,2024-07-01,2025-07-01,1184,Expired,0
TXN-b122c47e,C360-100039,Accidental Insurance,2025-07-01,2026-07-01,1211,Active,0
TXN-10007614,C360-100039,Life Insurance,2021-07-02,2022-07-02,1292,Expired,1
TXN-e2829c85,C360-100039,Life Insurance,2022-07-02,2023-07-02,1319,Expired,0
TXN-08e366da,C360-100039,Life Insurance,2023-07-02,2024-07-01,1314,Expired,0
TXN-90a63ffd,C360-100039,Life Insurance,2024-07-01,2025-07-01,1397,Expired,0
TXN-d16f623e,C360-100039,Life Insurance,2025-07-01,2026-07-01,1436,Active,0
TXN-8c721adc,C360-100040,Health Insurance,2021-07-02,2022-07-02,1174,Expired,1
TXN-6b30fea4,C360-100040,Health Insurance,2022-07-02,2023-07-02,1220,Expired,0
TXN-8622647e,C360-100040,Health Insurance,2023-07-02,2024-07-01,1248,Expired,0
TXN-7a673e86,C360-100040,Health Insurance,2024-07-01,2025-07-01,1228,Expired,0
TXN-c3495bad,C360-100040,Health Insurance,2025-07-01,2026-07-01,1238,Active,0
TXN-b8d7dd92,C360-100040,Life Insurance,2021-07-02,2022-07-02,1154,Expired,0
TXN-6938dc55,C360-100040,Life Insurance,2022-07-02,2023-07-02,1183,Expired,0
TXN-b5e0f620,C360-100040,Life Insurance,2023-07-02,2024-07-01,1234,Expired,1
TXN-43f8a40b,C360-100040,Life Insurance,2024-07-01,2025-07-01,1253,Expired,1
TXN-0fa04ae2,C360-100040,Life Insurance,2025-07-01,2026-07-01,1294,Active,0
TXN-ce86eaf6,C360-100040,Motor Insurance,2021-07-02,2022-07-02,661,Expired,0
TXN-312e5821,C360-100040,Motor Insurance,2022-07-02,2023-07-02,705,Expired,0
TXN-6f7c20f6,C360-100040,Motor Insurance,2023-07-02,2024-07-01,727,Expired,2
TXN-df4d6397,C360-100040,Motor Insurance,2024-07-01,2025-07-01,700,Expired,0
TXN-696fe2e5,C360-100040,Motor Insurance,2025-07-01,2026-07-01,785,Active,0
TXN-e077d38a,C360-100040,Accidental Insurance,2021-07-02,2022-07-02,836,Expired,0
TXN-baaac252,C360-100040,Accidental Insurance,2022-07-02,2023-07-02,863,Expired,2
TXN-13545d2c,C360-100040,Accidental Insurance,2023-07-02,2024-07-01,930,Expired,0
TXN-72c1db63,C360-100040,Accidental Insurance,2024-07-01,2025-07-01,923,Expired,1
TXN-895f0697,C360-100040,Accidental Insurance,2025-07-01,2026-07-01,988,Active,1
TXN-09f692ae,C360-100041,Health Insurance,2021-07-02,2022-07-02,361,Expired,0
TXN-c3b9b14c,C360-100041,Health Insurance,2022-07-02,2023-07-02,388,Expired,0
TXN-d3a0cbfa,C360-100041,Health Insurance,2023-07-02,2024-07-01,387,Expired,0
TXN-a9d71028,C360-100041,Health Insurance,2024-07-01,2025-07-01,499,Expired,0
TXN-62fde710,C360-100041,Health Insurance,2025-07-01,2026-07-01,445,Active,0
TXN-79fd8343,C360-100043,Health Insurance,2021-07-02,2022-07-02,325,Expired,0
TXN-d4da65fe,C360-100043,Health Insurance,2022-07-02,2023-07-02,368,Expired,0
TXN-13660452,C360-100043,Health Insurance,2023-07-02,2024-07-01,367,Expired,0
TXN-679d845c,C360-100043,Health Insurance,2024-07-01,2025-07-01,463,Expired,0
TXN-153306e8,C360-100043,Health Insurance,2025-07-01,2026-07-01,409,Active,0
TXN-cf3ffa98,C360-100043,Life Insurance,2021-07-02,2022-07-02,803,Expired,1
TXN-9a03620a,C360-100043,Life Insurance,2022-07-02,2023-07-02,841,Expired,0
TXN-dbdb3935,C360-100043,Life Insurance,2023-07-02,2024-07-01,837,Expired,0
TXN-3b5836ab,C360-100043,Life Insurance,2024-07-01,2025-07-01,878,Expired,0
TXN-55ce400b,C360-100043,Life Insurance,2025-07-01,2026-07-01,903,Active,0
TXN-f877c1fa,C360-100043,Motor Insurance,2021-07-02,2022-07-02,349,Expired,2
TXN-f6898487,C360-100043,Motor Insurance,2022-07-02,2023-07-02,363,Expired,0
TXN-13ee3d00,C360-100043,Motor Insurance,2023-07-02,2024-07-01,395,Expired,0
TXN-67c42c3c,C360-100043,Motor Insurance,2024-07-01,2025-07-01,481,Expired,0
TXN-efba05f8,C360-100043,Motor Insurance,2025-07-01,2026-07-01,541,Active,0
TXN-a8e5e810,C360-100043,Accidental Insurance,2021-07-02,2022-07-02,846,Expired,0
TXN-798c2337,C360-100043,Accidental Insurance,2022-07-02,2023-07-02,856,Expired,0
TXN-99a42d15,C360-100043,Accidental Insurance,2023-07-02,2024-07-01,892,Expired,0
TXN-f51dc0bb,C360-100043,Accidental Insurance,2024-07-01,2025-07-01,939,Expired,0
TXN-771266f4,C360-100043,Accidental Insurance,2025-07-01,2026-07-01,1030,Active,0
TXN-5cbb25af,C360-100044,Health Insurance,2021-07-02,2022-07-02,889,Expired,1
TXN-6aca7d4a,C360-100044,Health Insurance,2022-07-02,2023-07-02,916,Expired,0
TXN-b7b279ac,C360-100044,Health Insurance,2023-07-02,2024-07-01,957,Expired,1
TXN-0676a553,C360-100044,Health Insurance,2024-07-01,2025-07-01,979,Expired,0
TXN-442c9055,C360-100044,Health Insurance,2025-07-01,2026-07-01,1065,Active,0
TXN-89a60750,C360-100044,Life Insurance,2021-07-02,2022-07-02,507,Expired,0
TXN-9af8949f,C360-100044,Life Insurance,2022-07-02,2023-07-02,529,Expired,1
TXN-871b3ab3,C360-100044,Life Insurance,2023-07-02,2024-07-01,565,Expired,0
TXN-ab58be9d,C360-100044,Life Insurance,2024-07-01,2025-07-01,639,Expired,0
TXN-44cbfdd5,C360-100044,Life Insurance,2025-07-01,2026-07-01,611,Active,2
TXN-a46b7c6d,C360-100044,Motor Insurance,2021-07-02,2022-07-02,472,Expired,0
TXN-47754e8a,C360-100044,Motor Insurance,2022-07-02,2023-07-02,515,Expired,0
TXN-8291f744,C360-100044,Motor Insurance,2023-07-02,2024-07-01,504,Expired,0
TXN-5790a7ad,C360-100044,Motor Insurance,2024-07-01,2025-07-01,511,Expired,0
TXN-c0b5b83a,C360-100044,Motor Insurance,2025-07-01,2026-07-01,516,Active,0
TXN-05fabd2d,C360-100044,Accidental Insurance,2021-07-02,2022-07-02,470,Expired,0
TXN-7e347fbb,C360-100044,Accidental Insurance,2022-07-02,2023-07-02,492,Expired,0
TXN-b7def096,C360-100044,Accidental Insurance,2023-07-02,2024-07-01,492,Expired,0
TXN-fd71edf3,C360-100044,Accidental Insurance,2024-07-01,2025-07-01,611,Expired,0
TXN-a11ddabf,C360-100044,Accidental Insurance,2025-07-01,2026-07-01,542,Active,0
TXN-2ee81a8a,C360-100045,Health Insurance,2021-07-02,2022-07-02,563,Expired,1
TXN-6051245f,C360-100045,Health Insurance,2022-07-02,2023-07-02,584,Expired,0
TXN-c2612314,C360-100045,Health Insurance,2023-07-02,2024-07-01,585,Expired,0
TXN-165da2b8,C360-100045,Health Insurance,2024-07-01,2025-07-01,602,Expired,0
TXN-a31f1383,C360-100045,Health Insurance,2025-07-01,2026-07-01,675,Active,0
TXN-cf14a672,C360-100045,Life Insurance,2021-07-02,2022-07-02,1324,Expired,0
TXN-e09fe308,C360-100045,Life Insurance,2022-07-02,2023-07-02,1358,Expired,1
TXN-a5c6a950,C360-100045,Life Insurance,2023-07-02,2024-07-01,1388,Expired,0
TXN-93a0a27e,C360-100045,Life Insurance,2024-07-01,2025-07-01,1411,Expired,1
TXN-93cd4171,C360-100045,Life Insurance,2025-07-01,2026-07-01,1372,Active,0
TXN-e13df534,C360-100045,Motor Insurance,2021-07-02,2022-07-02,388,Expired,0
TXN-8c006a09,C360-100045,Motor Insurance,2022-07-02,2023-07-02,404,Expired,0
TXN-f844a223,C360-100045,Motor Insurance,2023-07-02,2024-07-01,476,Expired,0
TXN-a41fd642,C360-100045,Motor Insurance,2024-07-01,2025-07-01,445,Expired,0
TXN-807cbbdb,C360-100045,Motor Insurance,2025-07-01,2026-07-01,500,Active,0
TXN-d8a59181,C360-100045,Accidental Insurance,2021-07-02,2022-07-02,644,Expired,0
TXN-fbb4da55,C360-100045,Accidental Insurance,2022-07-02,2023-07-02,674,Expired,0
TXN-1ed6c6b4,C360-100045,Accidental Insurance,2023-07-02,2024-07-01,714,Expired,0
TXN-476d1557,C360-100045,Accidental Insurance,2024-07-01,2025-07-01,710,Expired,0
TXN-da7d8d35,C360-100045,Accidental Insurance,2025-07-01,2026-07-01,704,Active,0
TXN-8c8219a7,C360-100046,Health Insurance,2021-07-02,2022-07-02,542,Expired,0
TXN-5994bb6d,C360-100046,Health Insurance,2022-07-02,2023-07-02,560,Expired,0
TXN-a9a2909d,C360-100046,Health Insurance,2023-07-02,2024-07-01,616,Expired,2
TXN-09e6a908,C360-100046,Life Insurance,2021-07-02,2022-07-02,1285,Expired,0
TXN-ac2e07b2,C360-100046,Life Insurance,2022-07-02,2023-07-02,1335,Expired,0
TXN-48b0ae33,C360-100047,Motor Insurance,2021-07-02,2022-07-02,708,Expired,0
TXN-a5e3a5ad,C360-100047,Motor Insurance,2022-07-02,2023-07-02,740,Expired,1
TXN-a38fd309,C360-100047,Motor Insurance,2023-07-02,2024-07-01,754,Expired,1
TXN-843d7afd,C360-100047,Motor Insurance,2024-07-01,2025-07-01,795,Expired,0
TXN-12072e48,C360-100047,Motor Insurance,2025-07-01,2026-07-01,760,Active,0
TXN-3f49bef2,C360-100047,Accidental Insurance,2021-07-02,2022-07-02,520,Expired,0
TXN-a2563275,C360-100047,Accidental Insurance,2022-07-02,2023-07-02,555,Expired,0
TXN-0d667d8e,C360-100047,Accidental Insurance,2023-07-02,2024-07-01,560,Expired,0
TXN-68a16317,C360-100047,Accidental Insurance,2024-07-01,2025-07-01,583,Expired,1
TXN-dcdecc93,C360-100047,Accidental Insurance,2025-07-01,2026-07-01,676,Active,0
TXN-64d1763d,C360-100048,Health Insurance,2021-07-02,2022-07-02,368,Expired,0
TXN-d0ce3926,C360-100048,Health Insurance,2022-07-02,2023-07-02,387,Expired,0
TXN-8979a138,C360-100048,Health Insurance,2023-07-02,2024-07-01,422,Expired,2
TXN-81428d03,C360-100048,Health Insurance,2024-07-01,2025-07-01,446,Expired,1
TXN-f642954d,C360-100048,Health Insurance,2025-07-01,2026-07-01,416,Active,0
TXN-fddd7177,C360-100048,Life Insurance,2021-07-02,2022-07-02,643,Expired,0
TXN-0b647d11,C360-100048,Life Insurance,2022-07-02,2023-07-02,665,Expired,0
TXN-f68372ba,C360-100049,Life Insurance,2021-07-02,2022-07-02,1016,Expired,0
TXN-89fbd936,C360-100049,Life Insurance,2022-07-02,2023-07-02,1043,Expired,0
TXN-4f5f0c82,C360-100049,Life Insurance,2023-07-02,2024-07-01,1060,Expired,0
TXN-f628af3a,C360-100049,Life Insurance,2024-07-01,2025-07-01,1157,Expired,0
TXN-ea9754f0,C360-100049,Life Insurance,2025-07-01,2026-07-01,1128,Active,0
TXN-ab882fd0,C360-100049,Motor Insurance,2021-07-02,2022-07-02,425,Expired,0
TXN-decbc756,C360-100049,Motor Insurance,2022-07-02,2023-07-02,470,Expired,0
TXN-fbf6e40c,C360-100049,Motor Insurance,2023-07-02,2024-07-01,495,Expired,1
TXN-f2cccd14,C360-100049,Motor Insurance,2024-07-01,2025-07-01,515,Expired,0
TXN-2193630c,C360-100049,Motor Insurance,2025-07-01,2026-07-01,505,Active,0
TXN-78f0b738,C360-100050,Life Insurance,2021-07-02,2022-07-02,1387,Expired,1
TXN-f34d7b54,C360-100051,Health Insurance,2021-07-02,2022-07-02,511,Expired,0
TXN-aa3bb1ea,C360-100051,Health Insurance,2022-07-02,2023-07-02,532,Expired,0
TXN-89d3d640,C360-100051,Health Insurance,2023-07-02,2024-07-01,599,Expired,0
TXN-26391a71,C360-100051,Health Insurance,2024-07-01,2025-07-01,574,Expired,2
TXN-56d2238f,C360-100051,Health Insurance,2025-07-01,2026-07-01,583,Active,0
TXN-9725eee4,C360-100051,Life Insurance,2021-07-02,2022-07-02,829,Expired,0
TXN-d368c74f,C360-100051,Life Insurance,2022-07-02,2023-07-02,863,Expired,0
TXN-aad47b4e,C360-100051,Life Insurance,2023-07-02,2024-07-01,927,Expired,2
TXN-2596d18c,C360-100051,Life Insurance,2024-07-01,2025-07-01,874,Expired,0
TXN-56caece5,C360-100051,Life Insurance,2025-07-01,2026-07-01,969,Active,2
TXN-6889d847,C360-100051,Motor Insurance,2021-07-02,2022-07-02,1246,Expired,0
TXN-9371138e,C360-100051,Motor Insurance,2022-07-02,2023-07-02,1268,Expired,0
TXN-2136b83c,C360-100051,Motor Insurance,2023-07-02,2024-07-01,1302,Expired,0
TXN-d4017bf0,C360-100051,Motor Insurance,2024-07-01,2025-07-01,1294,Expired,0
TXN-c3582540,C360-100051,Motor Insurance,2025-07-01,2026-07-01,1370,Active,0
TXN-f0ecc849,C360-100051,Accidental Insurance,2021-07-02,2022-07-02,1198,Expired,0
TXN-772833c2,C360-100051,Accidental Insurance,2022-07-02,2023-07-02,1220,Expired,0
TXN-990fcf61,C360-100051,Accidental Insurance,2023-07-02,2024-07-01,1294,Expired,0
TXN-78427f9b,C360-100051,Accidental Insurance,2024-07-01,2025-07-01,1234,Expired,0
TXN-a5b3c3a7,C360-100051,Accidental Insurance,2025-07-01,2026-07-01,1358,Active,0
TXN-2000c921,C360-100052,Accidental Insurance,2021-07-02,2022-07-02,1179,Expired,0
TXN-72bc120f,C360-100052,Accidental Insurance,2022-07-02,2023-07-02,1217,Expired,0
TXN-2d753e26,C360-100052,Accidental Insurance,2023-07-02,2024-07-01,1251,Expired,0
TXN-7ad80440,C360-100052,Accidental Insurance,2024-07-01,2025-07-01,1224,Expired,0
TXN-291027bd,C360-100052,Accidental Insurance,2025-07-01,2026-07-01,1363,Active,0
TXN-0a8b6acd,C360-100053,Motor Insurance,2021-07-02,2022-07-02,524,Expired,0
TXN-88e06274,C360-100053,Motor Insurance,2022-07-02,2023-07-02,563,Expired,1
TXN-eec37981,C360-100053,Motor Insurance,2023-07-02,2024-07-01,564,Expired,0
TXN-11510a68,C360-100053,Motor Insurance,2024-07-01,2025-07-01,623,Expired,0
TXN-09ee7152,C360-100053,Motor Insurance,2025-07-01,2026-07-01,592,Active,0
TXN-e4d07cfe,C360-100053,Health Insurance,2021-07-02,2022-07-02,1091,Expired,0
TXN-18b750cf,C360-100053,Health Insurance,2022-07-02,2023-07-02,1113,Expired,1
TXN-d3423d37,C360-100053,Health Insurance,2023-07-02,2024-07-01,1123,Expired,2
TXN-f572d899,C360-100053,Health Insurance,2024-07-01,2025-07-01,1226,Expired,0
TXN-e3b50e2c,C360-100053,Health Insurance,2025-07-01,2026-07-01,1131,Active,0
TXN-bf5742d8,C360-100054,Health Insurance,2021-07-02,2022-07-02,1484,Expired,0
TXN-2f917a78,C360-100054,Health Insurance,2022-07-02,2023-07-02,1533,Expired,0
TXN-596457e5,C360-100054,Health Insurance,2023-07-02,2024-07-01,1506,Expired,0
TXN-cb6e50ec,C360-100054,Health Insurance,2024-07-01,2025-07-01,1544,Expired,0
TXN-e6a9f59b,C360-100054,Health Insurance,2025-07-01,2026-07-01,1616,Cancelled,2
TXN-16eac4f6,C360-100054,Motor Insurance,2021-07-02,2022-07-02,1398,Expired,0
TXN-03f66fd4,C360-100054,Motor Insurance,2022-07-02,2023-07-02,1444,Expired,1
TXN-f6921fdf,C360-100054,Motor Insurance,2023-07-02,2024-07-01,1496,Expired,0
TXN-9d76dcce,C360-100054,Motor Insurance,2024-07-01,2025-07-01,1428,Expired,0
TXN-095818ae,C360-100054,Motor Insurance,2025-07-01,2026-07-01,1450,Active,0
TXN-40b1dfdf,C360-100054,Accidental Insurance,2021-07-02,2022-07-02,1184,Expired,0
TXN-2789e246,C360-100054,Accidental Insurance,2022-07-02,2023-07-02,1208,Expired,0
TXN-a22d4770,C360-100055,Accidental Insurance,2021-07-02,2022-07-02,584,Expired,0
TXN-526c75e1,C360-100055,Accidental Insurance,2022-07-02,2023-07-02,609,Expired,0
TXN-98b8e213,C360-100055,Accidental Insurance,2023-07-02,2024-07-01,628,Expired,1
TXN-3777ffd4,C360-100055,Accidental Insurance,2024-07-01,2025-07-01,677,Expired,0
TXN-e08f49f3,C360-100055,Accidental Insurance,2025-07-01,2026-07-01,764,Active,1
TXN-615dd053,C360-100056,Health Insurance,2021-07-02,2022-07-02,667,Expired,0
TXN-81e96555,C360-100056,Health Insurance,2022-07-02,2023-07-02,707,Expired,0
TXN-ee851367,C360-100056,Health Insurance,2023-07-02,2024-07-01,735,Expired,1
TXN-aecf0127,C360-100056,Motor Insurance,2021-07-02,2022-07-02,1001,Expired,0
TXN-fa3eaff9,C360-100056,Motor Insurance,2022-07-02,2023-07-02,1017,Expired,0
TXN-36cb351d,C360-100056,Motor Insurance,2023-07-02,2024-07-01,1059,Expired,0
TXN-43c271e9,C360-100056,Motor Insurance,2024-07-01,2025-07-01,1058,Expired,0
TXN-06558c5f,C360-100056,Motor Insurance,2025-07-01,2026-07-01,1193,Cancelled,0
TXN-01afda96,C360-100057,Health Insurance,2021-07-02,2022-07-02,1386,Expired,0
TXN-2cfd54b7,C360-100057,Health Insurance,2022-07-02,2023-07-02,1428,Expired,0
TXN-b71d0e4c,C360-100057,Health Insurance,2023-07-02,2024-07-01,1418,Expired,1
TXN-50aefd9c,C360-100057,Health Insurance,2024-07-01,2025-07-01,1476,Expired,0
TXN-b6e020bd,C360-100057,Health Insurance,2025-07-01,2026-07-01,1434,Active,0
TXN-f0fbd8c7,C360-100057,Accidental Insurance,2021-07-02,2022-07-02,879,Expired,0
TXN-122043d7,C360-100057,Accidental Insurance,2022-07-02,2023-07-02,896,Expired,0
TXN-a96c17bd,C360-100057,Accidental Insurance,2023-07-02,2024-07-01,949,Expired,0
TXN-9bbb95ef,C360-100057,Accidental Insurance,2024-07-01,2025-07-01,996,Expired,1
TXN-2330af6e,C360-100057,Accidental Insurance,2025-07-01,2026-07-01,1035,Active,0
TXN-a4f828b5,C360-100058,Health Insurance,2021-07-02,2022-07-02,608,Expired,0
TXN-9d3a01e7,C360-100058,Health Insurance,2022-07-02,2023-07-02,643,Expired,0
TXN-b1dfaf2a,C360-100058,Health Insurance,2023-07-02,2024-07-01,702,Expired,0
TXN-66545034,C360-100058,Health Insurance,2024-07-01,2025-07-01,698,Expired,0
TXN-72b5422a,C360-100058,Health Insurance,2025-07-01,2026-07-01,756,Active,0
TXN-db605b3a,C360-100058,Life Insurance,2021-07-02,2022-07-02,455,Expired,0
TXN-62249ea6,C360-100058,Life Insurance,2022-07-02,2023-07-02,466,Expired,0
TXN-7ae5f473,C360-100058,Life Insurance,2023-07-02,2024-07-01,519,Expired,0
TXN-8cd75216,C360-100058,Life Insurance,2024-07-01,2025-07-01,563,Expired,1
TXN-eb30acdb,C360-100058,Life Insurance,2025-07-01,2026-07-01,635,Active,0
TXN-d1f44a7a,C360-100059,Motor Insurance,2021-07-02,2022-07-02,1100,Expired,0
TXN-7a21ff0c,C360-100059,Motor Insurance,2022-07-02,2023-07-02,1113,Expired,0
TXN-143cbe79,C360-100059,Motor Insurance,2023-07-02,2024-07-01,1194,Expired,1
TXN-fd9ea788,C360-100059,Motor Insurance,2024-07-01,2025-07-01,1190,Expired,1
TXN-10332a6e,C360-100059,Motor Insurance,2025-07-01,2026-07-01,1148,Active,0
TXN-59d21748,C360-100059,Life Insurance,2021-07-02,2022-07-02,554,Expired,0
TXN-0195fab9,C360-100059,Life Insurance,2022-07-02,2023-07-02,586,Expired,0
TXN-83e5c493,C360-100059,Life Insurance,2023-07-02,2024-07-01,598,Expired,0
TXN-c6ca750b,C360-100059,Life Insurance,2024-07-01,2025-07-01,590,Expired,0
TXN-515d7aa1,C360-100059,Life Insurance,2025-07-01,2026-07-01,682,Active,0
TXN-a5f9384a,C360-100060,Accidental Insurance,2021-07-02,2022-07-02,897,Expired,0
TXN-adbbe73e,C360-100060,Accidental Insurance,2022-07-02,2023-07-02,919,Expired,0
TXN-0cc8f0c4,C360-100060,Accidental Insurance,2023-07-02,2024-07-01,935,Expired,0
TXN-ab1de281,C360-100060,Accidental Insurance,2024-07-01,2025-07-01,954,Expired,0
TXN-45b1a031,C360-100060,Accidental Insurance,2025-07-01,2026-07-01,1085,Active,0
TXN-5681598b,C360-100062,Accidental Insurance,2021-07-02,2022-07-02,653,Expired,0
TXN-4d1f4526,C360-100062,Accidental Insurance,2022-07-02,2023-07-02,670,Expired,1
TXN-8485963b,C360-100062,Accidental Insurance,2023-07-02,2024-07-01,703,Expired,0
TXN-53c7826f,C360-100062,Life Insurance,2021-07-02,2022-07-02,459,Expired,1
TXN-72315b72,C360-100062,Life Insurance,2022-07-02,2023-07-02,493,Expired,0
TXN-7204586b,C360-100062,Life Insurance,2023-07-02,2024-07-01,479,Expired,0
TXN-77874a95,C360-100062,Life Insurance,2024-07-01,2025-07-01,540,Expired,0
TXN-3be8556d,C360-100062,Life Insurance,2025-07-01,2026-07-01,499,Cancelled,0
TXN-8cadca93,C360-100063,Life Insurance,2021-07-02,2022-07-02,444,Expired,0
TXN-e38102b4,C360-100063,Life Insurance,2022-07-02,2023-07-02,467,Expired,0
TXN-47763644,C360-100063,Life Insurance,2023-07-02,2024-07-01,468,Expired,0
TXN-acccc967,C360-100063,Life Insurance,2024-07-01,2025-07-01,480,Expired,1
TXN-2543bcac,C360-100063,Life Insurance,2025-07-01,2026-07-01,492,Active,2
TXN-aeaf11c9,C360-100063,Accidental Insurance,2021-07-02,2022-07-02,487,Expired,0
TXN-42b22483,C360-100063,Accidental Insurance,2022-07-02,2023-07-02,518,Expired,0
TXN-f7d76da3,C360-100063,Accidental Insurance,2023-07-02,2024-07-01,539,Expired,0
TXN-f116a920,C360-100063,Accidental Insurance,2024-07-01,2025-07-01,622,Expired,0
TXN-5151f96c,C360-100063,Accidental Insurance,2025-07-01,2026-07-01,603,Active,0
TXN-7b37405b,C360-100064,Motor Insurance,2021-07-02,2022-07-02,669,Expired,0
TXN-fda735a1,C360-100064,Motor Insurance,2022-07-02,2023-07-02,685,Expired,0
TXN-9c57dccf,C360-100064,Motor Insurance,2023-07-02,2024-07-01,733,Expired,2
TXN-acafa75c,C360-100064,Motor Insurance,2024-07-01,2025-07-01,723,Expired,1
TXN-225455b9,C360-100064,Motor Insurance,2025-07-01,2026-07-01,821,Active,2
TXN-9c4c07fd,C360-100065,Accidental Insurance,2021-07-02,2022-07-02,977,Expired,2
TXN-d2064aba,C360-100065,Accidental Insurance,2022-07-02,2023-07-02,1009,Expired,0
TXN-09524861,C360-100065,Accidental Insurance,2023-07-02,2024-07-01,1055,Expired,0
TXN-61ceb3de,C360-100065,Accidental Insurance,2024-07-01,2025-07-01,1118,Expired,0
TXN-ac470a68,C360-100065,Accidental Insurance,2025-07-01,2026-07-01,1033,Active,0
TXN-7da42f15,C360-100066,Accidental Insurance,2021-07-02,2022-07-02,1186,Expired,0
TXN-aa01e0a1,C360-100066,Accidental Insurance,2022-07-02,2023-07-02,1227,Expired,0
TXN-a06860dc,C360-100066,Accidental Insurance,2023-07-02,2024-07-01,1208,Expired,0
TXN-bc200ff0,C360-100066,Accidental Insurance,2024-07-01,2025-07-01,1279,Expired,0
TXN-edf551dc,C360-100066,Accidental Insurance,2025-07-01,2026-07-01,1270,Active,0
TXN-cab8c5f0,C360-100066,Health Insurance,2021-07-02,2022-07-02,368,Expired,0
TXN-c6a697f9,C360-100066,Health Insurance,2022-07-02,2023-07-02,394,Expired,0
TXN-dfe378b0,C360-100066,Health Insurance,2023-07-02,2024-07-01,402,Expired,0
TXN-216f348e,C360-100066,Health Insurance,2024-07-01,2025-07-01,482,Expired,0
TXN-ae303110,C360-100066,Health Insurance,2025-07-01,2026-07-01,472,Active,0
TXN-8c0d7fab,C360-100067,Motor Insurance,2021-07-02,2022-07-02,1397,Expired,0
TXN-b70a9984,C360-100067,Motor Insurance,2022-07-02,2023-07-02,1447,Expired,0
TXN-b218c5ef,C360-100068,Health Insurance,2021-07-02,2022-07-02,1065,Expired,1
TXN-39f671a2,C360-100068,Health Insurance,2022-07-02,2023-07-02,1084,Expired,1
TXN-ac5c532c,C360-100068,Health Insurance,2023-07-02,2024-07-01,1099,Expired,0
TXN-ec4aa402,C360-100068,Health Insurance,2024-07-01,2025-07-01,1137,Expired,1
TXN-285018cd,C360-100068,Health Insurance,2025-07-01,2026-07-01,1125,Active,1
TXN-90339e24,C360-100068,Life Insurance,2021-07-02,2022-07-02,438,Expired,1
TXN-941c4871,C360-100068,Life Insurance,2022-07-02,2023-07-02,477,Expired,0
TXN-7e21243b,C360-100068,Life Insurance,2023-07-02,2024-07-01,480,Expired,0
TXN-6bccd204,C360-100068,Life Insurance,2024-07-01,2025-07-01,522,Expired,0
TXN-bc7563c1,C360-100068,Life Insurance,2025-07-01,2026-07-01,610,Active,0
TXN-ecb3dd9f,C360-100068,Motor Insurance,2021-07-02,2022-07-02,352,Expired,2
TXN-95323329,C360-100068,Motor Insurance,2022-07-02,2023-07-02,385,Expired,0
TXN-a15a092a,C360-100068,Motor Insurance,2023-07-02,2024-07-01,448,Expired,0
TXN-76631cb1,C360-100068,Motor Insurance,2024-07-01,2025-07-01,478,Expired,0
TXN-c70f7901,C360-100068,Motor Insurance,2025-07-01,2026-07-01,552,Active,1
TXN-cede4ce7,C360-100068,Accidental Insurance,2021-07-02,2022-07-02,706,Expired,0
TXN-2ca3e0f2,C360-100068,Accidental Insurance,2022-07-02,2023-07-02,755,Expired,0
TXN-3bbf967c,C360-100068,Accidental Insurance,2023-07-02,2024-07-01,770,Expired,1
TXN-202c4551,C360-100068,Accidental Insurance,2024-07-01,2025-07-01,790,Expired,0
TXN-5fbacc6e,C360-100068,Accidental Insurance,2025-07-01,2026-07-01,806,Active,0
TXN-9ee8520c,C360-100069,Health Insurance,2021-07-02,2022-07-02,1086,Expired,1
TXN-ed886aa9,C360-100069,Health Insurance,2022-07-02,2023-07-02,1111,Expired,0
TXN-f55260af,C360-100069,Health Insurance,2023-07-02,2024-07-01,1122,Expired,0
TXN-d78b6908,C360-100069,Health Insurance,2024-07-01,2025-07-01,1203,Expired,0
TXN-11458fcc,C360-100069,Health Insurance,2025-07-01,2026-07-01,1142,Cancelled,1
TXN-20f2aff9,C360-100070,Health Insurance,2021-07-02,2022-07-02,431,Expired,0
TXN-c43f2aa1,C360-100070,Health Insurance,2022-07-02,2023-07-02,460,Expired,0
TXN-7170be7e,C360-100070,Health Insurance,2023-07-02,2024-07-01,529,Expired,1
TXN-b8308c82,C360-100070,Health Insurance,2024-07-01,2025-07-01,551,Expired,0
TXN-e6ff7438,C360-100070,Health Insurance,2025-07-01,2026-07-01,559,Active,2
TXN-b2972975,C360-100070,Life Insurance,2021-07-02,2022-07-02,331,Expired,0
TXN-be51c5c3,C360-100070,Life Insurance,2022-07-02,2023-07-02,360,Expired,0
TXN-1fa1c089,C360-100070,Life Insurance,2023-07-02,2024-07-01,397,Expired,0
TXN-b76b0065,C360-100070,Life Insurance,2024-07-01,2025-07-01,376,Expired,0
TXN-83d2ce1c,C360-100070,Life Insurance,2025-07-01,2026-07-01,383,Active,1
TXN-429439f4,C360-100071,Motor Insurance,2021-07-02,2022-07-02,1101,Expired,1
TXN-1ccb945f,C360-100071,Motor Insurance,2022-07-02,2023-07-02,1123,Expired,0
TXN-bd87becf,C360-100071,Motor Insurance,2023-07-02,2024-07-01,1123,Expired,0
TXN-a37e9f6a,C360-100071,Motor Insurance,2024-07-01,2025-07-01,1149,Expired,0
TXN-258625c3,C360-100071,Motor Insurance,2025-07-01,2026-07-01,1185,Active,0
TXN-a6c0479b,C360-100071,Health Insurance,2021-07-02,2022-07-02,957,Expired,0
TXN-c9e241c9,C360-100071,Health Insurance,2022-07-02,2023-07-02,980,Expired,0
TXN-031fdf29,C360-100071,Health Insurance,2023-07-02,2024-07-01,993,Expired,0
TXN-7f3facc3,C360-100071,Health Insurance,2024-07-01,2025-07-01,1038,Expired,0
TXN-2d48518e,C360-100071,Health Insurance,2025-07-01,2026-07-01,1137,Active,0
TXN-967e4681,C360-100072,Health Insurance,2021-07-02,2022-07-02,935,Expired,0
TXN-093c57b8,C360-100072,Health Insurance,2022-07-02,2023-07-02,965,Expired,0
TXN-944b69d5,C360-100072,Health Insurance,2023-07-02,2024-07-01,975,Expired,0
TXN-bc340117,C360-100072,Health Insurance,2024-07-01,2025-07-01,995,Expired,0
TXN-a63ffd10,C360-100072,Health Insurance,2025-07-01,2026-07-01,1035,Active,0
TXN-ee0047a3,C360-100072,Life Insurance,2021-07-02,2022-07-02,1071,Expired,0
TXN-48a13f8a,C360-100072,Life Insurance,2022-07-02,2023-07-02,1109,Expired,0
TXN-2e205941,C360-100072,Life Insurance,2023-07-02,2024-07-01,1143,Expired,1
TXN-1404d753,C360-100072,Life Insurance,2024-07-01,2025-07-01,1221,Expired,1
TXN-fe8496ae,C360-100072,Life Insurance,2025-07-01,2026-07-01,1219,Cancelled,0
TXN-054de752,C360-100072,Motor Insurance,2021-07-02,2022-07-02,1129,Expired,0
TXN-e1477280,C360-100072,Motor Insurance,2022-07-02,2023-07-02,1175,Expired,0
TXN-13780bc4,C360-100072,Motor Insurance,2023-07-02,2024-07-01,1203,Expired,2
TXN-6b9751bd,C360-100072,Motor Insurance,2024-07-01,2025-07-01,1243,Expired,1
TXN-9ab859db,C360-100072,Motor Insurance,2025-07-01,2026-07-01,1317,Active,0
TXN-ea6367a5,C360-100072,Accidental Insurance,2021-07-02,2022-07-02,1184,Expired,0
TXN-2f8f113e,C360-100072,Accidental Insurance,2022-07-02,2023-07-02,1225,Expired,0
TXN-37c4aa6e,C360-100073,Health Insurance,2021-07-02,2022-07-02,1420,Expired,0
TXN-afca072c,C360-100073,Health Insurance,2022-07-02,2023-07-02,1470,Expired,1
TXN-c1c9f3b3,C360-100073,Health Insurance,2023-07-02,2024-07-01,1470,Expired,1
TXN-e6d44e44,C360-100073,Health Insurance,2024-07-01,2025-07-01,1543,Expired,0
TXN-74d19597,C360-100073,Health Insurance,2025-07-01,2026-07-01,1592,Active,0
TXN-9508d9cd,C360-100073,Life Insurance,2021-07-02,2022-07-02,595,Expired,0
TXN-4272ce27,C360-100073,Life Insurance,2022-07-02,2023-07-02,642,Expired,1
TXN-7d867ea5,C360-100073,Life Insurance,2023-07-02,2024-07-01,689,Expired,0
TXN-d583c077,C360-100073,Life Insurance,2024-07-01,2025-07-01,721,Expired,0
TXN-764bbfb2,C360-100073,Life Insurance,2025-07-01,2026-07-01,787,Active,0
TXN-54c7aa06,C360-100073,Motor Insurance,2021-07-02,2022-07-02,397,Expired,0
TXN-34674cf3,C360-100073,Motor Insurance,2022-07-02,2023-07-02,431,Expired,0
TXN-f45edc9c,C360-100073,Motor Insurance,2023-07-02,2024-07-01,465,Expired,0
TXN-a4162291,C360-100073,Motor Insurance,2024-07-01,2025-07-01,481,Expired,0
TXN-67a0b059,C360-100073,Motor Insurance,2025-07-01,2026-07-01,457,Active,1
TXN-5de01c30,C360-100073,Accidental Insurance,2021-07-02,2022-07-02,679,Expired,2
TXN-148fe731,C360-100073,Accidental Insurance,2022-07-02,2023-07-02,697,Expired,1
TXN-eb391df0,C360-100073,Accidental Insurance,2023-07-02,2024-07-01,725,Expired,0
TXN-99c35ad6,C360-100073,Accidental Insurance,2024-07-01,2025-07-01,829,Expired,0
TXN-16f5fc8a,C360-100073,Accidental Insurance,2025-07-01,2026-07-01,867,Active,0
TXN-c7a7363d,C360-100074,Motor Insurance,2021-07-02,2022-07-02,1107,Expired,0
TXN-77af2ba6,C360-100074,Motor Insurance,2022-07-02,2023-07-02,1127,Expired,0
TXN-f0645391,C360-100074,Motor Insurance,2023-07-02,2024-07-01,1189,Expired,1
TXN-97f33845,C360-100075,Motor Insurance,2021-07-02,2022-07-02,1047,Expired,0
TXN-9b82f7cd,C360-100075,Motor Insurance,2022-07-02,2023-07-02,1072,Expired,0
TXN-f9de63ff,C360-100075,Motor Insurance,2023-07-02,2024-07-01,1131,Expired,1
TXN-10ff6f72,C360-100075,Motor Insurance,2024-07-01,2025-07-01,1176,Expired,0
TXN-e0bfaf6d,C360-100075,Motor Insurance,2025-07-01,2026-07-01,1135,Active,1
TXN-98bd0e8e,C360-100075,Life Insurance,2021-07-02,2022-07-02,493,Expired,1
TXN-a9c0c238,C360-100075,Life Insurance,2022-07-02,2023-07-02,533,Expired,0
TXN-3ec072e8,C360-100075,Life Insurance,2023-07-02,2024-07-01,557,Expired,0
TXN-914fe09e,C360-100075,Life Insurance,2024-07-01,2025-07-01,643,Expired,0
TXN-0370a446,C360-100075,Life Insurance,2025-07-01,2026-07-01,573,Active,0
TXN-f1170e64,C360-100076,Health Insurance,2021-07-02,2022-07-02,1037,Expired,0
TXN-1efd8d53,C360-100076,Health Insurance,2022-07-02,2023-07-02,1055,Expired,0
TXN-ac901c51,C360-100076,Health Insurance,2023-07-02,2024-07-01,1101,Expired,0
TXN-7cca4823,C360-100076,Health Insurance,2024-07-01,2025-07-01,1070,Expired,0
TXN-5fb7991e,C360-100076,Health Insurance,2025-07-01,2026-07-01,1109,Cancelled,0
TXN-c6a21d0d,C360-100076,Life Insurance,2021-07-02,2022-07-02,1064,Expired,0
TXN-f8a316f8,C360-100076,Life Insurance,2022-07-02,2023-07-02,1097,Expired,0
TXN-84c984f9,C360-100076,Motor Insurance,2021-07-02,2022-07-02,1019,Expired,0
TXN-c4ea0bac,C360-100076,Motor Insurance,2022-07-02,2023-07-02,1048,Expired,0
TXN-b2ffdb51,C360-100076,Motor Insurance,2023-07-02,2024-07-01,1077,Expired,0
TXN-bcfad5aa,C360-100076,Motor Insurance,2024-07-01,2025-07-01,1166,Expired,0
TXN-c1fdef3c,C360-100076,Motor Insurance,2025-07-01,2026-07-01,1115,Cancelled,0
TXN-d6532b11,C360-100076,Accidental Insurance,2021-07-02,2022-07-02,657,Expired,1
TXN-266b4e0c,C360-100076,Accidental Insurance,2022-07-02,2023-07-02,703,Expired,1
TXN-ca6e9705,C360-100076,Accidental Insurance,2023-07-02,2024-07-01,721,Expired,0
TXN-c53e01e0,C360-100076,Accidental Insurance,2024-07-01,2025-07-01,693,Expired,0
TXN-8af15520,C360-100076,Accidental Insurance,2025-07-01,2026-07-01,841,Active,0
TXN-d5a13ac0,C360-100077,Life Insurance,2021-07-02,2022-07-02,1085,Expired,1
TXN-0719ff87,C360-100077,Life Insurance,2022-07-02,2023-07-02,1109,Expired,0
TXN-b733eaa4,C360-100077,Life Insurance,2023-07-02,2024-07-01,1181,Expired,0
TXN-8969c215,C360-100077,Life Insurance,2024-07-01,2025-07-01,1118,Expired,0
TXN-cfb506df,C360-100077,Life Insurance,2025-07-01,2026-07-01,1261,Active,0
TXN-74378a91,C360-100078,Health Insurance,2021-07-02,2022-07-02,703,Expired,0
TXN-94a6d6c7,C360-100078,Health Insurance,2022-07-02,2023-07-02,723,Expired,0
TXN-4d25d578,C360-100078,Health Insurance,2023-07-02,2024-07-01,733,Expired,0
TXN-8f0380ee,C360-100078,Health Insurance,2024-07-01,2025-07-01,739,Expired,0
TXN-604b9ac0,C360-100078,Health Insurance,2025-07-01,2026-07-01,891,Active,1
TXN-7b137509,C360-100078,Life Insurance,2021-07-02,2022-07-02,415,Expired,0
TXN-5685ea57,C360-100078,Life Insurance,2022-07-02,2023-07-02,440,Expired,0
TXN-13807b63,C360-100078,Life Insurance,2023-07-02,2024-07-01,457,Expired,0
TXN-f426c339,C360-100078,Life Insurance,2024-07-01,2025-07-01,502,Expired,0
TXN-3970fc4a,C360-100078,Life Insurance,2025-07-01,2026-07-01,571,Active,0
TXN-82c17043,C360-100078,Motor Insurance,2021-07-02,2022-07-02,730,Expired,0
TXN-8aa9e4ab,C360-100078,Motor Insurance,2022-07-02,2023-07-02,751,Expired,0
TXN-d092a12f,C360-100078,Motor Insurance,2023-07-02,2024-07-01,790,Expired,0
TXN-326ea5f9,C360-100078,Motor Insurance,2024-07-01,2025-07-01,823,Expired,0
TXN-dd43aa57,C360-100078,Motor Insurance,2025-07-01,2026-07-01,854,Active,0
TXN-03d8ad09,C360-100078,Accidental Insurance,2021-07-02,2022-07-02,665,Expired,0
TXN-e0c9ac56,C360-100078,Accidental Insurance,2022-07-02,2023-07-02,713,Expired,1
TXN-f1ff84c9,C360-100078,Accidental Insurance,2023-07-02,2024-07-01,751,Expired,0
TXN-b636c3df,C360-100078,Accidental Insurance,2024-07-01,2025-07-01,812,Expired,0
TXN-7fa4368c,C360-100078,Accidental Insurance,2025-07-01,2026-07-01,825,Active,1
TXN-a0c812d7,C360-100080,Accidental Insurance,2021-07-02,2022-07-02,1160,Expired,0
TXN-13f06879,C360-100080,Accidental Insurance,2022-07-02,2023-07-02,1204,Expired,0
TXN-cec889bd,C360-100080,Accidental Insurance,2023-07-02,2024-07-01,1228,Expired,0
TXN-e6eacb23,C360-100080,Accidental Insurance,2024-07-01,2025-07-01,1244,Expired,0
TXN-8146a765,C360-100080,Accidental Insurance,2025-07-01,2026-07-01,1356,Active,0
TXN-31f4a683,C360-100080,Health Insurance,2021-07-02,2022-07-02,1143,Expired,0
TXN-a4c17782,C360-100080,Health Insurance,2022-07-02,2023-07-02,1183,Expired,0
TXN-5927db4c,C360-100080,Health Insurance,2023-07-02,2024-07-01,1219,Expired,0
TXN-75ffb4bb,C360-100080,Health Insurance,2024-07-01,2025-07-01,1215,Expired,1
TXN-4189b42d,C360-100080,Health Insurance,2025-07-01,2026-07-01,1267,Active,0
TXN-abd950a4,C360-100081,Accidental Insurance,2021-07-02,2022-07-02,312,Expired,1
TXN-1d7f3322,C360-100081,Accidental Insurance,2022-07-02,2023-07-02,333,Expired,1
TXN-61bc17fe,C360-100081,Accidental Insurance,2023-07-02,2024-07-01,412,Expired,0
TXN-056f15df,C360-100081,Accidental Insurance,2024-07-01,2025-07-01,444,Expired,0
TXN-967e6465,C360-100081,Accidental Insurance,2025-07-01,2026-07-01,376,Cancelled,0
TXN-b48a7264,C360-100082,Health Insurance,2021-07-02,2022-07-02,389,Expired,0
TXN-42bbbb4e,C360-100082,Health Insurance,2022-07-02,2023-07-02,425,Expired,1
TXN-74e7683f,C360-100082,Health Insurance,2023-07-02,2024-07-01,485,Expired,0
TXN-aef6ae80,C360-100082,Health Insurance,2024-07-01,2025-07-01,509,Expired,0
TXN-31aaf52f,C360-100082,Health Insurance,2025-07-01,2026-07-01,493,Active,1
TXN-2dcdb629,C360-100082,Life Insurance,2021-07-02,2022-07-02,543,Expired,1
TXN-25583ba3,C360-100082,Life Insurance,2022-07-02,2023-07-02,556,Expired,0
TXN-55943fe2,C360-100082,Life Insurance,2023-07-02,2024-07-01,569,Expired,0
TXN-417aa556,C360-100082,Life Insurance,2024-07-01,2025-07-01,612,Expired,0
TXN-5cb0936f,C360-100082,Life Insurance,2025-07-01,2026-07-01,627,Active,1
TXN-83f1723f,C360-100082,Motor Insurance,2021-07-02,2022-07-02,1266,Expired,0
TXN-43588629,C360-100082,Motor Insurance,2022-07-02,2023-07-02,1280,Expired,0
TXN-116cdd7b,C360-100082,Motor Insurance,2023-07-02,2024-07-01,1354,Expired,0
TXN-1b11519f,C360-100082,Motor Insurance,2024-07-01,2025-07-01,1410,Expired,0
TXN-8a6f1425,C360-100082,Motor Insurance,2025-07-01,2026-07-01,1370,Active,1
TXN-b016f078,C360-100082,Accidental Insurance,2021-07-02,2022-07-02,1122,Expired,1
TXN-05ca62e9,C360-100082,Accidental Insurance,2022-07-02,2023-07-02,1162,Expired,0
TXN-4c10c325,C360-100082,Accidental Insurance,2023-07-02,2024-07-01,1194,Expired,1
TXN-35a70f7b,C360-100082,Accidental Insurance,2024-07-01,2025-07-01,1185,Expired,0
TXN-5df521f6,C360-100082,Accidental Insurance,2025-07-01,2026-07-01,1190,Active,2
TXN-e68fc8d2,C360-100083,Accidental Insurance,2021-07-02,2022-07-02,1285,Expired,2
TXN-95d7338b,C360-100083,Accidental Insurance,2022-07-02,2023-07-02,1332,Expired,0
TXN-ea721daa,C360-100083,Accidental Insurance,2023-07-02,2024-07-01,1309,Expired,2
TXN-99227c3e,C360-100083,Accidental Insurance,2024-07-01,2025-07-01,1384,Expired,0
TXN-bc562154,C360-100083,Accidental Insurance,2025-07-01,2026-07-01,1481,Cancelled,0
TXN-5ae3b8dd,C360-100084,Accidental Insurance,2021-07-02,2022-07-02,1307,Expired,0
TXN-2d19c59e,C360-100084,Accidental Insurance,2022-07-02,2023-07-02,1350,Expired,0
TXN-fd756e4e,C360-100084,Accidental Insurance,2023-07-02,2024-07-01,1399,Expired,1
TXN-ff940c7d,C360-100084,Accidental Insurance,2024-07-01,2025-07-01,1439,Expired,0
TXN-8670c84c,C360-100084,Accidental Insurance,2025-07-01,2026-07-01,1359,Active,0
TXN-424116d6,C360-100084,Motor Insurance,2021-07-02,2022-07-02,1321,Expired,0
TXN-650805ae,C360-100084,Motor Insurance,2022-07-02,2023-07-02,1345,Expired,0
TXN-a76001a5,C360-100084,Motor Insurance,2023-07-02,2024-07-01,1421,Expired,1
TXN-f7a1395c,C360-100084,Motor Insurance,2024-07-01,2025-07-01,1399,Expired,0
TXN-1e136834,C360-100084,Motor Insurance,2025-07-01,2026-07-01,1417,Active,0
TXN-9b235e98,C360-100085,Health Insurance,2021-07-02,2022-07-02,787,Expired,0
TXN-ed1a0429,C360-100085,Health Insurance,2022-07-02,2023-07-02,828,Expired,0
TXN-b95c6ba8,C360-100085,Health Insurance,2023-07-02,2024-07-01,823,Expired,0
TXN-6ea8e48e,C360-100085,Health Insurance,2024-07-01,2025-07-01,877,Expired,0
TXN-6a4805db,C360-100085,Health Insurance,2025-07-01,2026-07-01,859,Active,2
TXN-deab449d,C360-100085,Life Insurance,2021-07-02,2022-07-02,1435,Expired,0
TXN-ebdc1316,C360-100085,Life Insurance,2022-07-02,2023-07-02,1466,Expired,0
TXN-642b0041,C360-100085,Life Insurance,2023-07-02,2024-07-01,1479,Expired,0
TXN-3a8f56dd,C360-100085,Life Insurance,2024-07-01,2025-07-01,1477,Expired,0
TXN-997ea6c4,C360-100085,Life Insurance,2025-07-01,2026-07-01,1503,Active,0
TXN-a3aab351,C360-100085,Motor Insurance,2021-07-02,2022-07-02,1286,Expired,2
TXN-f91952a1,C360-100085,Motor Insurance,2022-07-02,2023-07-02,1297,Expired,0
TXN-da354516,C360-100085,Motor Insurance,2023-07-02,2024-07-01,1316,Expired,0
TXN-305d45d2,C360-100085,Motor Insurance,2024-07-01,2025-07-01,1412,Expired,1
TXN-340a4026,C360-100085,Motor Insurance,2025-07-01,2026-07-01,1358,Active,0
TXN-27b47c52,C360-100085,Accidental Insurance,2021-07-02,2022-07-02,1023,Expired,0
TXN-6a415e59,C360-100085,Accidental Insurance,2022-07-02,2023-07-02,1062,Expired,0
TXN-92228cec,C360-100085,Accidental Insurance,2023-07-02,2024-07-01,1109,Expired,0
TXN-92652ec8,C360-100085,Accidental Insurance,2024-07-01,2025-07-01,1062,Expired,0
TXN-90eb153d,C360-100085,Accidental Insurance,2025-07-01,2026-07-01,1215,Active,0
TXN-67c3d5cd,C360-100086,Health Insurance,2021-07-02,2022-07-02,1343,Expired,0
TXN-16c2fe14,C360-100086,Health Insurance,2022-07-02,2023-07-02,1386,Expired,1
TXN-ce0d9f9a,C360-100086,Health Insurance,2023-07-02,2024-07-01,1435,Expired,0
TXN-aeb366ed,C360-100086,Health Insurance,2024-07-01,2025-07-01,1421,Expired,0
TXN-51cd959f,C360-100086,Health Insurance,2025-07-01,2026-07-01,1535,Active,1
TXN-b7383831,C360-100086,Life Insurance,2021-07-02,2022-07-02,495,Expired,0
TXN-c7b5a8cb,C360-100086,Life Insurance,2022-07-02,2023-07-02,544,Expired,0
TXN-887ceab8,C360-100086,Life Insurance,2023-07-02,2024-07-01,563,Expired,1
TXN-929e6d37,C360-100086,Life Insurance,2024-07-01,2025-07-01,582,Expired,0
TXN-5fc6abb7,C360-100086,Life Insurance,2025-07-01,2026-07-01,583,Active,0
TXN-a78ba90f,C360-100086,Motor Insurance,2021-07-02,2022-07-02,1024,Expired,0
TXN-16f06e6c,C360-100086,Motor Insurance,2022-07-02,2023-07-02,1040,Expired,0
TXN-052cd63e,C360-100086,Motor Insurance,2023-07-02,2024-07-01,1114,Expired,0
TXN-187bf978,C360-100086,Motor Insurance,2024-07-01,2025-07-01,1111,Expired,2
TXN-635a511c,C360-100086,Motor Insurance,2025-07-01,2026-07-01,1152,Active,0
TXN-97cc20c4,C360-100086,Accidental Insurance,2021-07-02,2022-07-02,655,Expired,0
TXN-6c3ca799,C360-100086,Accidental Insurance,2022-07-02,2023-07-02,678,Expired,0
TXN-a8717690,C360-100086,Accidental Insurance,2023-07-02,2024-07-01,695,Expired,1
TXN-17dc1b59,C360-100086,Accidental Insurance,2024-07-01,2025-07-01,787,Expired,1
TXN-765a7e8d,C360-100086,Accidental Insurance,2025-07-01,2026-07-01,783,Active,0
TXN-f5d95d83,C360-100087,Life Insurance,2021-07-02,2022-07-02,1182,Expired,0
TXN-3f462b15,C360-100087,Life Insurance,2022-07-02,2023-07-02,1207,Expired,0
TXN-89b21d79,C360-100087,Life Insurance,2023-07-02,2024-07-01,1270,Expired,0
TXN-454c8779,C360-100087,Life Insurance,2024-07-01,2025-07-01,1332,Expired,0
TXN-f0ca7e52,C360-100087,Life Insurance,2025-07-01,2026-07-01,1358,Active,0
TXN-9279542d,C360-100087,Accidental Insurance,2021-07-02,2022-07-02,1224,Expired,0
TXN-655f37fe,C360-100088,Life Insurance,2021-07-02,2022-07-02,333,Expired,0
TXN-abc58699,C360-100088,Life Insurance,2022-07-02,2023-07-02,362,Expired,1
TXN-a4b1de64,C360-100088,Accidental Insurance,2021-07-02,2022-07-02,1004,Expired,0
TXN-a736514e,C360-100088,Accidental Insurance,2022-07-02,2023-07-02,1045,Expired,1
TXN-b9a4c541,C360-100089,Life Insurance,2021-07-02,2022-07-02,1182,Expired,0
TXN-5ffb0e0f,C360-100089,Life Insurance,2022-07-02,2023-07-02,1207,Expired,0
TXN-8afe852d,C360-100089,Life Insurance,2023-07-02,2024-07-01,1270,Expired,1
TXN-42956814,C360-100089,Life Insurance,2024-07-01,2025-07-01,1287,Expired,0
TXN-fde238a0,C360-100089,Life Insurance,2025-07-01,2026-07-01,1262,Active,0
TXN-de9a9df8,C360-100090,Health Insurance,2021-07-02,2022-07-02,1033,Expired,2
TXN-79a8ade6,C360-100090,Life Insurance,2021-07-02,2022-07-02,899,Expired,0
TXN-e3471b68,C360-100090,Life Insurance,2022-07-02,2023-07-02,910,Expired,0
TXN-7529d9e2,C360-100090,Life Insurance,2023-07-02,2024-07-01,983,Expired,0
TXN-e777518e,C360-100090,Life Insurance,2024-07-01,2025-07-01,1046,Expired,1
TXN-88492466,C360-100090,Life Insurance,2025-07-01,2026-07-01,1071,Active,0
TXN-18aeaa67,C360-100090,Accidental Insurance,2021-07-02,2022-07-02,1318,Expired,0
TXN-62fe1889,C360-100090,Accidental Insurance,2022-07-02,2023-07-02,1366,Expired,0
TXN-da37bb16,C360-100090,Accidental Insurance,2023-07-02,2024-07-01,1344,Expired,0
TXN-6264d12c,C360-100090,Accidental Insurance,2024-07-01,2025-07-01,1417,Expired,0
TXN-f549e5b1,C360-100090,Accidental Insurance,2025-07-01,2026-07-01,1458,Active,0
TXN-83c50f51,C360-100091,Health Insurance,2021-07-02,2022-07-02,445,Expired,0
TXN-1add9e39,C360-100091,Health Insurance,2022-07-02,2023-07-02,456,Expired,0
TXN-b4603617,C360-100091,Health Insurance,2023-07-02,2024-07-01,479,Expired,1
TXN-92fd834c,C360-100091,Health Insurance,2024-07-01,2025-07-01,490,Expired,0
TXN-0b94546c,C360-100091,Health Insurance,2025-07-01,2026-07-01,601,Active,1
TXN-4e819608,C360-100091,Life Insurance,2021-07-02,2022-07-02,984,Expired,0
TXN-a1ff3638,C360-100091,Life Insurance,2022-07-02,2023-07-02,1013,Expired,0
TXN-8b565c6a,C360-100091,Life Insurance,2023-07-02,2024-07-01,1070,Expired,0
TXN-f4bbe2f8,C360-100091,Life Insurance,2024-07-01,2025-07-01,1041,Expired,0
TXN-16d076df,C360-100091,Life Insurance,2025-07-01,2026-07-01,1172,Active,0
TXN-d0e683a8,C360-100091,Motor Insurance,2021-07-02,2022-07-02,1286,Expired,0
TXN-98970dd3,C360-100091,Motor Insurance,2022-07-02,2023-07-02,1329,Expired,0
TXN-7ba09784,C360-100091,Motor Insurance,2023-07-02,2024-07-01,1338,Expired,0
TXN-e20c27dd,C360-100091,Motor Insurance,2024-07-01,2025-07-01,1346,Expired,1
TXN-349ad7bb,C360-100091,Motor Insurance,2025-07-01,2026-07-01,1366,Active,2
TXN-50ec9f63,C360-100091,Accidental Insurance,2021-07-02,2022-07-02,976,Expired,0
TXN-30f84d5e,C360-100091,Accidental Insurance,2022-07-02,2023-07-02,995,Expired,0
TXN-c6abd4ec,C360-100091,Accidental Insurance,2023-07-02,2024-07-01,1042,Expired,0
TXN-0868be6f,C360-100091,Accidental Insurance,2024-07-01,2025-07-01,1120,Expired,0
TXN-ca257567,C360-100091,Accidental Insurance,2025-07-01,2026-07-01,1024,Active,0
TXN-a8685f5b,C360-100092,Accidental Insurance,2021-07-02,2022-07-02,1304,Expired,0
TXN-8ebb6a2c,C360-100092,Accidental Insurance,2022-07-02,2023-07-02,1316,Expired,0
TXN-bca35845,C360-100092,Accidental Insurance,2023-07-02,2024-07-01,1354,Expired,0
TXN-bb7ac255,C360-100092,Accidental Insurance,2024-07-01,2025-07-01,1412,Expired,0
TXN-138123ee,C360-100092,Accidental Insurance,2025-07-01,2026-07-01,1408,Active,2
TXN-aa1794f0,C360-100092,Motor Insurance,2021-07-02,2022-07-02,1104,Expired,0
TXN-7c7727ea,C360-100092,Motor Insurance,2022-07-02,2023-07-02,1127,Expired,0
TXN-e0bd8295,C360-100092,Motor Insurance,2023-07-02,2024-07-01,1166,Expired,0
TXN-a2617169,C360-100092,Motor Insurance,2024-07-01,2025-07-01,1227,Expired,1
TXN-d8d93c59,C360-100092,Motor Insurance,2025-07-01,2026-07-01,1200,Active,0
TXN-8cff8717,C360-100093,Health Insurance,2021-07-02,2022-07-02,799,Expired,0
TXN-b61dd311,C360-100093,Health Insurance,2022-07-02,2023-07-02,825,Expired,0
TXN-a4c9cac1,C360-100093,Health Insurance,2023-07-02,2024-07-01,835,Expired,0
TXN-8b485116,C360-100093,Health Insurance,2024-07-01,2025-07-01,925,Expired,2
TXN-51aad2b1,C360-100093,Health Insurance,2025-07-01,2026-07-01,943,Active,0
TXN-4f958819,C360-100093,Life Insurance,2021-07-02,2022-07-02,386,Expired,0
TXN-484c1245,C360-100093,Life Insurance,2022-07-02,2023-07-02,431,Expired,0
TXN-3e06ff93,C360-100093,Life Insurance,2023-07-02,2024-07-01,436,Expired,0
TXN-db73b5e5,C360-100093,Life Insurance,2024-07-01,2025-07-01,416,Expired,0
TXN-95c96097,C360-100093,Life Insurance,2025-07-01,2026-07-01,558,Active,0
TXN-06751066,C360-100094,Accidental Insurance,2021-07-02,2022-07-02,1257,Expired,0
TXN-cede6d7c,C360-100094,Accidental Insurance,2022-07-02,2023-07-02,1293,Expired,0
TXN-a491ef9f,C360-100094,Accidental Insurance,2023-07-02,2024-07-01,1303,Expired,0
TXN-b70b31e6,C360-100094,Accidental Insurance,2024-07-01,2025-07-01,1368,Expired,1
TXN-3582786b,C360-100094,Accidental Insurance,2025-07-01,2026-07-01,1361,Active,0
TXN-0f9fb2d5,C360-100094,Life Insurance,2021-07-02,2022-07-02,929,Expired,0
TXN-cb01c34d,C360-100094,Life Insurance,2022-07-02,2023-07-02,965,Expired,0
TXN-f35067ad,C360-100094,Life Insurance,2023-07-02,2024-07-01,1011,Expired,0
TXN-7db0ba2c,C360-100094,Life Insurance,2024-07-01,2025-07-01,1052,Expired,0
TXN-01df37ef,C360-100094,Life Insurance,2025-07-01,2026-07-01,1121,Active,1
TXN-1a61229b,C360-100095,Motor Insurance,2021-07-02,2022-07-02,328,Expired,0
TXN-c7e922da,C360-100095,Motor Insurance,2022-07-02,2023-07-02,363,Expired,0
TXN-9d0bbb5c,C360-100095,Motor Insurance,2023-07-02,2024-07-01,374,Expired,2
TXN-9c0dfc48,C360-100095,Motor Insurance,2024-07-01,2025-07-01,451,Expired,2
TXN-318b85c3,C360-100095,Motor Insurance,2025-07-01,2026-07-01,448,Active,0
TXN-04aa5d8c,C360-100095,Life Insurance,2021-07-02,2022-07-02,509,Expired,0
TXN-bb629764,C360-100095,Life Insurance,2022-07-02,2023-07-02,521,Expired,0
TXN-15a2ec58,C360-100095,Life Insurance,2023-07-02,2024-07-01,539,Expired,0
TXN-c2f6db2d,C360-100095,Life Insurance,2024-07-01,2025-07-01,587,Expired,0
TXN-63659288,C360-100095,Life Insurance,2025-07-01,2026-07-01,677,Active,0
TXN-9b5b972b,C360-100096,Life Insurance,2021-07-02,2022-07-02,1088,Expired,1
TXN-95bb625e,C360-100096,Life Insurance,2022-07-02,2023-07-02,1112,Expired,0
TXN-dc81d79c,C360-100096,Life Insurance,2023-07-02,2024-07-01,1158,Expired,2
TXN-1a1c3b52,C360-100096,Life Insurance,2024-07-01,2025-07-01,1160,Expired,0
TXN-8229eeac,C360-100096,Life Insurance,2025-07-01,2026-07-01,1232,Active,0
TXN-fe892133,C360-100097,Health Insurance,2021-07-02,2022-07-02,1209,Expired,0
TXN-534d9c35,C360-100097,Health Insurance,2022-07-02,2023-07-02,1228,Expired,0
TXN-9429e85d,C360-100097,Health Insurance,2023-07-02,2024-07-01,1289,Expired,0
TXN-44cdd7f2,C360-100097,Life Insurance,2021-07-02,2022-07-02,382,Expired,0
TXN-231be964,C360-100097,Motor Insurance,2021-07-02,2022-07-02,671,Expired,0
TXN-54b6c881,C360-100097,Motor Insurance,2022-07-02,2023-07-02,708,Expired,1
TXN-285c4f17,C360-100097,Motor Insurance,2023-07-02,2024-07-01,733,Expired,1
TXN-4a079342,C360-100097,Motor Insurance,2024-07-01,2025-07-01,740,Expired,0
TXN-7a4f0734,C360-100097,Motor Insurance,2025-07-01,2026-07-01,803,Active,0
TXN-38a354d7,C360-100097,Accidental Insurance,2021-07-02,2022-07-02,662,Expired,0
TXN-6aafdd01,C360-100097,Accidental Insurance,2022-07-02,2023-07-02,708,Expired,0
TXN-739b3c5e,C360-100097,Accidental Insurance,2023-07-02,2024-07-01,690,Expired,0
TXN-2094e9e4,C360-100097,Accidental Insurance,2024-07-01,2025-07-01,737,Expired,0
TXN-646153e3,C360-100097,Accidental Insurance,2025-07-01,2026-07-01,762,Cancelled,0
TXN-dcd27a03,C360-100098,Health Insurance,2021-07-02,2022-07-02,648,Expired,0
TXN-923e9a03,C360-100099,Life Insurance,2021-07-02,2022-07-02,1315,Expired,0
TXN-f1aec70f,C360-100099,Life Insurance,2022-07-02,2023-07-02,1327,Expired,0
TXN-ee51e5a2,C360-100099,Life Insurance,2023-07-02,2024-07-01,1349,Expired,0
TXN-677b50d2,C360-100099,Life Insurance,2024-07-01,2025-07-01,1423,Expired,0
TXN-d2c1e4da,C360-100099,Life Insurance,2025-07-01,2026-07-01,1483,Active,0
TXN-183e2043,C360-100100,Health Insurance,2021-07-02,2022-07-02,926,Expired,0
TXN-775831ba,C360-100100,Health Insurance,2022-07-02,2023-07-02,975,Expired,0
TXN-d8545607,C360-100100,Health Insurance,2023-07-02,2024-07-01,980,Expired,2
TXN-827d213f,C360-100100,Health Insurance,2024-07-01,2025-07-01,1025,Expired,0
TXN-c6dc1483,C360-100100,Health Insurance,2025-07-01,2026-07-01,1118,Active,0
TXN-6b876fa8,C360-100100,Life Insurance,2021-07-02,2022-07-02,636,Expired,0
TXN-aad851fc,C360-100100,Life Insurance,2022-07-02,2023-07-02,673,Expired,0
TXN-10210148,C360-100100,Life Insurance,2023-07-02,2024-07-01,680,Expired,0
TXN-fe8e8193,C360-100100,Life Insurance,2024-07-01,2025-07-01,753,Expired,1
TXN-36424014,C360-100100,Life Insurance,2025-07-01,2026-07-01,780,Active,0
TXN-67010330,C360-100100,Motor Insurance,2021-07-02,2022-07-02,858,Expired,0
TXN-3a2c8963,C360-100100,Motor Insurance,2022-07-02,2023-07-02,883,Expired,1
TXN-baf1d00c,C360-100100,Motor Insurance,2023-07-02,2024-07-01,894,Expired,0
TXN-0c5b58d6,C360-100100,Motor Insurance,2024-07-01,2025-07-01,915,Expired,0
TXN-03ac7058,C360-100100,Motor Insurance,2025-07-01,2026-07-01,1050,Active,0
TXN-119e1a41,C360-100100,Accidental Insurance,2021-07-02,2022-07-02,1286,Expired,0
TXN-641dde40,C360-100100,Accidental Insurance,2022-07-02,2023-07-02,1298,Expired,0
TXN-d1c8df43,C360-100100,Accidental Insurance,2023-07-02,2024-07-01,1328,Expired,0
TXN-b76e7c2f,C360-100100,Accidental Insurance,2024-07-01,2025-07-01,1391,Expired,0
TXN-9eafc5c2,C360-100100,Accidental Insurance,2025-07-01,2026-07-01,1426,Active,1
TXN-daeb1f57,C360-100101,Life Insurance,2021-07-02,2022-07-02,451,Expired,0
TXN-42857061,C360-100101,Life Insurance,2022-07-02,2023-07-02,479,Expired,0
TXN-22275730,C360-100101,Life Insurance,2023-07-02,2024-07-01,533,Expired,1
TXN-725c80e4,C360-100101,Life Insurance,2024-07-01,2025-07-01,505,Expired,0
TXN-9c0d2a58,C360-100101,Life Insurance,2025-07-01,2026-07-01,535,Cancelled,0
TXN-af87478e,C360-100101,Motor Insurance,2021-07-02,2022-07-02,780,Expired,0
TXN-5b0dcb74,C360-100102,Accidental Insurance,2021-07-02,2022-07-02,711,Expired,0
TXN-e782e632,C360-100102,Accidental Insurance,2022-07-02,2023-07-02,727,Expired,1
TXN-24c01f0c,C360-100102,Accidental Insurance,2023-07-02,2024-07-01,767,Expired,0
TXN-a77acc9b,C360-100102,Accidental Insurance,2024-07-01,2025-07-01,804,Expired,1
TXN-831d320c,C360-100102,Accidental Insurance,2025-07-01,2026-07-01,855,Active,1
TXN-7316fcb0,C360-100102,Motor Insurance,2021-07-02,2022-07-02,1458,Expired,0
TXN-7b742209,C360-100102,Motor Insurance,2022-07-02,2023-07-02,1504,Expired,0
TXN-284b9418,C360-100102,Motor Insurance,2023-07-02,2024-07-01,1496,Expired,0
TXN-459bbf87,C360-100102,Motor Insurance,2024-07-01,2025-07-01,1560,Expired,1
TXN-cb401e54,C360-100102,Motor Insurance,2025-07-01,2026-07-01,1554,Active,1
TXN-61f9e618,C360-100103,Life Insurance,2021-07-02,2022-07-02,1254,Expired,0
TXN-3ebf0223,C360-100103,Life Insurance,2022-07-02,2023-07-02,1292,Expired,1
TXN-24617550,C360-100103,Life Insurance,2023-07-02,2024-07-01,1330,Expired,0
TXN-1a0c976c,C360-100103,Life Insurance,2024-07-01,2025-07-01,1368,Expired,0
TXN-4b4f0ea8,C360-100103,Life Insurance,2025-07-01,2026-07-01,1354,Active,0
TXN-26771842,C360-100103,Motor Insurance,2021-07-02,2022-07-02,1323,Expired,0
TXN-eba4d78e,C360-100103,Motor Insurance,2022-07-02,2023-07-02,1350,Expired,1
TXN-151ee6cb,C360-100103,Motor Insurance,2023-07-02,2024-07-01,1383,Expired,1
TXN-841dd15d,C360-100103,Motor Insurance,2024-07-01,2025-07-01,1386,Expired,0
TXN-b849b109,C360-100103,Motor Insurance,2025-07-01,2026-07-01,1483,Active,0
TXN-c12e1ccc,C360-100104,Health Insurance,2021-07-02,2022-07-02,974,Expired,0
TXN-68f83da8,C360-100104,Health Insurance,2022-07-02,2023-07-02,1009,Expired,0
TXN-bc0f5775,C360-100105,Health Insurance,2021-07-02,2022-07-02,1201,Expired,0
TXN-2293c160,C360-100105,Health Insurance,2022-07-02,2023-07-02,1243,Expired,0
TXN-a6a4a32a,C360-100105,Health Insurance,2023-07-02,2024-07-01,1241,Expired,0
TXN-61fcf86c,C360-100105,Health Insurance,2024-07-01,2025-07-01,1279,Expired,0
TXN-91cacc67,C360-100105,Health Insurance,2025-07-01,2026-07-01,1369,Active,0
TXN-89467413,C360-100105,Life Insurance,2021-07-02,2022-07-02,1107,Expired,0
TXN-1cc2d246,C360-100105,Life Insurance,2022-07-02,2023-07-02,1140,Expired,0
TXN-a7037916,C360-100105,Life Insurance,2023-07-02,2024-07-01,1147,Expired,0
TXN-b8aac23d,C360-100105,Life Insurance,2024-07-01,2025-07-01,1182,Expired,0
TXN-203f0484,C360-100105,Life Insurance,2025-07-01,2026-07-01,1195,Active,0
TXN-b31d9610,C360-100105,Motor Insurance,2021-07-02,2022-07-02,984,Expired,0
TXN-ca40ef61,C360-100105,Motor Insurance,2022-07-02,2023-07-02,1027,Expired,0
TXN-829c4c11,C360-100105,Motor Insurance,2023-07-02,2024-07-01,1004,Expired,0
TXN-856130a8,C360-100105,Motor Insurance,2024-07-01,2025-07-01,1095,Expired,2
TXN-6c5b6696,C360-100105,Motor Insurance,2025-07-01,2026-07-01,1168,Active,0
TXN-ba17d61f,C360-100105,Accidental Insurance,2021-07-02,2022-07-02,427,Expired,0
TXN-8fb136e9,C360-100105,Accidental Insurance,2022-07-02,2023-07-02,475,Expired,0
TXN-7136e038,C360-100105,Accidental Insurance,2023-07-02,2024-07-01,515,Expired,0
TXN-aa1485f6,C360-100105,Accidental Insurance,2024-07-01,2025-07-01,559,Expired,1
TXN-133e7ab7,C360-100105,Accidental Insurance,2025-07-01,2026-07-01,547,Active,0
TXN-2776cebd,C360-100106,Health Insurance,2021-07-02,2022-07-02,665,Expired,0
TXN-bf733fa9,C360-100106,Health Insurance,2022-07-02,2023-07-02,689,Expired,0
TXN-74d8d158,C360-100106,Health Insurance,2023-07-02,2024-07-01,755,Expired,1
TXN-c40eeed0,C360-100106,Health Insurance,2024-07-01,2025-07-01,704,Expired,0
TXN-c64c70e1,C360-100106,Health Insurance,2025-07-01,2026-07-01,805,Active,2
TXN-9ebc5458,C360-100106,Motor Insurance,2021-07-02,2022-07-02,1084,Expired,0
TXN-6009f101,C360-100107,Health Insurance,2021-07-02,2022-07-02,1275,Expired,0
TXN-ee301c4c,C360-100107,Health Insurance,2022-07-02,2023-07-02,1311,Expired,1
TXN-7dcdee91,C360-100107,Health Insurance,2023-07-02,2024-07-01,1335,Expired,0
TXN-9410b8cf,C360-100107,Health Insurance,2024-07-01,2025-07-01,1341,Expired,0
TXN-5d75500e,C360-100107,Health Insurance,2025-07-01,2026-07-01,1323,Active,1
TXN-889c30e5,C360-100107,Life Insurance,2021-07-02,2022-07-02,444,Expired,2
TXN-061dba27,C360-100107,Life Insurance,2022-07-02,2023-07-02,457,Expired,0
TXN-e5fa1f60,C360-100107,Motor Insurance,2021-07-02,2022-07-02,776,Expired,0
TXN-91bf018e,C360-100107,Accidental Insurance,2021-07-02,2022-07-02,1020,Expired,0
TXN-61296895,C360-100107,Accidental Insurance,2022-07-02,2023-07-02,1041,Expired,0
TXN-4746e2eb,C360-100107,Accidental Insurance,2023-07-02,2024-07-01,1040,Expired,0
TXN-51ea77f8,C360-100107,Accidental Insurance,2024-07-01,2025-07-01,1125,Expired,0
TXN-102d2810,C360-100107,Accidental Insurance,2025-07-01,2026-07-01,1152,Active,0
TXN-565030c4,C360-100109,Health Insurance,2021-07-02,2022-07-02,1022,Expired,0
TXN-63093595,C360-100109,Health Insurance,2022-07-02,2023-07-02,1070,Expired,0
TXN-0fe309af,C360-100109,Health Insurance,2023-07-02,2024-07-01,1070,Expired,0
TXN-82c9b07d,C360-100109,Life Insurance,2021-07-02,2022-07-02,321,Expired,0
TXN-2af4309d,C360-100109,Life Insurance,2022-07-02,2023-07-02,359,Expired,0
TXN-777b3574,C360-100109,Life Insurance,2023-07-02,2024-07-01,389,Expired,0
TXN-365cbe20,C360-100109,Life Insurance,2024-07-01,2025-07-01,354,Expired,0
TXN-2800f8d4,C360-100109,Life Insurance,2025-07-01,2026-07-01,393,Cancelled,1
TXN-2caee160,C360-100109,Accidental Insurance,2021-07-02,2022-07-02,1242,Expired,1
TXN-4aaa51cc,C360-100109,Accidental Insurance,2022-07-02,2023-07-02,1257,Expired,2
TXN-834108f2,C360-100109,Accidental Insurance,2023-07-02,2024-07-01,1272,Expired,0
TXN-41dfcd2f,C360-100109,Accidental Insurance,2024-07-01,2025-07-01,1344,Expired,0
TXN-6d7b65bf,C360-100109,Accidental Insurance,2025-07-01,2026-07-01,1342,Cancelled,1
TXN-2e226fc2,C360-100110,Health Insurance,2021-07-02,2022-07-02,499,Expired,0
TXN-978c04a3,C360-100110,Health Insurance,2022-07-02,2023-07-02,531,Expired,0
TXN-b9c1ae3c,C360-100110,Health Insurance,2023-07-02,2024-07-01,599,Expired,0
TXN-056bd722,C360-100110,Health Insurance,2024-07-01,2025-07-01,577,Expired,0
TXN-3e6568e9,C360-100110,Health Insurance,2025-07-01,2026-07-01,539,Cancelled,0
TXN-3632b456,C360-100110,Life Insurance,2021-07-02,2022-07-02,309,Expired,0
TXN-5d9118c6,C360-100110,Life Insurance,2022-07-02,2023-07-02,322,Expired,0
TXN-a8588ae0,C360-100110,Life Insurance,2023-07-02,2024-07-01,409,Expired,0
TXN-c21303af,C360-100110,Motor Insurance,2021-07-02,2022-07-02,528,Expired,0
TXN-b5c98bf5,C360-100111,Accidental Insurance,2021-07-02,2022-07-02,936,Expired,0
TXN-53bdc7a3,C360-100111,Accidental Insurance,2022-07-02,2023-07-02,980,Expired,0
TXN-87fe0090,C360-100111,Accidental Insurance,2023-07-02,2024-07-01,1002,Expired,0
TXN-bbc54da9,C360-100111,Accidental Insurance,2024-07-01,2025-07-01,990,Expired,0
TXN-73e7050c,C360-100111,Accidental Insurance,2025-07-01,2026-07-01,1096,Active,0
TXN-f85c377f,C360-100112,Life Insurance,2021-07-02,2022-07-02,364,Expired,0
TXN-9218d707,C360-100112,Life Insurance,2022-07-02,2023-07-02,407,Expired,0
TXN-7e97f16c,C360-100112,Life Insurance,2023-07-02,2024-07-01,412,Expired,0
TXN-96b495fc,C360-100112,Life Insurance,2024-07-01,2025-07-01,397,Expired,0
TXN-6ec0b207,C360-100112,Life Insurance,2025-07-01,2026-07-01,480,Active,1
TXN-0257aa03,C360-100112,Accidental Insurance,2021-07-02,2022-07-02,1402,Expired,0
TXN-a1a42a47,C360-100112,Accidental Insurance,2022-07-02,2023-07-02,1437,Expired,0
TXN-f26e4256,C360-100112,Accidental Insurance,2023-07-02,2024-07-01,1448,Expired,0
TXN-d78acc9b,C360-100112,Accidental Insurance,2024-07-01,2025-07-01,1483,Expired,1
TXN-d86c8cb6,C360-100112,Accidental Insurance,2025-07-01,2026-07-01,1578,Active,0
TXN-64f358f6,C360-100113,Motor Insurance,2021-07-02,2022-07-02,1098,Expired,0
TXN-946b4f32,C360-100113,Motor Insurance,2022-07-02,2023-07-02,1120,Expired,1
TXN-f82e42ea,C360-100113,Motor Insurance,2023-07-02,2024-07-01,1118,Expired,2
TXN-97818f7c,C360-100113,Motor Insurance,2024-07-01,2025-07-01,1227,Expired,1
TXN-e13fe389,C360-100113,Motor Insurance,2025-07-01,2026-07-01,1214,Active,0
TXN-42ddf828,C360-100113,Health Insurance,2021-07-02,2022-07-02,1124,Expired,0
TXN-bf6944ac,C360-100113,Health Insurance,2022-07-02,2023-07-02,1158,Expired,0
TXN-b05c6152,C360-100113,Health Insurance,2023-07-02,2024-07-01,1210,Expired,0
TXN-4bf99988,C360-100113,Health Insurance,2024-07-01,2025-07-01,1214,Expired,0
TXN-462bf1cc,C360-100113,Health Insurance,2025-07-01,2026-07-01,1196,Active,2
TXN-c17d512a,C360-100114,Health Insurance,2021-07-02,2022-07-02,401,Expired,0
TXN-4cd1ae6b,C360-100114,Health Insurance,2022-07-02,2023-07-02,426,Expired,1
TXN-55a41212,C360-100114,Health Insurance,2023-07-02,2024-07-01,421,Expired,1
TXN-23e56008,C360-100114,Life Insurance,2021-07-02,2022-07-02,666,Expired,1
TXN-4295d4d3,C360-100114,Life Insurance,2022-07-02,2023-07-02,679,Expired,1
TXN-e36890db,C360-100114,Life Insurance,2023-07-02,2024-07-01,720,Expired,0
TXN-f591bb01,C360-100114,Life Insurance,2024-07-01,2025-07-01,810,Expired,0
TXN-2eb0d85b,C360-100114,Life Insurance,2025-07-01,2026-07-01,806,Active,0
TXN-1f31de57,C360-100114,Accidental Insurance,2021-07-02,2022-07-02,809,Expired,0
TXN-768f2601,C360-100114,Accidental Insurance,2022-07-02,2023-07-02,859,Expired,1
TXN-574f5394,C360-100114,Accidental Insurance,2023-07-02,2024-07-01,883,Expired,0
TXN-5d402071,C360-100114,Accidental Insurance,2024-07-01,2025-07-01,959,Expired,0
TXN-c210e51a,C360-100114,Accidental Insurance,2025-07-01,2026-07-01,849,Active,0
TXN-aa121b53,C360-100115,Motor Insurance,2021-07-02,2022-07-02,1396,Expired,0
TXN-35df5e2f,C360-100115,Motor Insurance,2022-07-02,2023-07-02,1445,Expired,0
TXN-9440992b,C360-100115,Motor Insurance,2023-07-02,2024-07-01,1474,Expired,0
TXN-b37794e3,C360-100116,Motor Insurance,2021-07-02,2022-07-02,686,Expired,0
TXN-5a39a7c4,C360-100116,Motor Insurance,2022-07-02,2023-07-02,705,Expired,0
TXN-38107b0d,C360-100116,Motor Insurance,2023-07-02,2024-07-01,770,Expired,0
TXN-3e3e7b85,C360-100116,Motor Insurance,2024-07-01,2025-07-01,728,Expired,0
TXN-17cc9f60,C360-100116,Motor Insurance,2025-07-01,2026-07-01,774,Active,0
TXN-b0662c7e,C360-100116,Accidental Insurance,2021-07-02,2022-07-02,1485,Expired,0
TXN-755d30e1,C360-100116,Accidental Insurance,2022-07-02,2023-07-02,1503,Expired,1
TXN-b6265deb,C360-100116,Accidental Insurance,2023-07-02,2024-07-01,1519,Expired,0
TXN-6803960e,C360-100116,Accidental Insurance,2024-07-01,2025-07-01,1584,Expired,0
TXN-04ae382b,C360-100116,Accidental Insurance,2025-07-01,2026-07-01,1585,Active,0
TXN-3f4b7267,C360-100117,Health Insurance,2021-07-02,2022-07-02,877,Expired,1
TXN-cfe89c29,C360-100117,Health Insurance,2022-07-02,2023-07-02,891,Expired,0
TXN-d68eaca0,C360-100117,Health Insurance,2023-07-02,2024-07-01,903,Expired,0
TXN-0cdbe50e,C360-100117,Health Insurance,2024-07-01,2025-07-01,976,Expired,1
TXN-35a4fc93,C360-100117,Health Insurance,2025-07-01,2026-07-01,1077,Active,0
TXN-ebd8cfdb,C360-100119,Life Insurance,2021-07-02,2022-07-02,820,Expired,0
TXN-e1e3fbb9,C360-100119,Life Insurance,2022-07-02,2023-07-02,839,Expired,0
TXN-709c251a,C360-100119,Life Insurance,2023-07-02,2024-07-01,868,Expired,1
TXN-395747a4,C360-100119,Life Insurance,2024-07-01,2025-07-01,934,Expired,0
TXN-59718ec5,C360-100119,Life Insurance,2025-07-01,2026-07-01,940,Active,0
TXN-ca485f40,C360-100119,Motor Insurance,2021-07-02,2022-07-02,1075,Expired,0
TXN-b764ebc3,C360-100119,Motor Insurance,2022-07-02,2023-07-02,1103,Expired,0
TXN-55822df6,C360-100119,Motor Insurance,2023-07-02,2024-07-01,1111,Expired,0
TXN-f327ad02,C360-100119,Motor Insurance,2024-07-01,2025-07-01,1138,Expired,0
TXN-73df651a,C360-100119,Motor Insurance,2025-07-01,2026-07-01,1159,Active,0
TXN-5c21f3e8,C360-100120,Health Insurance,2021-07-02,2022-07-02,1091,Expired,0
TXN-9939dfc2,C360-100120,Health Insurance,2022-07-02,2023-07-02,1109,Expired,0
TXN-4fd5c4c9,C360-100120,Health Insurance,2023-07-02,2024-07-01,1185,Expired,0
TXN-c7f38960,C360-100120,Life Insurance,2021-07-02,2022-07-02,643,Expired,2
TXN-19b5ef04,C360-100120,Motor Insurance,2021-07-02,2022-07-02,1374,Expired,0
TXN-8df8b24b,C360-100120,Motor Insurance,2022-07-02,2023-07-02,1418,Expired,2
TXN-d2bdb1ba,C360-100120,Motor Insurance,2023-07-02,2024-07-01,1398,Expired,1
TXN-ca291cfb,C360-100120,Motor Insurance,2024-07-01,2025-07-01,1416,Expired,0
TXN-97380567,C360-100120,Motor Insurance,2025-07-01,2026-07-01,1450,Active,0
TXN-b0123cf6,C360-100120,Accidental Insurance,2021-07-02,2022-07-02,1231,Expired,0
TXN-1511c04e,C360-100120,Accidental Insurance,2022-07-02,2023-07-02,1247,Expired,0
TXN-a973fb20,C360-100120,Accidental Insurance,2023-07-02,2024-07-01,1283,Expired,0
TXN-0aff6c57,C360-100120,Accidental Insurance,2024-07-01,2025-07-01,1366,Expired,0
TXN-8831a598,C360-100120,Accidental Insurance,2025-07-01,2026-07-01,1307,Cancelled,0
TXN-14b68833,C360-100121,Health Insurance,2021-07-02,2022-07-02,725,Expired,0
TXN-88e112a9,C360-100121,Health Insurance,2022-07-02,2023-07-02,739,Expired,0
TXN-68e82e81,C360-100121,Health Insurance,2023-07-02,2024-07-01,823,Expired,2
TXN-bbe016fe,C360-100121,Health Insurance,2024-07-01,2025-07-01,824,Expired,0
TXN-287bc428,C360-100121,Health Insurance,2025-07-01,2026-07-01,833,Active,0
TXN-614244a5,C360-100121,Life Insurance,2021-07-02,2022-07-02,664,Expired,0
TXN-d2629f6e,C360-100121,Life Insurance,2022-07-02,2023-07-02,688,Expired,0
TXN-3c0661b7,C360-100121,Life Insurance,2023-07-02,2024-07-01,750,Expired,0
TXN-293bcfb0,C360-100121,Life Insurance,2024-07-01,2025-07-01,814,Expired,0
TXN-51321a88,C360-100121,Life Insurance,2025-07-01,2026-07-01,812,Active,0
TXN-3b8ecc9b,C360-100121,Motor Insurance,2021-07-02,2022-07-02,504,Expired,2
TXN-092a1bbb,C360-100121,Motor Insurance,2022-07-02,2023-07-02,522,Expired,0
TXN-d056b8c1,C360-100121,Motor Insurance,2023-07-02,2024-07-01,604,Expired,0
TXN-5a08bf37,C360-100121,Motor Insurance,2024-07-01,2025-07-01,588,Expired,0
TXN-2a39d9e9,C360-100121,Motor Insurance,2025-07-01,2026-07-01,544,Active,1
TXN-68c6be0d,C360-100121,Accidental Insurance,2021-07-02,2022-07-02,314,Expired,0
TXN-eaa01420,C360-100121,Accidental Insurance,2022-07-02,2023-07-02,343,Expired,0
TXN-58ff0e69,C360-100121,Accidental Insurance,2023-07-02,2024-07-01,362,Expired,0
TXN-72876656,C360-100121,Accidental Insurance,2024-07-01,2025-07-01,350,Expired,0
TXN-f2c7d18f,C360-100121,Accidental Insurance,2025-07-01,2026-07-01,482,Active,0
TXN-d31a238e,C360-100122,Health Insurance,2021-07-02,2022-07-02,1302,Expired,0
TXN-d4a1aee3,C360-100122,Health Insurance,2022-07-02,2023-07-02,1319,Expired,0
TXN-312bdde5,C360-100122,Health Insurance,2023-07-02,2024-07-01,1332,Expired,2
TXN-43362183,C360-100122,Life Insurance,2021-07-02,2022-07-02,330,Expired,0
TXN-4928bce3,C360-100122,Life Insurance,2022-07-02,2023-07-02,343,Expired,0
TXN-f70798df,C360-100122,Life Insurance,2023-07-02,2024-07-01,350,Expired,0
TXN-f042863f,C360-100122,Life Insurance,2024-07-01,2025-07-01,453,Expired,0
TXN-e92925b0,C360-100122,Life Insurance,2025-07-01,2026-07-01,390,Active,0
TXN-5d5d1695,C360-100122,Motor Insurance,2021-07-02,2022-07-02,617,Expired,0
TXN-8a899002,C360-100122,Accidental Insurance,2021-07-02,2022-07-02,808,Expired,0
TXN-28f1fab9,C360-100122,Accidental Insurance,2022-07-02,2023-07-02,834,Expired,0
TXN-f09b4bc9,C360-100123,Health Insurance,2021-07-02,2022-07-02,468,Expired,0
TXN-d3bde367,C360-100123,Health Insurance,2022-07-02,2023-07-02,508,Expired,0
TXN-a948308d,C360-100123,Life Insurance,2021-07-02,2022-07-02,979,Expired,1
TXN-8ae55cdb,C360-100123,Life Insurance,2022-07-02,2023-07-02,1028,Expired,0
TXN-73e05b86,C360-100123,Life Insurance,2023-07-02,2024-07-01,1007,Expired,2
TXN-dccc3512,C360-100123,Life Insurance,2024-07-01,2025-07-01,1021,Expired,0
TXN-b59ec6b0,C360-100123,Life Insurance,2025-07-01,2026-07-01,1171,Active,0
TXN-2aa2c7d5,C360-100123,Motor Insurance,2021-07-02,2022-07-02,464,Expired,0
TXN-6275d5a2,C360-100123,Motor Insurance,2022-07-02,2023-07-02,484,Expired,0
TXN-9761bbb1,C360-100123,Motor Insurance,2023-07-02,2024-07-01,528,Expired,0
TXN-93984545,C360-100123,Accidental Insurance,2021-07-02,2022-07-02,1484,Expired,1
TXN-46fa3ca9,C360-100123,Accidental Insurance,2022-07-02,2023-07-02,1529,Expired,0
TXN-430a49cf,C360-100123,Accidental Insurance,2023-07-02,2024-07-01,1576,Expired,0
TXN-7acf9ede,C360-100125,Motor Insurance,2021-07-02,2022-07-02,384,Expired,0
TXN-864236ee,C360-100125,Motor Insurance,2022-07-02,2023-07-02,401,Expired,0
TXN-4acd5ce1,C360-100125,Motor Insurance,2023-07-02,2024-07-01,454,Expired,0
TXN-b37c1e3a,C360-100125,Motor Insurance,2024-07-01,2025-07-01,459,Expired,0
TXN-4d2fa6a9,C360-100125,Motor Insurance,2025-07-01,2026-07-01,580,Active,0
TXN-43a16d66,C360-100125,Accidental Insurance,2021-07-02,2022-07-02,1291,Expired,1
TXN-03f6625c,C360-100125,Accidental Insurance,2022-07-02,2023-07-02,1320,Expired,0
TXN-21ee9d84,C360-100125,Accidental Insurance,2023-07-02,2024-07-01,1313,Expired,0
TXN-4285ffb7,C360-100125,Accidental Insurance,2024-07-01,2025-07-01,1321,Expired,0
TXN-e01b9f24,C360-100125,Accidental Insurance,2025-07-01,2026-07-01,1395,Active,0
TXN-e9abc965,C360-100126,Health Insurance,2021-07-02,2022-07-02,905,Expired,0
TXN-08bb16d9,C360-100126,Life Insurance,2021-07-02,2022-07-02,1298,Expired,0
TXN-d5e3aa18,C360-100126,Motor Insurance,2021-07-02,2022-07-02,999,Expired,0
TXN-2077b1ce,C360-100126,Motor Insurance,2022-07-02,2023-07-02,1027,Expired,2
TXN-54e94983,C360-100126,Motor Insurance,2023-07-02,2024-07-01,1091,Expired,2
TXN-7ae16d6e,C360-100126,Motor Insurance,2024-07-01,2025-07-01,1113,Expired,0
TXN-4543709c,C360-100126,Motor Insurance,2025-07-01,2026-07-01,1111,Active,0
TXN-f431da32,C360-100126,Accidental Insurance,2021-07-02,2022-07-02,1108,Expired,0
TXN-c1ecb869,C360-100126,Accidental Insurance,2022-07-02,2023-07-02,1124,Expired,0
TXN-b8bc306f,C360-100127,Motor Insurance,2021-07-02,2022-07-02,509,Expired,0
TXN-b2cbde90,C360-100127,Motor Insurance,2022-07-02,2023-07-02,554,Expired,0
TXN-f4a5e282,C360-100127,Motor Insurance,2023-07-02,2024-07-01,539,Expired,0
TXN-aa9f6887,C360-100127,Motor Insurance,2024-07-01,2025-07-01,569,Expired,0
TXN-fef4e5d7,C360-100127,Motor Insurance,2025-07-01,2026-07-01,613,Active,1
TXN-89c61594,C360-100128,Health Insurance,2021-07-02,2022-07-02,429,Expired,0
TXN-3f0e741e,C360-100128,Health Insurance,2022-07-02,2023-07-02,459,Expired,0
TXN-a78de3b5,C360-100128,Health Insurance,2023-07-02,2024-07-01,477,Expired,0
TXN-f88cc39b,C360-100128,Health Insurance,2024-07-01,2025-07-01,498,Expired,0
TXN-82af31f4,C360-100128,Health Insurance,2025-07-01,2026-07-01,581,Active,0
TXN-2a18eba2,C360-100128,Life Insurance,2021-07-02,2022-07-02,446,Expired,0
TXN-cb5f99e8,C360-100128,Life Insurance,2022-07-02,2023-07-02,468,Expired,1
TXN-9a8d10a4,C360-100128,Life Insurance,2023-07-02,2024-07-01,476,Expired,1
TXN-9ac61213,C360-100128,Life Insurance,2024-07-01,2025-07-01,560,Expired,1
TXN-6efac853,C360-100128,Life Insurance,2025-07-01,2026-07-01,586,Active,1
TXN-e4ba9934,C360-100128,Motor Insurance,2021-07-02,2022-07-02,943,Expired,0
TXN-37c13a6f,C360-100128,Motor Insurance,2022-07-02,2023-07-02,965,Expired,0
TXN-c817c979,C360-100128,Motor Insurance,2023-07-02,2024-07-01,1021,Expired,0
TXN-d1ef55ad,C360-100128,Accidental Insurance,2021-07-02,2022-07-02,1248,Expired,1
TXN-da0ac822,C360-100128,Accidental Insurance,2022-07-02,2023-07-02,1289,Expired,2
TXN-de5efa31,C360-100128,Accidental Insurance,2023-07-02,2024-07-01,1280,Expired,1
TXN-328f5a20,C360-100129,Health Insurance,2021-07-02,2022-07-02,1219,Expired,2
TXN-dd724795,C360-100129,Health Insurance,2022-07-02,2023-07-02,1254,Expired,0
TXN-f7a9075a,C360-100129,Health Insurance,2023-07-02,2024-07-01,1291,Expired,1
TXN-510cae12,C360-100129,Health Insurance,2024-07-01,2025-07-01,1279,Expired,0
TXN-66a6bb9d,C360-100129,Health Insurance,2025-07-01,2026-07-01,1327,Active,1
TXN-42bbfad9,C360-100130,Accidental Insurance,2021-07-02,2022-07-02,703,Expired,0
TXN-9fd7f190,C360-100130,Accidental Insurance,2022-07-02,2023-07-02,718,Expired,0
TXN-f1f7e266,C360-100130,Accidental Insurance,2023-07-02,2024-07-01,753,Expired,2
TXN-5afa71c0,C360-100130,Accidental Insurance,2024-07-01,2025-07-01,775,Expired,1
TXN-b9609ca3,C360-100130,Accidental Insurance,2025-07-01,2026-07-01,803,Cancelled,0
TXN-21c01f57,C360-100131,Life Insurance,2021-07-02,2022-07-02,1072,Expired,0
TXN-1c020cb9,C360-100131,Life Insurance,2022-07-02,2023-07-02,1100,Expired,2
TXN-3871f63f,C360-100131,Life Insurance,2023-07-02,2024-07-01,1134,Expired,0
TXN-0057042b,C360-100132,Life Insurance,2021-07-02,2022-07-02,640,Expired,0
TXN-5b03bffa,C360-100133,Health Insurance,2021-07-02,2022-07-02,969,Expired,2
TXN-0e98ff45,C360-100133,Health Insurance,2022-07-02,2023-07-02,1017,Expired,0
TXN-414ee3aa,C360-100133,Health Insurance,2023-07-02,2024-07-01,997,Expired,1
TXN-3dae0400,C360-100133,Health Insurance,2024-07-01,2025-07-01,1068,Expired,0
TXN-e5593a1f,C360-100133,Health Insurance,2025-07-01,2026-07-01,1149,Active,0
TXN-fb969b79,C360-100133,Life Insurance,2021-07-02,2022-07-02,537,Expired,0
TXN-93f75576,C360-100133,Life Insurance,2022-07-02,2023-07-02,575,Expired,0
TXN-bf447279,C360-100133,Life Insurance,2023-07-02,2024-07-01,597,Expired,0
TXN-2259fb40,C360-100133,Life Insurance,2024-07-01,2025-07-01,594,Expired,0
TXN-2e95df5e,C360-100133,Life Insurance,2025-07-01,2026-07-01,737,Active,0
TXN-b07970f6,C360-100133,Motor Insurance,2021-07-02,2022-07-02,1225,Expired,2
TXN-7127dc22,C360-100133,Motor Insurance,2022-07-02,2023-07-02,1274,Expired,0
TXN-6a8bb58a,C360-100133,Motor Insurance,2023-07-02,2024-07-01,1267,Expired,0
TXN-43c7d3c6,C360-100133,Motor Insurance,2024-07-01,2025-07-01,1357,Expired,0
TXN-693435b6,C360-100133,Motor Insurance,2025-07-01,2026-07-01,1353,Active,0
TXN-ab47e32d,C360-100133,Accidental Insurance,2021-07-02,2022-07-02,1344,Expired,0
TXN-fe159fc5,C360-100133,Accidental Insurance,2022-07-02,2023-07-02,1357,Expired,1
TXN-39b7b81a,C360-100133,Accidental Insurance,2023-07-02,2024-07-01,1388,Expired,2
TXN-90a64369,C360-100133,Accidental Insurance,2024-07-01,2025-07-01,1431,Expired,0
TXN-f6af701f,C360-100133,Accidental Insurance,2025-07-01,2026-07-01,1432,Active,2
TXN-a2288401,C360-100134,Accidental Insurance,2021-07-02,2022-07-02,995,Expired,1
TXN-a231b100,C360-100134,Accidental Insurance,2022-07-02,2023-07-02,1043,Expired,0
TXN-00d17b93,C360-100134,Accidental Insurance,2023-07-02,2024-07-01,1019,Expired,0
TXN-124852d4,C360-100134,Accidental Insurance,2024-07-01,2025-07-01,1115,Expired,0
TXN-56d9cd2b,C360-100134,Accidental Insurance,2025-07-01,2026-07-01,1087,Active,0
TXN-fd41552f,C360-100134,Life Insurance,2021-07-02,2022-07-02,474,Expired,0
TXN-27802bc7,C360-100134,Life Insurance,2022-07-02,2023-07-02,521,Expired,0
TXN-70a62de3,C360-100134,Life Insurance,2023-07-02,2024-07-01,522,Expired,0
TXN-d9e936ec,C360-100134,Life Insurance,2024-07-01,2025-07-01,576,Expired,0
TXN-e37c23b8,C360-100134,Life Insurance,2025-07-01,2026-07-01,550,Active,1
TXN-834ee3aa,C360-100135,Motor Insurance,2021-07-02,2022-07-02,563,Expired,1
TXN-8d10dbc3,C360-100135,Motor Insurance,2022-07-02,2023-07-02,604,Expired,0
TXN-ca36cec3,C360-100135,Motor Insurance,2023-07-02,2024-07-01,623,Expired,0
TXN-94eabb0e,C360-100135,Motor Insurance,2024-07-01,2025-07-01,641,Expired,0
TXN-e98b97dd,C360-100135,Motor Insurance,2025-07-01,2026-07-01,619,Active,0
TXN-4a9470fd,C360-100135,Accidental Insurance,2021-07-02,2022-07-02,330,Expired,0
TXN-f959ded4,C360-100135,Accidental Insurance,2022-07-02,2023-07-02,357,Expired,1
TXN-fd28f212,C360-100135,Accidental Insurance,2023-07-02,2024-07-01,374,Expired,0
TXN-36216dd6,C360-100135,Accidental Insurance,2024-07-01,2025-07-01,447,Expired,0
TXN-c7faa7a9,C360-100135,Accidental Insurance,2025-07-01,2026-07-01,438,Active,0
TXN-f2dbf731,C360-100136,Life Insurance,2021-07-02,2022-07-02,580,Expired,0
TXN-16b0cb55,C360-100136,Life Insurance,2022-07-02,2023-07-02,626,Expired,0
TXN-40a2193d,C360-100136,Life Insurance,2023-07-02,2024-07-01,618,Expired,1
TXN-b4b004b2,C360-100136,Life Insurance,2024-07-01,2025-07-01,709,Expired,0
TXN-6d90a855,C360-100136,Life Insurance,2025-07-01,2026-07-01,636,Active,0
TXN-1a8cf7f6,C360-100137,Health Insurance,2021-07-02,2022-07-02,705,Expired,0
TXN-6359f1c9,C360-100137,Health Insurance,2022-07-02,2023-07-02,725,Expired,0
TXN-d1434f91,C360-100137,Health Insurance,2023-07-02,2024-07-01,733,Expired,2
TXN-6c68206c,C360-100137,Health Insurance,2024-07-01,2025-07-01,771,Expired,0
TXN-5e4d48ad,C360-100137,Health Insurance,2025-07-01,2026-07-01,781,Active,1
TXN-c295ca24,C360-100137,Life Insurance,2021-07-02,2022-07-02,713,Expired,0
TXN-5587cadf,C360-100137,Life Insurance,2022-07-02,2023-07-02,755,Expired,0
TXN-5d8a3b66,C360-100137,Life Insurance,2023-07-02,2024-07-01,791,Expired,0
TXN-e4acf6e1,C360-100137,Life Insurance,2024-07-01,2025-07-01,791,Expired,1
TXN-66393ae8,C360-100137,Life Insurance,2025-07-01,2026-07-01,865,Active,0
TXN-cd16b552,C360-100137,Motor Insurance,2021-07-02,2022-07-02,1124,Expired,0
TXN-05981f15,C360-100137,Motor Insurance,2022-07-02,2023-07-02,1166,Expired,1
TXN-f6cbc3a5,C360-100137,Motor Insurance,2023-07-02,2024-07-01,1186,Expired,0
TXN-877ff3df,C360-100137,Motor Insurance,2024-07-01,2025-07-01,1247,Expired,0
TXN-577acf28,C360-100137,Motor Insurance,2025-07-01,2026-07-01,1280,Active,0
TXN-f491ac2e,C360-100137,Accidental Insurance,2021-07-02,2022-07-02,871,Expired,0
TXN-a7b27ec5,C360-100137,Accidental Insurance,2022-07-02,2023-07-02,898,Expired,0
TXN-a716945a,C360-100137,Accidental Insurance,2023-07-02,2024-07-01,913,Expired,1
TXN-1d64725e,C360-100137,Accidental Insurance,2024-07-01,2025-07-01,943,Expired,0
TXN-76fd9cf9,C360-100137,Accidental Insurance,2025-07-01,2026-07-01,1059,Active,1
TXN-2259e773,C360-100139,Health Insurance,2021-07-02,2022-07-02,686,Expired,0
TXN-dd07f4e6,C360-100139,Health Insurance,2022-07-02,2023-07-02,707,Expired,1
TXN-6157e229,C360-100139,Health Insurance,2023-07-02,2024-07-01,708,Expired,0
TXN-4f133c8c,C360-100139,Health Insurance,2024-07-01,2025-07-01,821,Expired,0
TXN-291d7524,C360-100139,Health Insurance,2025-07-01,2026-07-01,862,Active,1
TXN-7074df30,C360-100140,Life Insurance,2021-07-02,2022-07-02,700,Expired,1
TXN-4054bb18,C360-100140,Motor Insurance,2021-07-02,2022-07-02,1478,Expired,0
TXN-62e0cd58,C360-100141,Life Insurance,2021-07-02,2022-07-02,520,Expired,0
TXN-85f945a2,C360-100141,Life Insurance,2022-07-02,2023-07-02,542,Expired,0
TXN-0a86452e,C360-100141,Life Insurance,2023-07-02,2024-07-01,594,Expired,2
TXN-ccae295c,C360-100141,Life Insurance,2024-07-01,2025-07-01,595,Expired,0
TXN-b3b9795c,C360-100141,Life Insurance,2025-07-01,2026-07-01,564,Active,1
TXN-43e4743a,C360-100142,Health Insurance,2021-07-02,2022-07-02,651,Expired,2
TXN-124c01ee,C360-100142,Health Insurance,2022-07-02,2023-07-02,667,Expired,0
TXN-145a1d3a,C360-100142,Health Insurance,2023-07-02,2024-07-01,719,Expired,0
TXN-fbdd9164,C360-100142,Health Insurance,2024-07-01,2025-07-01,693,Expired,0
TXN-590bb138,C360-100142,Health Insurance,2025-07-01,2026-07-01,735,Active,0
TXN-2df1fc31,C360-100143,Health Insurance,2021-07-02,2022-07-02,597,Expired,1
TXN-1cf6a450,C360-100143,Health Insurance,2022-07-02,2023-07-02,632,Expired,0
TXN-4433d256,C360-100143,Health Insurance,2023-07-02,2024-07-01,641,Expired,0
TXN-81bf9d0e,C360-100143,Health Insurance,2024-07-01,2025-07-01,642,Expired,0
TXN-c81accaa,C360-100143,Health Insurance,2025-07-01,2026-07-01,713,Active,0
TXN-2403a25e,C360-100144,Accidental Insurance,2021-07-02,2022-07-02,557,Expired,0
TXN-48f865a6,C360-100144,Accidental Insurance,2022-07-02,2023-07-02,583,Expired,0
TXN-ad6060f8,C360-100144,Accidental Insurance,2023-07-02,2024-07-01,595,Expired,0
TXN-bc8133d3,C360-100144,Accidental Insurance,2024-07-01,2025-07-01,698,Expired,0
TXN-1e674456,C360-100144,Accidental Insurance,2025-07-01,2026-07-01,621,Active,0
TXN-4ec3b570,C360-100144,Life Insurance,2021-07-02,2022-07-02,840,Expired,0
TXN-5b664311,C360-100144,Life Insurance,2022-07-02,2023-07-02,879,Expired,0
TXN-973ed1ce,C360-100144,Life Insurance,2023-07-02,2024-07-01,940,Expired,0
TXN-dccdb349,C360-100144,Life Insurance,2024-07-01,2025-07-01,888,Expired,0
TXN-c2dd89b4,C360-100144,Life Insurance,2025-07-01,2026-07-01,972,Active,1
TXN-7acbf8cd,C360-100145,Health Insurance,2021-07-02,2022-07-02,551,Expired,0
TXN-d58d5568,C360-100145,Health Insurance,2022-07-02,2023-07-02,571,Expired,0
TXN-06ca6eea,C360-100145,Health Insurance,2023-07-02,2024-07-01,617,Expired,0
TXN-a0cbf090,C360-100145,Health Insurance,2024-07-01,2025-07-01,671,Expired,0
TXN-64b56581,C360-100145,Health Insurance,2025-07-01,2026-07-01,599,Active,0
TXN-f10ff31c,C360-100145,Motor Insurance,2021-07-02,2022-07-02,1407,Expired,0
TXN-742e5867,C360-100145,Motor Insurance,2022-07-02,2023-07-02,1417,Expired,1
TXN-e8953335,C360-100145,Motor Insurance,2023-07-02,2024-07-01,1447,Expired,0
TXN-df11f062,C360-100145,Motor Insurance,2024-07-01,2025-07-01,1545,Expired,0
TXN-ade86cbe,C360-100145,Motor Insurance,2025-07-01,2026-07-01,1539,Active,0
TXN-cb853932,C360-100146,Accidental Insurance,2021-07-02,2022-07-02,1272,Expired,1
TXN-f89ec846,C360-100146,Accidental Insurance,2022-07-02,2023-07-02,1322,Expired,0
TXN-9339442a,C360-100146,Accidental Insurance,2023-07-02,2024-07-01,1348,Expired,0
TXN-a198d857,C360-100146,Accidental Insurance,2024-07-01,2025-07-01,1395,Expired,0
TXN-7e06c66b,C360-100146,Accidental Insurance,2025-07-01,2026-07-01,1352,Active,0
TXN-c417dc79,C360-100147,Health Insurance,2021-07-02,2022-07-02,362,Expired,1
TXN-0cc42bee,C360-100147,Health Insurance,2022-07-02,2023-07-02,406,Expired,1
TXN-99125adb,C360-100147,Health Insurance,2023-07-02,2024-07-01,420,Expired,0
TXN-ebb273ef,C360-100147,Health Insurance,2024-07-01,2025-07-01,455,Expired,0
TXN-a6eb4a39,C360-100147,Health Insurance,2025-07-01,2026-07-01,454,Active,0
TXN-fa3cd3e9,C360-100147,Life Insurance,2021-07-02,2022-07-02,913,Expired,0
TXN-d3ca9fee,C360-100147,Life Insurance,2022-07-02,2023-07-02,942,Expired,0
TXN-65824a27,C360-100147,Life Insurance,2023-07-02,2024-07-01,987,Expired,2
TXN-2b44a5f4,C360-100147,Life Insurance,2024-07-01,2025-07-01,1006,Expired,0
TXN-d5dee3e6,C360-100147,Life Insurance,2025-07-01,2026-07-01,1061,Active,0
TXN-8c229549,C360-100147,Motor Insurance,2021-07-02,2022-07-02,310,Expired,0
TXN-3a77eb34,C360-100147,Motor Insurance,2022-07-02,2023-07-02,323,Expired,0
TXN-c0cdbc43,C360-100147,Motor Insurance,2023-07-02,2024-07-01,368,Expired,0
TXN-5a3f1827,C360-100147,Motor Insurance,2024-07-01,2025-07-01,349,Expired,0
TXN-814fb053,C360-100147,Motor Insurance,2025-07-01,2026-07-01,410,Active,0
TXN-d122bf96,C360-100147,Accidental Insurance,2021-07-02,2022-07-02,568,Expired,0
TXN-38d175a1,C360-100147,Accidental Insurance,2022-07-02,2023-07-02,587,Expired,0
TXN-06d34c16,C360-100147,Accidental Insurance,2023-07-02,2024-07-01,666,Expired,0
TXN-44ee7263,C360-100147,Accidental Insurance,2024-07-01,2025-07-01,640,Expired,1
TXN-85937ae6,C360-100147,Accidental Insurance,2025-07-01,2026-07-01,744,Active,0
TXN-2709174f,C360-100148,Accidental Insurance,2021-07-02,2022-07-02,1364,Expired,0
TXN-b122b029,C360-100148,Accidental Insurance,2022-07-02,2023-07-02,1388,Expired,0
TXN-fa80ede3,C360-100148,Accidental Insurance,2023-07-02,2024-07-01,1456,Expired,0
TXN-5826fc7f,C360-100148,Accidental Insurance,2024-07-01,2025-07-01,1403,Expired,0
TXN-61658dc5,C360-100148,Accidental Insurance,2025-07-01,2026-07-01,1432,Active,1
TXN-5d4a99a5,C360-100149,Motor Insurance,2021-07-02,2022-07-02,1268,Expired,0
TXN-a02b8078,C360-100149,Motor Insurance,2022-07-02,2023-07-02,1317,Expired,0
TXN-fb24c66c,C360-100149,Motor Insurance,2023-07-02,2024-07-01,1356,Expired,0
TXN-cc86a83c,C360-100149,Motor Insurance,2024-07-01,2025-07-01,1397,Expired,0
TXN-3e84abb4,C360-100149,Motor Insurance,2025-07-01,2026-07-01,1420,Active,0
TXN-789599b8,C360-100149,Life Insurance,2021-07-02,2022-07-02,933,Expired,0
TXN-ecf25665,C360-100149,Life Insurance,2022-07-02,2023-07-02,972,Expired,2
TXN-1d36e062,C360-100149,Life Insurance,2023-07-02,2024-07-01,979,Expired,0
TXN-b4610cce,C360-100149,Life Insurance,2024-07-01,2025-07-01,1014,Expired,1
TXN-cbc32523,C360-100149,Life Insurance,2025-07-01,2026-07-01,1001,Active,0
TXN-d91a5508,C360-100150,Health Insurance,2021-07-02,2022-07-02,1443,Expired,1
TXN-36829542,C360-100150,Health Insurance,2022-07-02,2023-07-02,1479,Expired,0
TXN-030121af,C360-100150,Health Insurance,2023-07-02,2024-07-01,1499,Expired,0
TXN-25dd4772,C360-100150,Health Insurance,2024-07-01,2025-07-01,1581,Expired,2
TXN-17e21753,C360-100150,Health Insurance,2025-07-01,2026-07-01,1619,Cancelled,0
TXN-bc9f6386,C360-100151,Accidental Insurance,2021-07-02,2022-07-02,616,Expired,1
TXN-56fb11b8,C360-100151,Accidental Insurance,2022-07-02,2023-07-02,658,Expired,1
TXN-427e5be2,C360-100151,Health Insurance,2021-07-02,2022-07-02,409,Expired,0
TXN-fa0560b3,C360-100151,Health Insurance,2022-07-02,2023-07-02,453,Expired,0
TXN-29def222,C360-100151,Health Insurance,2023-07-02,2024-07-01,487,Expired,0
TXN-c798b397,C360-100151,Health Insurance,2024-07-01,2025-07-01,463,Expired,0
TXN-15d9f9d7,C360-100151,Health Insurance,2025-07-01,2026-07-01,525,Active,0
TXN-729fcd56,C360-100152,Motor Insurance,2021-07-02,2022-07-02,1011,Expired,0
TXN-bbedfe5e,C360-100152,Motor Insurance,2022-07-02,2023-07-02,1042,Expired,0
TXN-dee76cf8,C360-100152,Motor Insurance,2023-07-02,2024-07-01,1093,Expired,0
TXN-a0c7d02d,C360-100152,Motor Insurance,2024-07-01,2025-07-01,1059,Expired,0
TXN-8d7a139a,C360-100152,Motor Insurance,2025-07-01,2026-07-01,1063,Active,0
TXN-f74fe5cc,C360-100152,Accidental Insurance,2021-07-02,2022-07-02,1091,Expired,0
TXN-a884b6c4,C360-100152,Accidental Insurance,2022-07-02,2023-07-02,1117,Expired,0
TXN-aaa2f72e,C360-100152,Accidental Insurance,2023-07-02,2024-07-01,1113,Expired,0
TXN-70c8fe29,C360-100152,Accidental Insurance,2024-07-01,2025-07-01,1196,Expired,1
TXN-a5ef678e,C360-100152,Accidental Insurance,2025-07-01,2026-07-01,1259,Active,0
TXN-002661c8,C360-100153,Motor Insurance,2021-07-02,2022-07-02,1271,Expired,0
TXN-21abd8a3,C360-100153,Motor Insurance,2022-07-02,2023-07-02,1288,Expired,0
TXN-d4b183e6,C360-100153,Motor Insurance,2023-07-02,2024-07-01,1329,Expired,0
TXN-91caa5ca,C360-100153,Motor Insurance,2024-07-01,2025-07-01,1322,Expired,0
TXN-03e7eea2,C360-100153,Motor Insurance,2025-07-01,2026-07-01,1339,Active,0
TXN-3c1aa9c0,C360-100154,Health Insurance,2021-07-02,2022-07-02,517,Expired,0
TXN-76c4ff96,C360-100154,Health Insurance,2022-07-02,2023-07-02,545,Expired,0
TXN-dfc4986e,C360-100154,Health Insurance,2023-07-02,2024-07-01,607,Expired,0
TXN-2cb33081,C360-100154,Health Insurance,2024-07-01,2025-07-01,595,Expired,0
TXN-94f92a91,C360-100154,Health Insurance,2025-07-01,2026-07-01,697,Active,0
TXN-fa4b43af,C360-100154,Life Insurance,2021-07-02,2022-07-02,860,Expired,0
TXN-f2266855,C360-100154,Life Insurance,2022-07-02,2023-07-02,886,Expired,0
TXN-b0364826,C360-100154,Life Insurance,2023-07-02,2024-07-01,892,Expired,2
TXN-d0169fad,C360-100154,Life Insurance,2024-07-01,2025-07-01,893,Expired,0
TXN-7be6e693,C360-100154,Life Insurance,2025-07-01,2026-07-01,976,Active,0
TXN-5068152c,C360-100154,Motor Insurance,2021-07-02,2022-07-02,455,Expired,0
TXN-1d190e9d,C360-100154,Motor Insurance,2022-07-02,2023-07-02,505,Expired,1
TXN-fb0b6264,C360-100154,Motor Insurance,2023-07-02,2024-07-01,487,Expired,1
TXN-8e22f378,C360-100154,Motor Insurance,2024-07-01,2025-07-01,551,Expired,0
TXN-ce6bf540,C360-100154,Motor Insurance,2025-07-01,2026-07-01,651,Active,0
TXN-dcbad659,C360-100154,Accidental Insurance,2021-07-02,2022-07-02,994,Expired,0
TXN-9af728f6,C360-100154,Accidental Insurance,2022-07-02,2023-07-02,1014,Expired,0
TXN-83c2c280,C360-100154,Accidental Insurance,2023-07-02,2024-07-01,1028,Expired,0
TXN-fab4ab06,C360-100154,Accidental Insurance,2024-07-01,2025-07-01,1027,Expired,0
TXN-b692b201,C360-100154,Accidental Insurance,2025-07-01,2026-07-01,1086,Active,0
TXN-372672d1,C360-100155,Life Insurance,2021-07-02,2022-07-02,923,Expired,0
TXN-cc0811b6,C360-100155,Life Insurance,2022-07-02,2023-07-02,948,Expired,1
TXN-cb1cc556,C360-100155,Life Insurance,2023-07-02,2024-07-01,971,Expired,0
TXN-1de5e3b9,C360-100155,Life Insurance,2024-07-01,2025-07-01,962,Expired,0
TXN-4a70afd5,C360-100155,Life Insurance,2025-07-01,2026-07-01,1107,Active,0
TXN-4a2a3948,C360-100156,Motor Insurance,2021-07-02,2022-07-02,1354,Expired,0
TXN-b96e9e57,C360-100156,Motor Insurance,2022-07-02,2023-07-02,1397,Expired,2
TXN-0ff86555,C360-100156,Motor Insurance,2023-07-02,2024-07-01,1454,Expired,0
TXN-c76fcb4d,C360-100156,Motor Insurance,2024-07-01,2025-07-01,1393,Expired,0
TXN-c8791193,C360-100156,Motor Insurance,2025-07-01,2026-07-01,1510,Active,0
TXN-79ec94f6,C360-100157,Health Insurance,2021-07-02,2022-07-02,955,Expired,1
TXN-c4613d62,C360-100157,Health Insurance,2022-07-02,2023-07-02,981,Expired,0
TXN-3f01f673,C360-100157,Health Insurance,2023-07-02,2024-07-01,1011,Expired,0
TXN-b63e6d0c,C360-100157,Health Insurance,2024-07-01,2025-07-01,1087,Expired,0
TXN-c8b87bec,C360-100157,Health Insurance,2025-07-01,2026-07-01,1011,Cancelled,0
TXN-c81f6cdd,C360-100158,Motor Insurance,2021-07-02,2022-07-02,312,Expired,0
TXN-f524bada,C360-100158,Motor Insurance,2022-07-02,2023-07-02,356,Expired,0
TXN-af8be32e,C360-100158,Accidental Insurance,2021-07-02,2022-07-02,525,Expired,0
TXN-04253602,C360-100158,Accidental Insurance,2022-07-02,2023-07-02,566,Expired,0
TXN-eb292cbd,C360-100158,Accidental Insurance,2023-07-02,2024-07-01,551,Expired,0
TXN-f1b31064,C360-100159,Health Insurance,2021-07-02,2022-07-02,1167,Expired,1
TXN-0eb6bc67,C360-100159,Health Insurance,2022-07-02,2023-07-02,1178,Expired,0
TXN-fceee9bd,C360-100159,Health Insurance,2023-07-02,2024-07-01,1235,Expired,0
TXN-2b35e552,C360-100159,Health Insurance,2024-07-01,2025-07-01,1233,Expired,0
TXN-44324dd2,C360-100159,Health Insurance,2025-07-01,2026-07-01,1303,Active,0
TXN-11489bdb,C360-100159,Life Insurance,2021-07-02,2022-07-02,942,Expired,1
TXN-9bbd54e2,C360-100159,Life Insurance,2022-07-02,2023-07-02,989,Expired,0
TXN-b3db8c59,C360-100159,Life Insurance,2023-07-02,2024-07-01,998,Expired,0
TXN-347227c1,C360-100159,Life Insurance,2024-07-01,2025-07-01,1089,Expired,0
TXN-a790c34e,C360-100159,Life Insurance,2025-07-01,2026-07-01,1138,Active,0
TXN-a01e15db,C360-100159,Motor Insurance,2021-07-02,2022-07-02,615,Expired,0
TXN-6b615135,C360-100159,Motor Insurance,2022-07-02,2023-07-02,651,Expired,0
TXN-1ea495d9,C360-100159,Motor Insurance,2023-07-02,2024-07-01,649,Expired,1
TXN-f4549035,C360-100159,Motor Insurance,2024-07-01,2025-07-01,729,Expired,0
TXN-9984ac27,C360-100159,Motor Insurance,2025-07-01,2026-07-01,655,Active,0
TXN-09eb7ae1,C360-100159,Accidental Insurance,2021-07-02,2022-07-02,932,Expired,0
TXN-3ed7ba38,C360-100159,Accidental Insurance,2022-07-02,2023-07-02,953,Expired,0
TXN-4dee6f14,C360-100159,Accidental Insurance,2023-07-02,2024-07-01,1012,Expired,0
TXN-0ad76980,C360-100159,Accidental Insurance,2024-07-01,2025-07-01,1052,Expired,0
TXN-76e2df6d,C360-100159,Accidental Insurance,2025-07-01,2026-07-01,1076,Active,0
TXN-9e2be307,C360-100160,Health Insurance,2021-07-02,2022-07-02,766,Expired,1
TXN-8e9a9522,C360-100160,Health Insurance,2022-07-02,2023-07-02,789,Expired,0
TXN-86b41fd2,C360-100160,Health Insurance,2023-07-02,2024-07-01,796,Expired,0
TXN-1eef4723,C360-100160,Health Insurance,2024-07-01,2025-07-01,823,Expired,0
TXN-dd17d88b,C360-100160,Health Insurance,2025-07-01,2026-07-01,922,Cancelled,0
TXN-0d9b8169,C360-100160,Motor Insurance,2021-07-02,2022-07-02,768,Expired,0
TXN-58e2ec55,C360-100160,Motor Insurance,2022-07-02,2023-07-02,796,Expired,0
TXN-0181e9d0,C360-100160,Motor Insurance,2023-07-02,2024-07-01,812,Expired,0
TXN-77664c6c,C360-100160,Motor Insurance,2024-07-01,2025-07-01,918,Expired,2
TXN-90681e58,C360-100160,Motor Insurance,2025-07-01,2026-07-01,864,Cancelled,1
TXN-735a942c,C360-100161,Life Insurance,2021-07-02,2022-07-02,1399,Expired,0
TXN-b46a8bb5,C360-100161,Life Insurance,2022-07-02,2023-07-02,1445,Expired,0
TXN-1f4e8dea,C360-100161,Life Insurance,2023-07-02,2024-07-01,1433,Expired,0
TXN-88bebca5,C360-100161,Life Insurance,2024-07-01,2025-07-01,1456,Expired,0
TXN-1faea471,C360-100161,Life Insurance,2025-07-01,2026-07-01,1563,Cancelled,0
TXN-e1701f66,C360-100162,Motor Insurance,2021-07-02,2022-07-02,892,Expired,0
TXN-fe0146f5,C360-100162,Motor Insurance,2022-07-02,2023-07-02,913,Expired,1
TXN-92b931ad,C360-100162,Motor Insurance,2023-07-02,2024-07-01,918,Expired,0
TXN-397cba7d,C360-100162,Motor Insurance,2024-07-01,2025-07-01,1000,Expired,0
TXN-4df3bbe8,C360-100162,Motor Insurance,2025-07-01,2026-07-01,1092,Active,2
TXN-9dc793e0,C360-100163,Health Insurance,2021-07-02,2022-07-02,1074,Expired,1
TXN-e4f05cb0,C360-100163,Health Insurance,2022-07-02,2023-07-02,1124,Expired,0
TXN-87cf6dff,C360-100163,Health Insurance,2023-07-02,2024-07-01,1132,Expired,0
TXN-941ceac8,C360-100163,Health Insurance,2024-07-01,2025-07-01,1158,Expired,0
TXN-1de2bb20,C360-100163,Health Insurance,2025-07-01,2026-07-01,1234,Active,0
TXN-c497a5a2,C360-100163,Life Insurance,2021-07-02,2022-07-02,1330,Expired,0
TXN-a4318643,C360-100163,Life Insurance,2022-07-02,2023-07-02,1353,Expired,0
TXN-30ddaee1,C360-100163,Life Insurance,2023-07-02,2024-07-01,1418,Expired,0
TXN-572806c8,C360-100163,Life Insurance,2024-07-01,2025-07-01,1402,Expired,0
TXN-e45a1541,C360-100163,Life Insurance,2025-07-01,2026-07-01,1410,Active,0
TXN-04b50b95,C360-100163,Motor Insurance,2021-07-02,2022-07-02,706,Expired,0
TXN-bc61a42a,C360-100163,Motor Insurance,2022-07-02,2023-07-02,755,Expired,0
TXN-8146639d,C360-100163,Motor Insurance,2023-07-02,2024-07-01,760,Expired,0
TXN-29db1736,C360-100163,Motor Insurance,2024-07-01,2025-07-01,856,Expired,0
TXN-5a7c6508,C360-100163,Motor Insurance,2025-07-01,2026-07-01,902,Active,2
TXN-5d5bd1a9,C360-100163,Accidental Insurance,2021-07-02,2022-07-02,1159,Expired,0
TXN-fa971bd0,C360-100163,Accidental Insurance,2022-07-02,2023-07-02,1185,Expired,0
TXN-bca1c580,C360-100163,Accidental Insurance,2023-07-02,2024-07-01,1245,Expired,0
TXN-8a5c385f,C360-100163,Accidental Insurance,2024-07-01,2025-07-01,1258,Expired,0
TXN-6d76bc07,C360-100163,Accidental Insurance,2025-07-01,2026-07-01,1299,Active,0
TXN-d51da1fd,C360-100164,Health Insurance,2021-07-02,2022-07-02,1499,Expired,0
TXN-705215a2,C360-100164,Health Insurance,2022-07-02,2023-07-02,1511,Expired,0
TXN-36197acc,C360-100164,Health Insurance,2023-07-02,2024-07-01,1545,Expired,1
TXN-29e6481d,C360-100164,Health Insurance,2024-07-01,2025-07-01,1628,Expired,0
TXN-8cdb434d,C360-100164,Health Insurance,2025-07-01,2026-07-01,1615,Active,0
TXN-c47946f6,C360-100164,Life Insurance,2021-07-02,2022-07-02,315,Expired,0
TXN-01937304,C360-100164,Life Insurance,2022-07-02,2023-07-02,347,Expired,0
TXN-40c299e9,C360-100164,Life Insurance,2023-07-02,2024-07-01,403,Expired,0
TXN-72075f59,C360-100164,Life Insurance,2024-07-01,2025-07-01,354,Expired,0
TXN-668a0026,C360-100164,Life Insurance,2025-07-01,2026-07-01,515,Active,0
TXN-f83dfcd1,C360-100164,Motor Insurance,2021-07-02,2022-07-02,1158,Expired,1
TXN-15508f3a,C360-100164,Motor Insurance,2022-07-02,2023-07-02,1178,Expired,0
TXN-98b34a0e,C360-100164,Motor Insurance,2023-07-02,2024-07-01,1238,Expired,0
TXN-49c2075d,C360-100164,Motor Insurance,2024-07-01,2025-07-01,1266,Expired,1
TXN-83753483,C360-100164,Motor Insurance,2025-07-01,2026-07-01,1338,Active,0
TXN-f212a6ee,C360-100164,Accidental Insurance,2021-07-02,2022-07-02,362,Expired,0
TXN-34994600,C360-100164,Accidental Insurance,2022-07-02,2023-07-02,372,Expired,0
TXN-cc7bb010,C360-100164,Accidental Insurance,2023-07-02,2024-07-01,382,Expired,0
TXN-07456508,C360-100164,Accidental Insurance,2024-07-01,2025-07-01,503,Expired,0
TXN-e78fcf04,C360-100164,Accidental Insurance,2025-07-01,2026-07-01,406,Active,0
TXN-0f6079f6,C360-100165,Health Insurance,2021-07-02,2022-07-02,1154,Expired,0
TXN-87c3b064,C360-100165,Health Insurance,2022-07-02,2023-07-02,1200,Expired,0
TXN-7b084052,C360-100165,Health Insurance,2023-07-02,2024-07-01,1224,Expired,1
TXN-3294b405,C360-100165,Health Insurance,2024-07-01,2025-07-01,1292,Expired,0
TXN-d1027e03,C360-100165,Health Insurance,2025-07-01,2026-07-01,1338,Active,1
TXN-07545b80,C360-100165,Life Insurance,2021-07-02,2022-07-02,395,Expired,0
TXN-7932a1bd,C360-100165,Life Insurance,2022-07-02,2023-07-02,405,Expired,0
TXN-3604f121,C360-100165,Life Insurance,2023-07-02,2024-07-01,423,Expired,0
TXN-db56d8e2,C360-100165,Life Insurance,2024-07-01,2025-07-01,488,Expired,0
TXN-88a9935a,C360-100165,Life Insurance,2025-07-01,2026-07-01,535,Active,0
TXN-566f5589,C360-100166,Life Insurance,2021-07-02,2022-07-02,1109,Expired,0
TXN-b602ab69,C360-100166,Life Insurance,2022-07-02,2023-07-02,1123,Expired,1
TXN-fb26f8d2,C360-100166,Life Insurance,2023-07-02,2024-07-01,1173,Expired,0
TXN-da80af14,C360-100166,Life Insurance,2024-07-01,2025-07-01,1151,Expired,0
TXN-d2a63a93,C360-100166,Life Insurance,2025-07-01,2026-07-01,1301,Active,1
TXN-52f55184,C360-100166,Health Insurance,2021-07-02,2022-07-02,355,Expired,2
TXN-7720e2e8,C360-100166,Health Insurance,2022-07-02,2023-07-02,376,Expired,0
TXN-80b7cd3b,C360-100166,Health Insurance,2023-07-02,2024-07-01,397,Expired,0
TXN-3c654fc8,C360-100166,Health Insurance,2024-07-01,2025-07-01,478,Expired,0
TXN-3bca2356,C360-100166,Health Insurance,2025-07-01,2026-07-01,439,Active,0
TXN-5be19963,C360-100167,Health Insurance,2021-07-02,2022-07-02,1249,Expired,0
TXN-29c5bab3,C360-100167,Health Insurance,2022-07-02,2023-07-02,1282,Expired,0
TXN-dc4cbb32,C360-100167,Health Insurance,2023-07-02,2024-07-01,1269,Expired,0
TXN-364b035c,C360-100167,Health Insurance,2024-07-01,2025-07-01,1345,Expired,0
TXN-bb13d7c0,C360-100167,Health Insurance,2025-07-01,2026-07-01,1337,Active,0
TXN-3f8ee371,C360-100168,Motor Insurance,2021-07-02,2022-07-02,616,Expired,0
TXN-930f2e2c,C360-100168,Motor Insurance,2022-07-02,2023-07-02,646,Expired,0
TXN-833c6385,C360-100168,Motor Insurance,2023-07-02,2024-07-01,688,Expired,0
TXN-f58073d1,C360-100168,Motor Insurance,2024-07-01,2025-07-01,652,Expired,0
TXN-93a09df6,C360-100168,Motor Insurance,2025-07-01,2026-07-01,796,Active,1
TXN-a4efdb43,C360-100168,Accidental Insurance,2021-07-02,2022-07-02,1436,Expired,0
TXN-7a8c9331,C360-100168,Accidental Insurance,2022-07-02,2023-07-02,1481,Expired,2
TXN-04db2497,C360-100168,Accidental Insurance,2023-07-02,2024-07-01,1494,Expired,0
TXN-e9360ff1,C360-100168,Accidental Insurance,2024-07-01,2025-07-01,1478,Expired,0
TXN-e5e4c342,C360-100168,Accidental Insurance,2025-07-01,2026-07-01,1520,Active,0
TXN-823ed597,C360-100169,Motor Insurance,2021-07-02,2022-07-02,1149,Expired,1
TXN-69ea70c1,C360-100169,Motor Insurance,2022-07-02,2023-07-02,1178,Expired,0
TXN-5e2650dc,C360-100169,Motor Insurance,2023-07-02,2024-07-01,1175,Expired,0
TXN-f4e656d2,C360-100169,Motor Insurance,2024-07-01,2025-07-01,1248,Expired,1
TXN-10cd7a1c,C360-100169,Motor Insurance,2025-07-01,2026-07-01,1309,Active,0
TXN-dd87d130,C360-100170,Motor Insurance,2021-07-02,2022-07-02,1050,Expired,0
TXN-56d184b0,C360-100171,Health Insurance,2021-07-02,2022-07-02,1060,Expired,0
TXN-8b01b06d,C360-100171,Health Insurance,2022-07-02,2023-07-02,1083,Expired,1
TXN-c1d4eacd,C360-100171,Health Insurance,2023-07-02,2024-07-01,1126,Expired,0
TXN-c58b72da,C360-100171,Health Insurance,2024-07-01,2025-07-01,1198,Expired,1
TXN-92f53b4d,C360-100171,Health Insurance,2025-07-01,2026-07-01,1232,Active,0
TXN-34ae21f1,C360-100172,Life Insurance,2021-07-02,2022-07-02,1374,Expired,0
TXN-abbc45c5,C360-100172,Life Insurance,2022-07-02,2023-07-02,1400,Expired,0
TXN-cf8eaf86,C360-100172,Life Insurance,2023-07-02,2024-07-01,1470,Expired,0
TXN-b3201bd0,C360-100172,Life Insurance,2024-07-01,2025-07-01,1425,Expired,0
TXN-c11a39ba,C360-100172,Life Insurance,2025-07-01,2026-07-01,1506,Active,0
TXN-f67df4c2,C360-100172,Health Insurance,2021-07-02,2022-07-02,344,Expired,0
TXN-0b98b25d,C360-100172,Health Insurance,2022-07-02,2023-07-02,381,Expired,0
TXN-e426ed35,C360-100172,Health Insurance,2023-07-02,2024-07-01,364,Expired,0
TXN-3999570b,C360-100172,Health Insurance,2024-07-01,2025-07-01,479,Expired,0
TXN-0ab13779,C360-100172,Health Insurance,2025-07-01,2026-07-01,468,Active,0
TXN-b71a9c59,C360-100173,Motor Insurance,2021-07-02,2022-07-02,320,Expired,1
TXN-5f5555ff,C360-100173,Motor Insurance,2022-07-02,2023-07-02,330,Expired,0
TXN-fddce8e9,C360-100174,Health Insurance,2021-07-02,2022-07-02,1022,Expired,0
TXN-ea122ef2,C360-100174,Health Insurance,2022-07-02,2023-07-02,1067,Expired,0
TXN-61272f6c,C360-100174,Health Insurance,2023-07-02,2024-07-01,1056,Expired,1
TXN-b44a6ba9,C360-100174,Health Insurance,2024-07-01,2025-07-01,1109,Expired,0
TXN-348378e0,C360-100174,Health Insurance,2025-07-01,2026-07-01,1146,Active,1
TXN-67efd40c,C360-100174,Life Insurance,2021-07-02,2022-07-02,1310,Expired,0
TXN-f39ca589,C360-100174,Life Insurance,2022-07-02,2023-07-02,1325,Expired,0
TXN-4f2b5a1c,C360-100174,Life Insurance,2023-07-02,2024-07-01,1380,Expired,1
TXN-d7cf0d6c,C360-100174,Life Insurance,2024-07-01,2025-07-01,1454,Expired,2
TXN-933bcc98,C360-100174,Life Insurance,2025-07-01,2026-07-01,1430,Active,0
TXN-3bccf0e8,C360-100174,Motor Insurance,2021-07-02,2022-07-02,1491,Expired,0
TXN-9068d54d,C360-100174,Motor Insurance,2022-07-02,2023-07-02,1513,Expired,2
TXN-33e5f8f3,C360-100174,Motor Insurance,2023-07-02,2024-07-01,1569,Expired,0
TXN-01063dd4,C360-100174,Motor Insurance,2024-07-01,2025-07-01,1581,Expired,0
TXN-851408bb,C360-100174,Motor Insurance,2025-07-01,2026-07-01,1583,Active,1
TXN-75ead64d,C360-100174,Accidental Insurance,2021-07-02,2022-07-02,563,Expired,0
TXN-56db2a89,C360-100174,Accidental Insurance,2022-07-02,2023-07-02,609,Expired,0
TXN-306a46b0,C360-100174,Accidental Insurance,2023-07-02,2024-07-01,597,Expired,0
TXN-2679c9f3,C360-100174,Accidental Insurance,2024-07-01,2025-07-01,647,Expired,1
TXN-4898963b,C360-100174,Accidental Insurance,2025-07-01,2026-07-01,631,Active,0
TXN-71d238c6,C360-100175,Motor Insurance,2021-07-02,2022-07-02,1331,Expired,0
TXN-1621927b,C360-100175,Motor Insurance,2022-07-02,2023-07-02,1374,Expired,0
TXN-9e19b50a,C360-100175,Motor Insurance,2023-07-02,2024-07-01,1369,Expired,0
TXN-d5607786,C360-100175,Motor Insurance,2024-07-01,2025-07-01,1418,Expired,0
TXN-2673ba35,C360-100175,Motor Insurance,2025-07-01,2026-07-01,1467,Cancelled,0
TXN-944ff202,C360-100176,Life Insurance,2021-07-02,2022-07-02,990,Expired,0
TXN-89ce62cb,C360-100176,Life Insurance,2022-07-02,2023-07-02,1011,Expired,0
TXN-c2d68de2,C360-100176,Life Insurance,2023-07-02,2024-07-01,1028,Expired,0
TXN-a2037f8b,C360-100176,Life Insurance,2024-07-01,2025-07-01,1113,Expired,0
TXN-c3f442e3,C360-100176,Life Insurance,2025-07-01,2026-07-01,1046,Active,0
TXN-5ddc28cf,C360-100176,Accidental Insurance,2021-07-02,2022-07-02,922,Expired,0
TXN-3c80157b,C360-100176,Accidental Insurance,2022-07-02,2023-07-02,934,Expired,0
TXN-ed6b51b3,C360-100176,Accidental Insurance,2023-07-02,2024-07-01,994,Expired,0
TXN-69f22e74,C360-100176,Accidental Insurance,2024-07-01,2025-07-01,1036,Expired,0
TXN-5f5835e5,C360-100176,Accidental Insurance,2025-07-01,2026-07-01,1046,Active,0
TXN-a08acecb,C360-100177,Motor Insurance,2021-07-02,2022-07-02,768,Expired,0
TXN-f2745b4c,C360-100177,Motor Insurance,2022-07-02,2023-07-02,793,Expired,0
TXN-75967158,C360-100177,Motor Insurance,2023-07-02,2024-07-01,866,Expired,0
TXN-8d6cbba4,C360-100177,Motor Insurance,2024-07-01,2025-07-01,825,Expired,0
TXN-602b081d,C360-100177,Motor Insurance,2025-07-01,2026-07-01,968,Active,0
TXN-6ec5379e,C360-100177,Accidental Insurance,2021-07-02,2022-07-02,1003,Expired,0
TXN-061650cf,C360-100177,Accidental Insurance,2022-07-02,2023-07-02,1035,Expired,0
TXN-b3b4c8c4,C360-100177,Accidental Insurance,2023-07-02,2024-07-01,1039,Expired,0
TXN-b1efe5de,C360-100177,Accidental Insurance,2024-07-01,2025-07-01,1099,Expired,0
TXN-8e9132c9,C360-100177,Accidental Insurance,2025-07-01,2026-07-01,1183,Active,1
TXN-b23fe42e,C360-100178,Health Insurance,2021-07-02,2022-07-02,526,Expired,0
TXN-c83c7d2d,C360-100178,Health Insurance,2022-07-02,2023-07-02,547,Expired,0
TXN-4b3b5810,C360-100178,Health Insurance,2023-07-02,2024-07-01,564,Expired,0
TXN-72efe2df,C360-100178,Health Insurance,2024-07-01,2025-07-01,601,Expired,0
TXN-77070607,C360-100178,Health Insurance,2025-07-01,2026-07-01,686,Active,0
TXN-c69861e9,C360-100178,Life Insurance,2021-07-02,2022-07-02,486,Expired,0
TXN-7e852b36,C360-100178,Life Insurance,2022-07-02,2023-07-02,527,Expired,0
TXN-1fff4be4,C360-100178,Life Insurance,2023-07-02,2024-07-01,530,Expired,1
TXN-de016f7d,C360-100178,Life Insurance,2024-07-01,2025-07-01,528,Expired,0
TXN-1ac7153e,C360-100178,Life Insurance,2025-07-01,2026-07-01,682,Active,0
TXN-f998bb66,C360-100178,Motor Insurance,2021-07-02,2022-07-02,701,Expired,0
TXN-8b367a38,C360-100178,Motor Insurance,2022-07-02,2023-07-02,747,Expired,0
TXN-c4265f48,C360-100178,Motor Insurance,2023-07-02,2024-07-01,767,Expired,0
TXN-c1dc26b8,C360-100178,Motor Insurance,2024-07-01,2025-07-01,794,Expired,0
TXN-92631b24,C360-100178,Motor Insurance,2025-07-01,2026-07-01,865,Active,1
TXN-032cf141,C360-100178,Accidental Insurance,2021-07-02,2022-07-02,456,Expired,0
TXN-5cd0c91d,C360-100178,Accidental Insurance,2022-07-02,2023-07-02,484,Expired,0
TXN-a6d17892,C360-100178,Accidental Insurance,2023-07-02,2024-07-01,538,Expired,0
TXN-ba176f4a,C360-100178,Accidental Insurance,2024-07-01,2025-07-01,558,Expired,1
TXN-62cb8792,C360-100178,Accidental Insurance,2025-07-01,2026-07-01,496,Active,0
TXN-c8ab0b93,C360-100179,Motor Insurance,2021-07-02,2022-07-02,376,Expired,1
TXN-14bd1300,C360-100180,Accidental Insurance,2021-07-02,2022-07-02,687,Expired,0
TXN-57edd92d,C360-100180,Accidental Insurance,2022-07-02,2023-07-02,716,Expired,0
TXN-8424af0d,C360-100180,Accidental Insurance,2023-07-02,2024-07-01,747,Expired,1
TXN-e49f4584,C360-100180,Accidental Insurance,2024-07-01,2025-07-01,801,Expired,0
TXN-88213e51,C360-100180,Accidental Insurance,2025-07-01,2026-07-01,819,Active,0
TXN-2aae312c,C360-100181,Health Insurance,2021-07-02,2022-07-02,1221,Expired,0
TXN-3a88adc3,C360-100181,Health Insurance,2022-07-02,2023-07-02,1255,Expired,0
TXN-f6437725,C360-100181,Health Insurance,2023-07-02,2024-07-01,1313,Expired,0
TXN-05d16e17,C360-100181,Health Insurance,2024-07-01,2025-07-01,1260,Expired,0
TXN-f72bbc16,C360-100181,Health Insurance,2025-07-01,2026-07-01,1297,Active,0
TXN-eff784e5,C360-100182,Health Insurance,2021-07-02,2022-07-02,1435,Expired,0
TXN-7670eea8,C360-100182,Health Insurance,2022-07-02,2023-07-02,1458,Expired,0
TXN-6dfa3d01,C360-100182,Health Insurance,2023-07-02,2024-07-01,1513,Expired,0
TXN-bac7b321,C360-100182,Health Insurance,2024-07-01,2025-07-01,1498,Expired,0
TXN-64b3e2b1,C360-100182,Health Insurance,2025-07-01,2026-07-01,1587,Active,0
TXN-ccae5e3b,C360-100182,Motor Insurance,2021-07-02,2022-07-02,347,Expired,0
TXN-b094231d,C360-100182,Motor Insurance,2022-07-02,2023-07-02,377,Expired,1
TXN-e5109f97,C360-100182,Motor Insurance,2023-07-02,2024-07-01,419,Expired,0
TXN-a4f31ca3,C360-100182,Motor Insurance,2024-07-01,2025-07-01,497,Expired,1
TXN-c4f2910d,C360-100182,Motor Insurance,2025-07-01,2026-07-01,439,Active,0
TXN-693720d9,C360-100183,Motor Insurance,2021-07-02,2022-07-02,961,Expired,0
TXN-a923aa10,C360-100183,Motor Insurance,2022-07-02,2023-07-02,984,Expired,0
TXN-47a10743,C360-100183,Motor Insurance,2023-07-02,2024-07-01,1013,Expired,0
TXN-53955dd8,C360-100183,Motor Insurance,2024-07-01,2025-07-01,1054,Expired,0
TXN-ca5d1a7f,C360-100183,Motor Insurance,2025-07-01,2026-07-01,1045,Active,0
TXN-ca7b434c,C360-100183,Health Insurance,2021-07-02,2022-07-02,772,Expired,0
TXN-01998ad5,C360-100183,Health Insurance,2022-07-02,2023-07-02,807,Expired,1
TXN-f84c9e9c,C360-100183,Health Insurance,2023-07-02,2024-07-01,830,Expired,0
TXN-d4156a7b,C360-100183,Health Insurance,2024-07-01,2025-07-01,817,Expired,0
TXN-b45d4acd,C360-100183,Health Insurance,2025-07-01,2026-07-01,928,Active,0
TXN-f92bafeb,C360-100184,Health Insurance,2021-07-02,2022-07-02,674,Expired,0
TXN-1c5d89ac,C360-100184,Health Insurance,2022-07-02,2023-07-02,696,Expired,0
TXN-88833a57,C360-100184,Health Insurance,2023-07-02,2024-07-01,766,Expired,0
TXN-3d41e691,C360-100184,Health Insurance,2024-07-01,2025-07-01,722,Expired,0
TXN-83a22cd5,C360-100184,Health Insurance,2025-07-01,2026-07-01,750,Active,0
TXN-94159066,C360-100184,Life Insurance,2021-07-02,2022-07-02,683,Expired,0
TXN-8bbd2e9d,C360-100184,Life Insurance,2022-07-02,2023-07-02,732,Expired,0
TXN-4268011b,C360-100184,Life Insurance,2023-07-02,2024-07-01,765,Expired,0
TXN-3612744a,C360-100184,Life Insurance,2024-07-01,2025-07-01,731,Expired,0
TXN-44ec5c0b,C360-100184,Life Insurance,2025-07-01,2026-07-01,779,Active,0
TXN-ca9e9ed6,C360-100184,Motor Insurance,2021-07-02,2022-07-02,1310,Expired,0
TXN-03ed41f7,C360-100184,Motor Insurance,2022-07-02,2023-07-02,1338,Expired,2
TXN-b4dba31d,C360-100184,Motor Insurance,2023-07-02,2024-07-01,1370,Expired,1
TXN-4072c897,C360-100184,Motor Insurance,2024-07-01,2025-07-01,1388,Expired,0
TXN-dccca517,C360-100184,Motor Insurance,2025-07-01,2026-07-01,1386,Active,0
TXN-bdf26dda,C360-100184,Accidental Insurance,2021-07-02,2022-07-02,1344,Expired,0
TXN-ead04b0d,C360-100184,Accidental Insurance,2022-07-02,2023-07-02,1372,Expired,0
TXN-aae2bc30,C360-100184,Accidental Insurance,2023-07-02,2024-07-01,1392,Expired,1
TXN-3208e2ea,C360-100184,Accidental Insurance,2024-07-01,2025-07-01,1398,Expired,0
TXN-4930b4c6,C360-100184,Accidental Insurance,2025-07-01,2026-07-01,1448,Active,0
TXN-10a2a1d2,C360-100185,Life Insurance,2021-07-02,2022-07-02,635,Expired,0
TXN-982a2f8b,C360-100185,Life Insurance,2022-07-02,2023-07-02,659,Expired,0
TXN-12f6c253,C360-100185,Life Insurance,2023-07-02,2024-07-01,693,Expired,0
TXN-363be294,C360-100185,Life Insurance,2024-07-01,2025-07-01,755,Expired,0
TXN-330b7e71,C360-100185,Life Insurance,2025-07-01,2026-07-01,751,Active,0
TXN-60e2f296,C360-100185,Health Insurance,2021-07-02,2022-07-02,1035,Expired,0
TXN-37cccee5,C360-100185,Health Insurance,2022-07-02,2023-07-02,1071,Expired,0
TXN-aad81df3,C360-100185,Health Insurance,2023-07-02,2024-07-01,1121,Expired,0
TXN-ed58cf6f,C360-100185,Health Insurance,2024-07-01,2025-07-01,1122,Expired,0
TXN-eb51c93e,C360-100185,Health Insurance,2025-07-01,2026-07-01,1199,Active,1
TXN-8afabd09,C360-100186,Health Insurance,2021-07-02,2022-07-02,923,Expired,1
TXN-69cd2a13,C360-100186,Health Insurance,2022-07-02,2023-07-02,962,Expired,0
TXN-357a5553,C360-100186,Life Insurance,2021-07-02,2022-07-02,891,Expired,1
TXN-870a9976,C360-100186,Life Insurance,2022-07-02,2023-07-02,915,Expired,0
TXN-e931ba0c,C360-100186,Life Insurance,2023-07-02,2024-07-01,915,Expired,0
TXN-ed23caf3,C360-100186,Life Insurance,2024-07-01,2025-07-01,924,Expired,0
TXN-84ff9b29,C360-100186,Life Insurance,2025-07-01,2026-07-01,1067,Cancelled,0
TXN-cd2cd573,C360-100186,Motor Insurance,2021-07-02,2022-07-02,602,Expired,0
TXN-c268ae6b,C360-100186,Accidental Insurance,2021-07-02,2022-07-02,779,Expired,0
TXN-e0cf56ec,C360-100186,Accidental Insurance,2022-07-02,2023-07-02,789,Expired,0
TXN-c602a800,C360-100186,Accidental Insurance,2023-07-02,2024-07-01,875,Expired,0
TXN-50c54dd7,C360-100186,Accidental Insurance,2024-07-01,2025-07-01,929,Expired,0
TXN-3eb96151,C360-100186,Accidental Insurance,2025-07-01,2026-07-01,915,Active,0
TXN-bbd802e8,C360-100187,Motor Insurance,2021-07-02,2022-07-02,1344,Expired,0
TXN-de81e4c7,C360-100187,Motor Insurance,2022-07-02,2023-07-02,1362,Expired,0
TXN-3a193e6d,C360-100187,Motor Insurance,2023-07-02,2024-07-01,1404,Expired,0
TXN-09f50d23,C360-100187,Motor Insurance,2024-07-01,2025-07-01,1473,Expired,1
TXN-6d983c97,C360-100187,Motor Insurance,2025-07-01,2026-07-01,1464,Cancelled,2
TXN-5ac4e01c,C360-100187,Health Insurance,2021-07-02,2022-07-02,701,Expired,0
TXN-de9c3f70,C360-100187,Health Insurance,2022-07-02,2023-07-02,747,Expired,0
TXN-e7f45070,C360-100187,Health Insurance,2023-07-02,2024-07-01,787,Expired,0
TXN-39bdd2bd,C360-100187,Health Insurance,2024-07-01,2025-07-01,812,Expired,0
TXN-7565d1e3,C360-100187,Health Insurance,2025-07-01,2026-07-01,901,Cancelled,0
TXN-9af90e5d,C360-100188,Health Insurance,2021-07-02,2022-07-02,662,Expired,1
TXN-672d0349,C360-100188,Health Insurance,2022-07-02,2023-07-02,709,Expired,0
TXN-bab00392,C360-100188,Health Insurance,2023-07-02,2024-07-01,692,Expired,0
TXN-ac35cccd,C360-100188,Health Insurance,2024-07-01,2025-07-01,776,Expired,0
TXN-3dbd9aa0,C360-100188,Health Insurance,2025-07-01,2026-07-01,710,Active,0
TXN-db971f3c,C360-100188,Life Insurance,2021-07-02,2022-07-02,1360,Expired,0
TXN-51b57d7a,C360-100188,Life Insurance,2022-07-02,2023-07-02,1410,Expired,0
TXN-04b350ca,C360-100188,Life Insurance,2023-07-02,2024-07-01,1424,Expired,0
TXN-2a56f9da,C360-100188,Life Insurance,2024-07-01,2025-07-01,1411,Expired,0
TXN-87475e57,C360-100188,Life Insurance,2025-07-01,2026-07-01,1432,Active,0
TXN-dfb259f5,C360-100188,Motor Insurance,2021-07-02,2022-07-02,549,Expired,1
TXN-be1f0351,C360-100188,Motor Insurance,2022-07-02,2023-07-02,592,Expired,0
TXN-0ba4e198,C360-100188,Motor Insurance,2023-07-02,2024-07-01,591,Expired,0
TXN-26006fa6,C360-100188,Motor Insurance,2024-07-01,2025-07-01,693,Expired,1
TXN-2eff8cb6,C360-100188,Motor Insurance,2025-07-01,2026-07-01,637,Active,0
TXN-626a2829,C360-100188,Accidental Insurance,2021-07-02,2022-07-02,333,Expired,0
TXN-0993b959,C360-100188,Accidental Insurance,2022-07-02,2023-07-02,346,Expired,0
TXN-bb02b613,C360-100188,Accidental Insurance,2023-07-02,2024-07-01,425,Expired,1
TXN-ba895208,C360-100188,Accidental Insurance,2024-07-01,2025-07-01,366,Expired,1
TXN-cf45d735,C360-100188,Accidental Insurance,2025-07-01,2026-07-01,481,Active,0
TXN-1dace5e3,C360-100189,Motor Insurance,2021-07-02,2022-07-02,1129,Expired,0
TXN-d642124b,C360-100189,Accidental Insurance,2021-07-02,2022-07-02,1443,Expired,0
TXN-26bb70df,C360-100189,Accidental Insurance,2022-07-02,2023-07-02,1485,Expired,0
TXN-753d831e,C360-100189,Accidental Insurance,2023-07-02,2024-07-01,1529,Expired,0
TXN-410fe4b8,C360-100190,Motor Insurance,2021-07-02,2022-07-02,1006,Expired,0
TXN-bec6ffc0,C360-100190,Motor Insurance,2022-07-02,2023-07-02,1049,Expired,0
TXN-1f5295d3,C360-100190,Motor Insurance,2023-07-02,2024-07-01,1078,Expired,0
TXN-e0009553,C360-100190,Motor Insurance,2024-07-01,2025-07-01,1078,Expired,0
TXN-6a31fb4f,C360-100190,Motor Insurance,2025-07-01,2026-07-01,1174,Active,0
TXN-f9d525b4,C360-100190,Health Insurance,2021-07-02,2022-07-02,685,Expired,1
TXN-2b78bd96,C360-100190,Health Insurance,2022-07-02,2023-07-02,722,Expired,0
TXN-ecfd226a,C360-100190,Health Insurance,2023-07-02,2024-07-01,737,Expired,0
TXN-439da88a,C360-100190,Health Insurance,2024-07-01,2025-07-01,748,Expired,0
TXN-bcf1cfd3,C360-100190,Health Insurance,2025-07-01,2026-07-01,733,Active,1
TXN-b4552397,C360-100191,Health Insurance,2021-07-02,2022-07-02,949,Expired,0
TXN-58397d91,C360-100191,Health Insurance,2022-07-02,2023-07-02,970,Expired,0
TXN-db23bc48,C360-100191,Health Insurance,2023-07-02,2024-07-01,987,Expired,0
TXN-36943ff5,C360-100191,Health Insurance,2024-07-01,2025-07-01,1084,Expired,0
TXN-da57a6d3,C360-100191,Health Insurance,2025-07-01,2026-07-01,1133,Active,0
TXN-3a1ab161,C360-100191,Life Insurance,2021-07-02,2022-07-02,510,Expired,0
TXN-a29235cf,C360-100191,Life Insurance,2022-07-02,2023-07-02,533,Expired,0
TXN-a0e336cb,C360-100191,Life Insurance,2023-07-02,2024-07-01,604,Expired,0
TXN-84ba64b9,C360-100191,Life Insurance,2024-07-01,2025-07-01,588,Expired,0
TXN-16ec74fd,C360-100191,Life Insurance,2025-07-01,2026-07-01,598,Active,0
TXN-09ed6b6d,C360-100191,Motor Insurance,2021-07-02,2022-07-02,1319,Expired,0
TXN-5dd5028f,C360-100191,Motor Insurance,2022-07-02,2023-07-02,1368,Expired,0
TXN-08e64163,C360-100191,Motor Insurance,2023-07-02,2024-07-01,1417,Expired,0
TXN-c11f8119,C360-100191,Motor Insurance,2024-07-01,2025-07-01,1412,Expired,0
TXN-0a3e102c,C360-100191,Motor Insurance,2025-07-01,2026-07-01,1443,Active,0
TXN-eb3d322a,C360-100191,Accidental Insurance,2021-07-02,2022-07-02,1253,Expired,0
TXN-cf1cbd26,C360-100191,Accidental Insurance,2022-07-02,2023-07-02,1276,Expired,2
TXN-73b3f6a8,C360-100191,Accidental Insurance,2023-07-02,2024-07-01,1303,Expired,0
TXN-17925a6d,C360-100191,Accidental Insurance,2024-07-01,2025-07-01,1352,Expired,2
TXN-a2d4940c,C360-100191,Accidental Insurance,2025-07-01,2026-07-01,1405,Active,0
TXN-bfeef150,C360-100192,Life Insurance,2021-07-02,2022-07-02,540,Expired,1
TXN-84799c36,C360-100192,Accidental Insurance,2021-07-02,2022-07-02,789,Expired,0
TXN-3db8f43b,C360-100192,Accidental Insurance,2022-07-02,2023-07-02,833,Expired,0
TXN-9e9789c3,C360-100192,Accidental Insurance,2023-07-02,2024-07-01,889,Expired,0
TXN-6b055171,C360-100192,Accidental Insurance,2024-07-01,2025-07-01,894,Expired,0
TXN-7e487fd4,C360-100192,Accidental Insurance,2025-07-01,2026-07-01,885,Cancelled,1
TXN-ce59338c,C360-100193,Health Insurance,2021-07-02,2022-07-02,1358,Expired,0
TXN-1d43a640,C360-100193,Health Insurance,2022-07-02,2023-07-02,1373,Expired,0
TXN-eb3fefb3,C360-100193,Health Insurance,2023-07-02,2024-07-01,1422,Expired,0
TXN-2f46d38b,C360-100193,Health Insurance,2024-07-01,2025-07-01,1433,Expired,1
TXN-5163f363,C360-100193,Health Insurance,2025-07-01,2026-07-01,1494,Active,0
TXN-ad1ba49e,C360-100193,Life Insurance,2021-07-02,2022-07-02,948,Expired,0
TXN-359a6f72,C360-100194,Life Insurance,2021-07-02,2022-07-02,773,Expired,0
TXN-09c39f4c,C360-100194,Life Insurance,2022-07-02,2023-07-02,800,Expired,0
TXN-ffcf67a3,C360-100194,Life Insurance,2023-07-02,2024-07-01,841,Expired,0
TXN-2df51bd4,C360-100194,Life Insurance,2024-07-01,2025-07-01,905,Expired,0
TXN-142cc241,C360-100194,Life Insurance,2025-07-01,2026-07-01,813,Cancelled,0
TXN-1e6f6732,C360-100195,Health Insurance,2021-07-02,2022-07-02,702,Expired,0
TXN-b73aae13,C360-100195,Health Insurance,2022-07-02,2023-07-02,751,Expired,2
TXN-15371a49,C360-100195,Health Insurance,2023-07-02,2024-07-01,798,Expired,0
TXN-d9e253d2,C360-100195,Health Insurance,2024-07-01,2025-07-01,840,Expired,1
TXN-64e49668,C360-100195,Health Insurance,2025-07-01,2026-07-01,862,Active,0
TXN-a81ed902,C360-100195,Life Insurance,2021-07-02,2022-07-02,773,Expired,0
TXN-28915933,C360-100195,Life Insurance,2022-07-02,2023-07-02,807,Expired,1
TXN-fac9ea77,C360-100195,Life Insurance,2023-07-02,2024-07-01,835,Expired,1
TXN-464a1921,C360-100195,Life Insurance,2024-07-01,2025-07-01,863,Expired,0
TXN-0ae72f6e,C360-100195,Life Insurance,2025-07-01,2026-07-01,869,Active,1
TXN-4ddc79c0,C360-100195,Motor Insurance,2021-07-02,2022-07-02,1449,Expired,2
TXN-45ba3e64,C360-100195,Motor Insurance,2022-07-02,2023-07-02,1462,Expired,2
TXN-6865cc88,C360-100195,Motor Insurance,2023-07-02,2024-07-01,1487,Expired,0
TXN-53a14161,C360-100195,Motor Insurance,2024-07-01,2025-07-01,1536,Expired,0
TXN-7c26f880,C360-100195,Motor Insurance,2025-07-01,2026-07-01,1605,Active,0
TXN-2fa3158d,C360-100195,Accidental Insurance,2021-07-02,2022-07-02,1241,Expired,2
TXN-348cd40e,C360-100195,Accidental Insurance,2022-07-02,2023-07-02,1271,Expired,1
TXN-127bfb08,C360-100195,Accidental Insurance,2023-07-02,2024-07-01,1341,Expired,0
TXN-eb69ab22,C360-100195,Accidental Insurance,2024-07-01,2025-07-01,1304,Expired,0
TXN-6615fe6a,C360-100195,Accidental Insurance,2025-07-01,2026-07-01,1381,Active,0
TXN-a0001a21,C360-100196,Health Insurance,2021-07-02,2022-07-02,575,Expired,0
TXN-a63ecd72,C360-100196,Health Insurance,2022-07-02,2023-07-02,601,Expired,2
TXN-33623e32,C360-100196,Health Insurance,2023-07-02,2024-07-01,653,Expired,1
TXN-fce7205f,C360-100196,Health Insurance,2024-07-01,2025-07-01,701,Expired,0
TXN-ac7332a4,C360-100196,Health Insurance,2025-07-01,2026-07-01,771,Active,0
TXN-95a4e39e,C360-100196,Life Insurance,2021-07-02,2022-07-02,322,Expired,0
TXN-442d3c39,C360-100196,Life Insurance,2022-07-02,2023-07-02,363,Expired,0
TXN-8dda222a,C360-100196,Life Insurance,2023-07-02,2024-07-01,384,Expired,0
TXN-7519cd8b,C360-100196,Life Insurance,2024-07-01,2025-07-01,412,Expired,0
TXN-bcdb6938,C360-100196,Life Insurance,2025-07-01,2026-07-01,494,Active,0
TXN-e36dbd34,C360-100197,Life Insurance,2021-07-02,2022-07-02,1160,Expired,0
TXN-c9aaca0d,C360-100197,Life Insurance,2022-07-02,2023-07-02,1181,Expired,1
TXN-e11a953c,C360-100197,Life Insurance,2023-07-02,2024-07-01,1234,Expired,0
TXN-c9da524b,C360-100197,Life Insurance,2024-07-01,2025-07-01,1256,Expired,1
TXN-bcd00869,C360-100197,Life Insurance,2025-07-01,2026-07-01,1296,Active,1
TXN-886d43b5,C360-100198,Health Insurance,2021-07-02,2022-07-02,447,Expired,0
TXN-bcdebce5,C360-100198,Health Insurance,2022-07-02,2023-07-02,471,Expired,2
TXN-4535098d,C360-100199,Health Insurance,2021-07-02,2022-07-02,1152,Expired,0
TXN-6e36a08d,C360-100199,Health Insurance,2022-07-02,2023-07-02,1193,Expired,0
TXN-c74b3a0b,C360-100199,Health Insurance,2023-07-02,2024-07-01,1204,Expired,0
TXN-69343e37,C360-100199,Health Insurance,2024-07-01,2025-07-01,1269,Expired,0
TXN-d0494ee2,C360-100199,Health Insurance,2025-07-01,2026-07-01,1324,Active,0
TXN-adfa3af0,C360-100200,Motor Insurance,2021-07-02,2022-07-02,1046,Expired,0
TXN-2dbdb9bc,C360-100200,Motor Insurance,2022-07-02,2023-07-02,1072,Expired,1
TXN-bd052e9c,C360-100200,Motor Insurance,2023-07-02,2024-07-01,1076,Expired,0
TXN-2cf12d5a,C360-100200,Motor Insurance,2024-07-01,2025-07-01,1160,Expired,0
TXN-11f092da,C360-100200,Motor Insurance,2025-07-01,2026-07-01,1222,Active,0
TXN-0454d388,C360-100200,Health Insurance,2021-07-02,2022-07-02,1037,Expired,0
TXN-1025ec1f,C360-100200,Health Insurance,2022-07-02,2023-07-02,1069,Expired,1
TXN-cf4a0cb9,C360-100200,Health Insurance,2023-07-02,2024-07-01,1081,Expired,0
TXN-2672931e,C360-100200,Health Insurance,2024-07-01,2025-07-01,1172,Expired,2
TXN-a0afd9fe,C360-100200,Health Insurance,2025-07-01,2026-07-01,1185,Active,0
TXN-ede409ae,C360-100201,Motor Insurance,2021-07-02,2022-07-02,897,Expired,1
TXN-c0185ed0,C360-100201,Motor Insurance,2022-07-02,2023-07-02,914,Expired,0
TXN-b2ffb2b8,C360-100201,Motor Insurance,2023-07-02,2024-07-01,953,Expired,0
TXN-bf121d14,C360-100201,Motor Insurance,2024-07-01,2025-07-01,1029,Expired,0
TXN-31120737,C360-100201,Motor Insurance,2025-07-01,2026-07-01,1025,Active,0
TXN-8fe463c7,C360-100202,Health Insurance,2021-07-02,2022-07-02,319,Expired,0
TXN-82479065,C360-100202,Health Insurance,2022-07-02,2023-07-02,368,Expired,0
TXN-0cf93039,C360-100202,Health Insurance,2023-07-02,2024-07-01,349,Expired,0
TXN-b94f107c,C360-100202,Health Insurance,2024-07-01,2025-07-01,397,Expired,0
TXN-97d590b3,C360-100202,Health Insurance,2025-07-01,2026-07-01,399,Cancelled,1
TXN-87de06e4,C360-100202,Life Insurance,2021-07-02,2022-07-02,484,Expired,1
TXN-467d16db,C360-100202,Life Insurance,2022-07-02,2023-07-02,523,Expired,0
TXN-2216a665,C360-100202,Life Insurance,2023-07-02,2024-07-01,584,Expired,0
TXN-0cbb4d38,C360-100202,Life Insurance,2024-07-01,2025-07-01,529,Expired,0
TXN-fb11ed5e,C360-100202,Life Insurance,2025-07-01,2026-07-01,668,Active,1
TXN-02da5ddf,C360-100202,Accidental Insurance,2021-07-02,2022-07-02,1469,Expired,1
TXN-4b5063d7,C360-100202,Accidental Insurance,2022-07-02,2023-07-02,1498,Expired,0
TXN-06592e0c,C360-100203,Accidental Insurance,2021-07-02,2022-07-02,1361,Expired,0
TXN-89028282,C360-100203,Accidental Insurance,2022-07-02,2023-07-02,1398,Expired,0
TXN-b7b3da85,C360-100203,Accidental Insurance,2023-07-02,2024-07-01,1411,Expired,1
TXN-704ad6c0,C360-100203,Accidental Insurance,2024-07-01,2025-07-01,1490,Expired,0
TXN-c85c19a1,C360-100203,Accidental Insurance,2025-07-01,2026-07-01,1529,Cancelled,0
TXN-d3ad674d,C360-100203,Life Insurance,2021-07-02,2022-07-02,457,Expired,0
TXN-84d51403,C360-100203,Life Insurance,2022-07-02,2023-07-02,471,Expired,0
TXN-86f332e0,C360-100203,Life Insurance,2023-07-02,2024-07-01,503,Expired,2
TXN-66772072,C360-100203,Life Insurance,2024-07-01,2025-07-01,574,Expired,1
TXN-403e3bcd,C360-100203,Life Insurance,2025-07-01,2026-07-01,533,Active,0
TXN-96855860,C360-100204,Health Insurance,2021-07-02,2022-07-02,1108,Expired,0
TXN-0ca8dc7c,C360-100204,Health Insurance,2022-07-02,2023-07-02,1128,Expired,0
TXN-cd27c268,C360-100204,Health Insurance,2023-07-02,2024-07-01,1154,Expired,0
TXN-534c8047,C360-100204,Health Insurance,2024-07-01,2025-07-01,1201,Expired,0
TXN-6e9ddf21,C360-100204,Health Insurance,2025-07-01,2026-07-01,1188,Active,0
TXN-83917ab5,C360-100204,Motor Insurance,2021-07-02,2022-07-02,1289,Expired,0
TXN-77ed4571,C360-100204,Accidental Insurance,2021-07-02,2022-07-02,486,Expired,0
TXN-cb4c928c,C360-100205,Life Insurance,2021-07-02,2022-07-02,1323,Expired,0
TXN-e8cc7f3b,C360-100205,Life Insurance,2022-07-02,2023-07-02,1356,Expired,0
TXN-89d17024,C360-100206,Life Insurance,2021-07-02,2022-07-02,1067,Expired,0
TXN-d7f6bdcf,C360-100206,Life Insurance,2022-07-02,2023-07-02,1111,Expired,0
TXN-4605db96,C360-100206,Life Insurance,2023-07-02,2024-07-01,1127,Expired,0
TXN-db8aa59d,C360-100206,Life Insurance,2024-07-01,2025-07-01,1097,Expired,2
TXN-4f8a030b,C360-100206,Life Insurance,2025-07-01,2026-07-01,1255,Active,0
TXN-8497f16e,C360-100207,Accidental Insurance,2021-07-02,2022-07-02,338,Expired,0
TXN-baf42b07,C360-100207,Accidental Insurance,2022-07-02,2023-07-02,353,Expired,0
TXN-581161d6,C360-100207,Accidental Insurance,2023-07-02,2024-07-01,366,Expired,1
TXN-f0e69408,C360-100207,Accidental Insurance,2024-07-01,2025-07-01,449,Expired,0
TXN-6a613a26,C360-100207,Accidental Insurance,2025-07-01,2026-07-01,490,Active,0
TXN-73068832,C360-100208,Health Insurance,2021-07-02,2022-07-02,1427,Expired,0
TXN-41c1ce84,C360-100208,Health Insurance,2022-07-02,2023-07-02,1452,Expired,0
TXN-11a099b5,C360-100208,Health Insurance,2023-07-02,2024-07-01,1485,Expired,0
TXN-c2851658,C360-100208,Health Insurance,2024-07-01,2025-07-01,1565,Expired,0
TXN-7671936a,C360-100208,Health Insurance,2025-07-01,2026-07-01,1567,Active,2
TXN-55afa21f,C360-100208,Life Insurance,2021-07-02,2022-07-02,438,Expired,0
TXN-4da2552f,C360-100208,Life Insurance,2022-07-02,2023-07-02,470,Expired,0
TXN-16aa306c,C360-100208,Life Insurance,2023-07-02,2024-07-01,460,Expired,0
TXN-1a8b1446,C360-100208,Life Insurance,2024-07-01,2025-07-01,498,Expired,0
TXN-7fecf2cd,C360-100208,Life Insurance,2025-07-01,2026-07-01,522,Active,0
TXN-18deef52,C360-100208,Motor Insurance,2021-07-02,2022-07-02,1327,Expired,2
TXN-e2fbba8f,C360-100208,Motor Insurance,2022-07-02,2023-07-02,1346,Expired,0
TXN-e48b68b9,C360-100208,Motor Insurance,2023-07-02,2024-07-01,1371,Expired,0
TXN-2b5bd6df,C360-100208,Motor Insurance,2024-07-01,2025-07-01,1426,Expired,2
TXN-f6d225f6,C360-100208,Motor Insurance,2025-07-01,2026-07-01,1427,Active,0
TXN-e12a0d20,C360-100208,Accidental Insurance,2021-07-02,2022-07-02,499,Expired,0
TXN-49a7c86a,C360-100208,Accidental Insurance,2022-07-02,2023-07-02,542,Expired,0
TXN-64f133fe,C360-100208,Accidental Insurance,2023-07-02,2024-07-01,569,Expired,0
TXN-4c586139,C360-100208,Accidental Insurance,2024-07-01,2025-07-01,601,Expired,0
TXN-5545742e,C360-100208,Accidental Insurance,2025-07-01,2026-07-01,651,Active,0
TXN-2905754d,C360-100209,Health Insurance,2021-07-02,2022-07-02,815,Expired,0
TXN-ddd0c9e1,C360-100209,Health Insurance,2022-07-02,2023-07-02,839,Expired,0
TXN-1bc142ec,C360-100209,Health Insurance,2023-07-02,2024-07-01,911,Expired,0
TXN-1447d72c,C360-100209,Health Insurance,2024-07-01,2025-07-01,881,Expired,1
TXN-ee99f056,C360-100209,Health Insurance,2025-07-01,2026-07-01,927,Active,0
TXN-06a2e4d5,C360-100209,Life Insurance,2021-07-02,2022-07-02,1347,Expired,0
TXN-086125fb,C360-100209,Life Insurance,2022-07-02,2023-07-02,1391,Expired,0
TXN-5f40da3a,C360-100209,Life Insurance,2023-07-02,2024-07-01,1391,Expired,0
TXN-4df0d913,C360-100209,Life Insurance,2024-07-01,2025-07-01,1413,Expired,2
TXN-73374abc,C360-100209,Life Insurance,2025-07-01,2026-07-01,1439,Active,0
TXN-274ec496,C360-100209,Motor Insurance,2021-07-02,2022-07-02,430,Expired,0
TXN-402cdd53,C360-100209,Motor Insurance,2022-07-02,2023-07-02,476,Expired,0
TXN-73b9f816,C360-100209,Motor Insurance,2023-07-02,2024-07-01,526,Expired,0
TXN-43a87480,C360-100209,Motor Insurance,2024-07-01,2025-07-01,565,Expired,0
TXN-a5948e86,C360-100209,Motor Insurance,2025-07-01,2026-07-01,586,Active,0
TXN-5c25adb3,C360-100209,Accidental Insurance,2021-07-02,2022-07-02,1153,Expired,0
TXN-1721a480,C360-100209,Accidental Insurance,2022-07-02,2023-07-02,1196,Expired,0
TXN-f54694f6,C360-100209,Accidental Insurance,2023-07-02,2024-07-01,1189,Expired,0
TXN-db00a561,C360-100209,Accidental Insurance,2024-07-01,2025-07-01,1219,Expired,0
TXN-5647d641,C360-100209,Accidental Insurance,2025-07-01,2026-07-01,1205,Active,0
TXN-1a578ec7,C360-100210,Health Insurance,2021-07-02,2022-07-02,1034,Expired,0
TXN-5eac3577,C360-100210,Health Insurance,2022-07-02,2023-07-02,1082,Expired,0
TXN-98608997,C360-100210,Health Insurance,2023-07-02,2024-07-01,1100,Expired,0
TXN-3df416ef,C360-100210,Health Insurance,2024-07-01,2025-07-01,1184,Expired,0
TXN-f59a00b3,C360-100210,Health Insurance,2025-07-01,2026-07-01,1190,Active,0
TXN-384a5a7b,C360-100210,Life Insurance,2021-07-02,2022-07-02,1362,Expired,0
TXN-a7505914,C360-100210,Life Insurance,2022-07-02,2023-07-02,1388,Expired,0
TXN-c88487c1,C360-100210,Life Insurance,2023-07-02,2024-07-01,1418,Expired,0
TXN-0099666f,C360-100210,Life Insurance,2024-07-01,2025-07-01,1431,Expired,0
TXN-3958481a,C360-100210,Life Insurance,2025-07-01,2026-07-01,1454,Active,0
TXN-6999ef0d,C360-100210,Motor Insurance,2021-07-02,2022-07-02,581,Expired,2
TXN-33c7d775,C360-100210,Motor Insurance,2022-07-02,2023-07-02,630,Expired,0
TXN-708b46cc,C360-100210,Motor Insurance,2023-07-02,2024-07-01,671,Expired,0
TXN-e56ef59f,C360-100210,Motor Insurance,2024-07-01,2025-07-01,731,Expired,1
TXN-b86c47b7,C360-100210,Motor Insurance,2025-07-01,2026-07-01,761,Active,0
TXN-32024cf8,C360-100210,Accidental Insurance,2021-07-02,2022-07-02,1485,Expired,0
TXN-70f8fd9d,C360-100210,Accidental Insurance,2022-07-02,2023-07-02,1495,Expired,0
TXN-50893c79,C360-100210,Accidental Insurance,2023-07-02,2024-07-01,1575,Expired,0
TXN-619104e1,C360-100210,Accidental Insurance,2024-07-01,2025-07-01,1515,Expired,0
TXN-7517c832,C360-100210,Accidental Insurance,2025-07-01,2026-07-01,1553,Active,2
TXN-bf291089,C360-100211,Health Insurance,2021-07-02,2022-07-02,1175,Expired,1
TXN-257d82fc,C360-100211,Health Insurance,2022-07-02,2023-07-02,1187,Expired,0
TXN-e866a25d,C360-100211,Health Insurance,2023-07-02,2024-07-01,1255,Expired,1
TXN-0b0fcf60,C360-100211,Health Insurance,2024-07-01,2025-07-01,1232,Expired,0
TXN-bf1af738,C360-100211,Health Insurance,2025-07-01,2026-07-01,1295,Cancelled,0
TXN-3ad8ec4e,C360-100211,Life Insurance,2021-07-02,2022-07-02,1422,Expired,2
TXN-0d61aa4a,C360-100212,Accidental Insurance,2021-07-02,2022-07-02,1019,Expired,1
TXN-ae7fedda,C360-100212,Accidental Insurance,2022-07-02,2023-07-02,1063,Expired,0
TXN-f52c33d6,C360-100212,Accidental Insurance,2023-07-02,2024-07-01,1053,Expired,0
TXN-57f35dae,C360-100212,Accidental Insurance,2024-07-01,2025-07-01,1073,Expired,0
TXN-3ea30ea1,C360-100212,Accidental Insurance,2025-07-01,2026-07-01,1175,Active,0
TXN-596b121c,C360-100212,Health Insurance,2021-07-02,2022-07-02,527,Expired,0
TXN-fbafaf61,C360-100212,Health Insurance,2022-07-02,2023-07-02,537,Expired,0
TXN-72690897,C360-100212,Health Insurance,2023-07-02,2024-07-01,599,Expired,0
TXN-e1e5f80c,C360-100212,Health Insurance,2024-07-01,2025-07-01,653,Expired,1
TXN-a2b3dfcb,C360-100212,Health Insurance,2025-07-01,2026-07-01,655,Active,0
TXN-0e76bd1b,C360-100213,Health Insurance,2021-07-02,2022-07-02,982,Expired,2
TXN-eafefddf,C360-100213,Motor Insurance,2021-07-02,2022-07-02,358,Expired,0
TXN-c04bd423,C360-100213,Motor Insurance,2022-07-02,2023-07-02,376,Expired,0
TXN-abcd9997,C360-100213,Motor Insurance,2023-07-02,2024-07-01,384,Expired,0
TXN-831fedb3,C360-100213,Motor Insurance,2024-07-01,2025-07-01,400,Expired,1
TXN-3d2fa9b3,C360-100213,Motor Insurance,2025-07-01,2026-07-01,454,Cancelled,0
TXN-0c30c286,C360-100214,Health Insurance,2021-07-02,2022-07-02,422,Expired,0
TXN-57528e40,C360-100214,Health Insurance,2022-07-02,2023-07-02,442,Expired,0
TXN-19d7521e,C360-100214,Health Insurance,2023-07-02,2024-07-01,474,Expired,0
TXN-8158074c,C360-100214,Health Insurance,2024-07-01,2025-07-01,521,Expired,0
TXN-fedbc5c8,C360-100214,Health Insurance,2025-07-01,2026-07-01,618,Active,0
TXN-e9a4045b,C360-100216,Health Insurance,2021-07-02,2022-07-02,1213,Expired,0
TXN-6b772b7d,C360-100216,Health Insurance,2022-07-02,2023-07-02,1252,Expired,0
TXN-bd0fb3ee,C360-100216,Health Insurance,2023-07-02,2024-07-01,1297,Expired,0
TXN-41a4f425,C360-100216,Health Insurance,2024-07-01,2025-07-01,1261,Expired,0
TXN-737ba01a,C360-100216,Health Insurance,2025-07-01,2026-07-01,1281,Active,0
TXN-0dd61bfc,C360-100216,Life Insurance,2021-07-02,2022-07-02,1395,Expired,0
TXN-a48a33b8,C360-100216,Life Insurance,2022-07-02,2023-07-02,1407,Expired,0
TXN-56f97f29,C360-100216,Life Insurance,2023-07-02,2024-07-01,1467,Expired,0
TXN-18478995,C360-100216,Life Insurance,2024-07-01,2025-07-01,1458,Expired,0
TXN-9d32eaf0,C360-100216,Life Insurance,2025-07-01,2026-07-01,1567,Active,1
TXN-8484a85e,C360-100216,Motor Insurance,2021-07-02,2022-07-02,828,Expired,0
TXN-fa8214f6,C360-100216,Motor Insurance,2022-07-02,2023-07-02,864,Expired,0
TXN-c998a32c,C360-100216,Motor Insurance,2023-07-02,2024-07-01,854,Expired,0
TXN-27703be3,C360-100216,Motor Insurance,2024-07-01,2025-07-01,939,Expired,0
TXN-e926b07a,C360-100216,Motor Insurance,2025-07-01,2026-07-01,900,Active,0
TXN-5a70a5f5,C360-100216,Accidental Insurance,2021-07-02,2022-07-02,572,Expired,0
TXN-28e688de,C360-100216,Accidental Insurance,2022-07-02,2023-07-02,616,Expired,1
TXN-13a59dc3,C360-100216,Accidental Insurance,2023-07-02,2024-07-01,666,Expired,0
TXN-706b6abd,C360-100216,Accidental Insurance,2024-07-01,2025-07-01,704,Expired,0
TXN-8976478c,C360-100216,Accidental Insurance,2025-07-01,2026-07-01,660,Active,1
TXN-5399fa21,C360-100217,Motor Insurance,2021-07-02,2022-07-02,995,Expired,1
TXN-793698a6,C360-100217,Motor Insurance,2022-07-02,2023-07-02,1027,Expired,1
TXN-768a82b6,C360-100217,Motor Insurance,2023-07-02,2024-07-01,1065,Expired,1
TXN-1e39aefc,C360-100217,Motor Insurance,2024-07-01,2025-07-01,1097,Expired,0
TXN-0c1b5816,C360-100217,Motor Insurance,2025-07-01,2026-07-01,1043,Active,0
TXN-cbfe194f,C360-100218,Motor Insurance,2021-07-02,2022-07-02,822,Expired,1
TXN-7e2bf0e2,C360-100218,Motor Insurance,2022-07-02,2023-07-02,872,Expired,0
TXN-48ef778d,C360-100218,Motor Insurance,2023-07-02,2024-07-01,896,Expired,0
TXN-852a1d4e,C360-100218,Motor Insurance,2024-07-01,2025-07-01,918,Expired,2
TXN-a536c94a,C360-100218,Motor Insurance,2025-07-01,2026-07-01,862,Active,0
TXN-fb3c8b9f,C360-100219,Motor Insurance,2021-07-02,2022-07-02,896,Expired,1
TXN-6b503ba0,C360-100219,Motor Insurance,2022-07-02,2023-07-02,946,Expired,0
TXN-3301492e,C360-100219,Motor Insurance,2023-07-02,2024-07-01,948,Expired,0
TXN-276f6fc6,C360-100219,Motor Insurance,2024-07-01,2025-07-01,947,Expired,1
TXN-d4d7fee9,C360-100219,Motor Insurance,2025-07-01,2026-07-01,944,Active,0
TXN-69a9af00,C360-100219,Health Insurance,2021-07-02,2022-07-02,1134,Expired,0
TXN-f451c611,C360-100219,Health Insurance,2022-07-02,2023-07-02,1147,Expired,1
TXN-042e335b,C360-100219,Health Insurance,2023-07-02,2024-07-01,1172,Expired,1
TXN-f7595355,C360-100219,Health Insurance,2024-07-01,2025-07-01,1257,Expired,0
TXN-219edebc,C360-100219,Health Insurance,2025-07-01,2026-07-01,1334,Active,0
TXN-65a9fa7a,C360-100220,Accidental Insurance,2021-07-02,2022-07-02,1070,Expired,0
TXN-3967ba88,C360-100220,Accidental Insurance,2022-07-02,2023-07-02,1083,Expired,0
TXN-350b19bf,C360-100220,Accidental Insurance,2023-07-02,2024-07-01,1106,Expired,0
TXN-2481d381,C360-100220,Accidental Insurance,2024-07-01,2025-07-01,1100,Expired,0
TXN-293d9135,C360-100220,Accidental Insurance,2025-07-01,2026-07-01,1218,Cancelled,1
TXN-534b2b07,C360-100221,Accidental Insurance,2021-07-02,2022-07-02,756,Expired,1
TXN-d99c0936,C360-100221,Accidental Insurance,2022-07-02,2023-07-02,772,Expired,0
TXN-c912d3ae,C360-100221,Accidental Insurance,2023-07-02,2024-07-01,790,Expired,0
TXN-b9b4c715,C360-100221,Accidental Insurance,2024-07-01,2025-07-01,792,Expired,1
TXN-101fc389,C360-100221,Accidental Insurance,2025-07-01,2026-07-01,812,Active,0
TXN-ee8dd069,C360-100222,Life Insurance,2021-07-02,2022-07-02,866,Expired,0
TXN-05856777,C360-100223,Health Insurance,2021-07-02,2022-07-02,1307,Expired,0
TXN-0e716d3d,C360-100223,Health Insurance,2022-07-02,2023-07-02,1336,Expired,0
TXN-ee991860,C360-100223,Health Insurance,2023-07-02,2024-07-01,1347,Expired,0
TXN-d96b6bbd,C360-100223,Health Insurance,2024-07-01,2025-07-01,1346,Expired,1
TXN-212d9bc0,C360-100223,Health Insurance,2025-07-01,2026-07-01,1487,Active,1
TXN-f1dd40be,C360-100223,Accidental Insurance,2021-07-02,2022-07-02,903,Expired,0
TXN-3d5acd48,C360-100223,Accidental Insurance,2022-07-02,2023-07-02,929,Expired,1
TXN-af07558d,C360-100223,Accidental Insurance,2023-07-02,2024-07-01,957,Expired,1
TXN-96494086,C360-100223,Accidental Insurance,2024-07-01,2025-07-01,1032,Expired,0
TXN-f733d994,C360-100223,Accidental Insurance,2025-07-01,2026-07-01,983,Active,0
TXN-1356088d,C360-100224,Health Insurance,2021-07-02,2022-07-02,904,Expired,0
TXN-05d60fec,C360-100224,Health Insurance,2022-07-02,2023-07-02,919,Expired,1
TXN-6c0211d5,C360-100224,Health Insurance,2023-07-02,2024-07-01,952,Expired,0
TXN-a09d17c8,C360-100224,Health Insurance,2024-07-01,2025-07-01,973,Expired,0
TXN-4b5e5b39,C360-100224,Health Insurance,2025-07-01,2026-07-01,1008,Active,0
TXN-e741e0e1,C360-100224,Life Insurance,2021-07-02,2022-07-02,669,Expired,0
TXN-eb001723,C360-100225,Motor Insurance,2021-07-02,2022-07-02,1223,Expired,0
TXN-74c39151,C360-100225,Motor Insurance,2022-07-02,2023-07-02,1253,Expired,0
TXN-d2090c15,C360-100225,Motor Insurance,2023-07-02,2024-07-01,1265,Expired,0
TXN-39e08fc2,C360-100225,Motor Insurance,2024-07-01,2025-07-01,1286,Expired,0
TXN-c14ee9db,C360-100225,Motor Insurance,2025-07-01,2026-07-01,1271,Active,1
TXN-73305101,C360-100225,Accidental Insurance,2021-07-02,2022-07-02,632,Expired,0
TXN-bb209fc6,C360-100225,Accidental Insurance,2022-07-02,2023-07-02,656,Expired,0
TXN-f3bb30af,C360-100225,Accidental Insurance,2023-07-02,2024-07-01,732,Expired,0
TXN-8b81f61b,C360-100225,Accidental Insurance,2024-07-01,2025-07-01,710,Expired,0
TXN-24aaadfc,C360-100225,Accidental Insurance,2025-07-01,2026-07-01,804,Active,0
TXN-9dddf922,C360-100226,Motor Insurance,2021-07-02,2022-07-02,639,Expired,0
TXN-82cb1c39,C360-100226,Motor Insurance,2022-07-02,2023-07-02,669,Expired,2
TXN-98dc832c,C360-100226,Motor Insurance,2023-07-02,2024-07-01,723,Expired,0
TXN-ecbc7880,C360-100226,Motor Insurance,2024-07-01,2025-07-01,741,Expired,0
TXN-cb67eda6,C360-100226,Motor Insurance,2025-07-01,2026-07-01,695,Active,1
TXN-dd6cdc14,C360-100226,Life Insurance,2021-07-02,2022-07-02,509,Expired,1
TXN-64d753b0,C360-100226,Life Insurance,2022-07-02,2023-07-02,548,Expired,0
TXN-b7997404,C360-100226,Life Insurance,2023-07-02,2024-07-01,571,Expired,0
TXN-5b753329,C360-100226,Life Insurance,2024-07-01,2025-07-01,539,Expired,0
TXN-5e2d2ebb,C360-100226,Life Insurance,2025-07-01,2026-07-01,673,Active,0
TXN-a84f1acf,C360-100227,Health Insurance,2021-07-02,2022-07-02,336,Expired,1
TXN-55300d4e,C360-100227,Health Insurance,2022-07-02,2023-07-02,355,Expired,0
TXN-bf9639ed,C360-100227,Health Insurance,2023-07-02,2024-07-01,426,Expired,0
TXN-394a615c,C360-100227,Health Insurance,2024-07-01,2025-07-01,405,Expired,0
TXN-e6814570,C360-100227,Health Insurance,2025-07-01,2026-07-01,392,Active,1
TXN-d7bdee05,C360-100228,Accidental Insurance,2021-07-02,2022-07-02,1063,Expired,2
TXN-2c611b4d,C360-100228,Accidental Insurance,2022-07-02,2023-07-02,1089,Expired,0
TXN-b893c72f,C360-100228,Accidental Insurance,2023-07-02,2024-07-01,1101,Expired,2
TXN-f709bdce,C360-100228,Accidental Insurance,2024-07-01,2025-07-01,1180,Expired,0
TXN-a0979d57,C360-100228,Accidental Insurance,2025-07-01,2026-07-01,1259,Active,0
TXN-2c91515c,C360-100229,Motor Insurance,2021-07-02,2022-07-02,1475,Expired,0
TXN-924fcdbc,C360-100229,Motor Insurance,2022-07-02,2023-07-02,1506,Expired,0
TXN-30a81c03,C360-100229,Motor Insurance,2023-07-02,2024-07-01,1501,Expired,1
TXN-2c339323,C360-100229,Motor Insurance,2024-07-01,2025-07-01,1550,Expired,2
TXN-e80c22ab,C360-100229,Motor Insurance,2025-07-01,2026-07-01,1571,Cancelled,0
TXN-c9fcdb95,C360-100229,Life Insurance,2021-07-02,2022-07-02,860,Expired,0
TXN-1c5c1175,C360-100229,Life Insurance,2022-07-02,2023-07-02,900,Expired,0
TXN-0805e8c1,C360-100229,Life Insurance,2023-07-02,2024-07-01,952,Expired,0
TXN-56f9f022,C360-100229,Life Insurance,2024-07-01,2025-07-01,968,Expired,0
TXN-3204648e,C360-100229,Life Insurance,2025-07-01,2026-07-01,992,Active,0
TXN-653b7146,C360-100230,Health Insurance,2021-07-02,2022-07-02,723,Expired,0
TXN-c094f5df,C360-100230,Health Insurance,2022-07-02,2023-07-02,750,Expired,0
TXN-cd6aeee2,C360-100230,Health Insurance,2023-07-02,2024-07-01,781,Expired,0
TXN-1681d28a,C360-100230,Health Insurance,2024-07-01,2025-07-01,768,Expired,0
TXN-778c9fe3,C360-100230,Health Insurance,2025-07-01,2026-07-01,823,Cancelled,0
TXN-e057f2f6,C360-100230,Life Insurance,2021-07-02,2022-07-02,334,Expired,0
TXN-1da9e3f5,C360-100230,Life Insurance,2022-07-02,2023-07-02,344,Expired,1
TXN-90157445,C360-100230,Life Insurance,2023-07-02,2024-07-01,362,Expired,0
TXN-90591a1b,C360-100230,Life Insurance,2024-07-01,2025-07-01,451,Expired,0
TXN-65077783,C360-100230,Life Insurance,2025-07-01,2026-07-01,386,Active,0
TXN-fdd2dac2,C360-100231,Accidental Insurance,2021-07-02,2022-07-02,1342,Expired,1
TXN-5cebaf50,C360-100231,Accidental Insurance,2022-07-02,2023-07-02,1377,Expired,0
TXN-56eaa9cc,C360-100231,Health Insurance,2021-07-02,2022-07-02,970,Expired,1
TXN-930218e6,C360-100231,Health Insurance,2022-07-02,2023-07-02,1000,Expired,0
TXN-26b2d827,C360-100231,Health Insurance,2023-07-02,2024-07-01,1068,Expired,0
TXN-42ddeba8,C360-100231,Health Insurance,2024-07-01,2025-07-01,1051,Expired,0
TXN-a3a42830,C360-100231,Health Insurance,2025-07-01,2026-07-01,1150,Cancelled,0
TXN-cbfcaf71,C360-100232,Health Insurance,2021-07-02,2022-07-02,850,Expired,0
TXN-753dc50e,C360-100232,Health Insurance,2022-07-02,2023-07-02,861,Expired,0
TXN-c9db27c1,C360-100232,Health Insurance,2023-07-02,2024-07-01,916,Expired,1
TXN-418aa614,C360-100232,Health Insurance,2024-07-01,2025-07-01,997,Expired,2
TXN-fdb3be1a,C360-100232,Health Insurance,2025-07-01,2026-07-01,1002,Cancelled,0
TXN-b35862cd,C360-100232,Life Insurance,2021-07-02,2022-07-02,1438,Expired,0
TXN-6d2d5e58,C360-100232,Life Insurance,2022-07-02,2023-07-02,1459,Expired,0
TXN-0a6f3c34,C360-100232,Life Insurance,2023-07-02,2024-07-01,1528,Expired,0
TXN-f79d63ef,C360-100232,Life Insurance,2024-07-01,2025-07-01,1570,Expired,1
TXN-c329560a,C360-100232,Life Insurance,2025-07-01,2026-07-01,1614,Cancelled,0
TXN-aaa7699b,C360-100232,Accidental Insurance,2021-07-02,2022-07-02,662,Expired,0
TXN-6663c698,C360-100232,Accidental Insurance,2022-07-02,2023-07-02,676,Expired,0
TXN-2bf67a86,C360-100232,Accidental Insurance,2023-07-02,2024-07-01,724,Expired,0
TXN-65d5ec50,C360-100232,Accidental Insurance,2024-07-01,2025-07-01,803,Expired,0
TXN-13053aec,C360-100232,Accidental Insurance,2025-07-01,2026-07-01,846,Active,0
TXN-89efb2c8,C360-100233,Accidental Insurance,2021-07-02,2022-07-02,1500,Expired,0
TXN-f17dbd36,C360-100233,Motor Insurance,2021-07-02,2022-07-02,1299,Expired,0
TXN-6c615ee9,C360-100234,Health Insurance,2021-07-02,2022-07-02,401,Expired,2
TXN-b1f67787,C360-100234,Health Insurance,2022-07-02,2023-07-02,435,Expired,0
TXN-f1be289c,C360-100234,Health Insurance,2023-07-02,2024-07-01,491,Expired,0
TXN-6be02026,C360-100234,Motor Insurance,2021-07-02,2022-07-02,1026,Expired,2
TXN-e67c4f30,C360-100234,Motor Insurance,2022-07-02,2023-07-02,1075,Expired,0
TXN-505afcac,C360-100234,Motor Insurance,2023-07-02,2024-07-01,1122,Expired,0
TXN-d066b039,C360-100234,Motor Insurance,2024-07-01,2025-07-01,1143,Expired,0
TXN-f1824b6a,C360-100234,Motor Insurance,2025-07-01,2026-07-01,1222,Active,0
TXN-5a391593,C360-100235,Health Insurance,2021-07-02,2022-07-02,698,Expired,0
TXN-9f2fb56d,C360-100235,Health Insurance,2022-07-02,2023-07-02,722,Expired,0
TXN-58d11675,C360-100235,Health Insurance,2023-07-02,2024-07-01,768,Expired,0
TXN-5e99d4f6,C360-100235,Health Insurance,2024-07-01,2025-07-01,836,Expired,0
TXN-fbab2c83,C360-100235,Health Insurance,2025-07-01,2026-07-01,754,Cancelled,0
TXN-50ce66ef,C360-100236,Health Insurance,2021-07-02,2022-07-02,1047,Expired,1
TXN-c02e5bdd,C360-100236,Health Insurance,2022-07-02,2023-07-02,1072,Expired,0
TXN-ae7c9410,C360-100236,Health Insurance,2023-07-02,2024-07-01,1101,Expired,2
TXN-95bb81fc,C360-100236,Health Insurance,2024-07-01,2025-07-01,1176,Expired,0
TXN-0beac0d4,C360-100236,Health Insurance,2025-07-01,2026-07-01,1107,Active,0
TXN-1e690f18,C360-100236,Life Insurance,2021-07-02,2022-07-02,553,Expired,0
TXN-bac4272c,C360-100236,Life Insurance,2022-07-02,2023-07-02,587,Expired,0
TXN-19f75dd5,C360-100236,Life Insurance,2023-07-02,2024-07-01,589,Expired,0
TXN-7e9239f4,C360-100236,Life Insurance,2024-07-01,2025-07-01,616,Expired,0
TXN-64f725e6,C360-100236,Life Insurance,2025-07-01,2026-07-01,613,Active,1
TXN-5d110e4f,C360-100237,Health Insurance,2021-07-02,2022-07-02,1028,Expired,0
TXN-b3535084,C360-100237,Health Insurance,2022-07-02,2023-07-02,1063,Expired,0
TXN-5d6d4dde,C360-100237,Health Insurance,2023-07-02,2024-07-01,1056,Expired,1
TXN-5b7b07fc,C360-100237,Health Insurance,2024-07-01,2025-07-01,1130,Expired,0
TXN-c691f848,C360-100237,Health Insurance,2025-07-01,2026-07-01,1164,Active,0
TXN-e40b4728,C360-100239,Life Insurance,2021-07-02,2022-07-02,1079,Expired,0
TXN-1f0f74bd,C360-100239,Life Insurance,2022-07-02,2023-07-02,1117,Expired,0
TXN-2de777da,C360-100239,Life Insurance,2023-07-02,2024-07-01,1151,Expired,0
TXN-b000d366,C360-100239,Motor Insurance,2021-07-02,2022-07-02,1080,Expired,1
TXN-fd7919af,C360-100239,Motor Insurance,2022-07-02,2023-07-02,1115,Expired,0
TXN-457c2a49,C360-100239,Motor Insurance,2023-07-02,2024-07-01,1146,Expired,0
TXN-3b090bc1,C360-100239,Motor Insurance,2024-07-01,2025-07-01,1194,Expired,1
TXN-ef13b077,C360-100239,Motor Insurance,2025-07-01,2026-07-01,1128,Active,0
TXN-710ef046,C360-100240,Life Insurance,2021-07-02,2022-07-02,1250,Expired,0
TXN-bf628ec3,C360-100240,Life Insurance,2022-07-02,2023-07-02,1271,Expired,0
TXN-dee9cc91,C360-100240,Life Insurance,2023-07-02,2024-07-01,1292,Expired,0
TXN-10fed376,C360-100240,Life Insurance,2024-07-01,2025-07-01,1307,Expired,0
TXN-aa84b80d,C360-100240,Life Insurance,2025-07-01,2026-07-01,1406,Active,0
TXN-3fc09da0,C360-100240,Motor Insurance,2021-07-02,2022-07-02,1154,Expired,0
TXN-2bfc9fec,C360-100240,Motor Insurance,2022-07-02,2023-07-02,1184,Expired,0
TXN-9260c06e,C360-100240,Motor Insurance,2023-07-02,2024-07-01,1246,Expired,0
TXN-e59091e0,C360-100240,Motor Insurance,2024-07-01,2025-07-01,1295,Expired,0
TXN-4651d553,C360-100240,Motor Insurance,2025-07-01,2026-07-01,1326,Active,0
TXN-8cf388ee,C360-100241,Accidental Insurance,2021-07-02,2022-07-02,1047,Expired,0
TXN-e7f2e998,C360-100241,Accidental Insurance,2022-07-02,2023-07-02,1082,Expired,0
TXN-51b308eb,C360-100241,Accidental Insurance,2023-07-02,2024-07-01,1107,Expired,0
TXN-36438935,C360-100241,Accidental Insurance,2024-07-01,2025-07-01,1164,Expired,0
TXN-a310fd5a,C360-100241,Accidental Insurance,2025-07-01,2026-07-01,1239,Active,0
TXN-68c7720d,C360-100241,Health Insurance,2021-07-02,2022-07-02,366,Expired,0
TXN-59438f4b,C360-100241,Health Insurance,2022-07-02,2023-07-02,408,Expired,0
TXN-8d4846d0,C360-100241,Health Insurance,2023-07-02,2024-07-01,416,Expired,0
TXN-1ec1860e,C360-100241,Health Insurance,2024-07-01,2025-07-01,417,Expired,0
TXN-8dc5f54d,C360-100241,Health Insurance,2025-07-01,2026-07-01,410,Active,0
TXN-3b1950ed,C360-100242,Health Insurance,2021-07-02,2022-07-02,967,Expired,0
TXN-2c3319f1,C360-100242,Health Insurance,2022-07-02,2023-07-02,985,Expired,0
TXN-81f0dcaa,C360-100242,Health Insurance,2023-07-02,2024-07-01,1039,Expired,0
TXN-36b0fda5,C360-100242,Health Insurance,2024-07-01,2025-07-01,997,Expired,0
TXN-5a815641,C360-100242,Health Insurance,2025-07-01,2026-07-01,1123,Active,0
TXN-420ea03a,C360-100242,Life Insurance,2021-07-02,2022-07-02,858,Expired,0
TXN-2659e896,C360-100242,Life Insurance,2022-07-02,2023-07-02,868,Expired,1
TXN-ef7a427d,C360-100242,Life Insurance,2023-07-02,2024-07-01,898,Expired,1
TXN-04383dc6,C360-100242,Life Insurance,2024-07-01,2025-07-01,930,Expired,0
TXN-12b33308,C360-100242,Life Insurance,2025-07-01,2026-07-01,1030,Active,0
TXN-08b16797,C360-100242,Motor Insurance,2021-07-02,2022-07-02,1414,Expired,0
TXN-61cfc644,C360-100242,Motor Insurance,2022-07-02,2023-07-02,1460,Expired,0
TXN-c5432384,C360-100242,Motor Insurance,2023-07-02,2024-07-01,1470,Expired,0
TXN-0cf79140,C360-100242,Motor Insurance,2024-07-01,2025-07-01,1450,Expired,0
TXN-d4dc7866,C360-100242,Motor Insurance,2025-07-01,2026-07-01,1550,Active,0
TXN-6aaf5eac,C360-100242,Accidental Insurance,2021-07-02,2022-07-02,324,Expired,0
TXN-06be7e39,C360-100242,Accidental Insurance,2022-07-02,2023-07-02,343,Expired,0
TXN-14ee2e30,C360-100242,Accidental Insurance,2023-07-02,2024-07-01,408,Expired,0
TXN-bae1f4ff,C360-100242,Accidental Insurance,2024-07-01,2025-07-01,375,Expired,0
TXN-22bc40f9,C360-100242,Accidental Insurance,2025-07-01,2026-07-01,412,Active,0
TXN-b1b31a6d,C360-100243,Motor Insurance,2021-07-02,2022-07-02,729,Expired,1
TXN-c2ca9505,C360-100243,Motor Insurance,2022-07-02,2023-07-02,745,Expired,0
TXN-2c5650b9,C360-100243,Motor Insurance,2023-07-02,2024-07-01,765,Expired,0
TXN-86142524,C360-100243,Motor Insurance,2024-07-01,2025-07-01,837,Expired,1
TXN-6aaec0b1,C360-100243,Motor Insurance,2025-07-01,2026-07-01,817,Active,0
TXN-8bae9495,C360-100243,Health Insurance,2021-07-02,2022-07-02,839,Expired,0
TXN-6a21b88d,C360-100243,Health Insurance,2022-07-02,2023-07-02,880,Expired,0
TXN-b0260744,C360-100243,Health Insurance,2023-07-02,2024-07-01,933,Expired,0
TXN-e921719b,C360-100243,Health Insurance,2024-07-01,2025-07-01,956,Expired,0
TXN-2702415a,C360-100243,Health Insurance,2025-07-01,2026-07-01,935,Active,0
TXN-d807a9fd,C360-100244,Accidental Insurance,2021-07-02,2022-07-02,1429,Expired,0
TXN-1a3a6711,C360-100244,Accidental Insurance,2022-07-02,2023-07-02,1441,Expired,0
TXN-f1e3b1d1,C360-100244,Accidental Insurance,2023-07-02,2024-07-01,1509,Expired,0
TXN-bab19371,C360-100244,Accidental Insurance,2024-07-01,2025-07-01,1489,Expired,0
TXN-79ace20e,C360-100244,Accidental Insurance,2025-07-01,2026-07-01,1529,Active,0
TXN-f2e76bd7,C360-100244,Health Insurance,2021-07-02,2022-07-02,311,Expired,2
TXN-19e73436,C360-100245,Life Insurance,2021-07-02,2022-07-02,1334,Expired,0
TXN-a85cbc5a,C360-100245,Life Insurance,2022-07-02,2023-07-02,1359,Expired,0
TXN-477e81ad,C360-100245,Life Insurance,2023-07-02,2024-07-01,1394,Expired,0
TXN-3b490959,C360-100245,Life Insurance,2024-07-01,2025-07-01,1463,Expired,0
TXN-80ff72ac,C360-100245,Life Insurance,2025-07-01,2026-07-01,1398,Active,1
TXN-4d51ef70,C360-100246,Motor Insurance,2021-07-02,2022-07-02,1356,Expired,1
TXN-fa878f3c,C360-100247,Motor Insurance,2021-07-02,2022-07-02,490,Expired,0
TXN-1f93b821,C360-100247,Motor Insurance,2022-07-02,2023-07-02,519,Expired,0
TXN-43b02126,C360-100247,Motor Insurance,2023-07-02,2024-07-01,588,Expired,0
TXN-e3427b76,C360-100247,Motor Insurance,2024-07-01,2025-07-01,523,Expired,0
TXN-3254e08b,C360-100247,Motor Insurance,2025-07-01,2026-07-01,574,Cancelled,1
TXN-8fd85f03,C360-100247,Accidental Insurance,2021-07-02,2022-07-02,496,Expired,0
TXN-9fab686b,C360-100248,Health Insurance,2021-07-02,2022-07-02,432,Expired,0
TXN-ef8a9843,C360-100248,Health Insurance,2022-07-02,2023-07-02,450,Expired,2
TXN-e0572111,C360-100248,Health Insurance,2023-07-02,2024-07-01,524,Expired,1
TXN-21aed5d0,C360-100248,Health Insurance,2024-07-01,2025-07-01,570,Expired,0
TXN-f0d8042c,C360-100248,Health Insurance,2025-07-01,2026-07-01,572,Active,0
TXN-3fdb5d7e,C360-100248,Accidental Insurance,2021-07-02,2022-07-02,347,Expired,1
TXN-332e1efb,C360-100248,Accidental Insurance,2022-07-02,2023-07-02,381,Expired,0
TXN-afb4c26d,C360-100248,Accidental Insurance,2023-07-02,2024-07-01,385,Expired,1
TXN-89160c8e,C360-100248,Accidental Insurance,2024-07-01,2025-07-01,419,Expired,0
TXN-d10a270c,C360-100248,Accidental Insurance,2025-07-01,2026-07-01,475,Active,0
TXN-c697d76e,C360-100249,Accidental Insurance,2021-07-02,2022-07-02,781,Expired,0
TXN-d6ba3399,C360-100249,Accidental Insurance,2022-07-02,2023-07-02,831,Expired,0
TXN-053e02b3,C360-100249,Accidental Insurance,2023-07-02,2024-07-01,879,Expired,0
TXN-61e19885,C360-100249,Accidental Insurance,2024-07-01,2025-07-01,832,Expired,0
TXN-6aef8d39,C360-100249,Accidental Insurance,2025-07-01,2026-07-01,861,Active,0
TXN-1dcfa1b3,C360-100250,Accidental Insurance,2021-07-02,2022-07-02,1042,Expired,2
TXN-225265c6,C360-100250,Accidental Insurance,2022-07-02,2023-07-02,1090,Expired,0
TXN-5e96a818,C360-100250,Accidental Insurance,2023-07-02,2024-07-01,1066,Expired,0
TXN-1ba48856,C360-100250,Accidental Insurance,2024-07-01,2025-07-01,1174,Expired,0
TXN-befb94f7,C360-100250,Accidental Insurance,2025-07-01,2026-07-01,1130,Active,0
TXN-dced2fce,C360-100251,Life Insurance,2021-07-02,2022-07-02,690,Expired,1
TXN-8daed032,C360-100251,Life Insurance,2022-07-02,2023-07-02,727,Expired,0
TXN-4f473307,C360-100251,Life Insurance,2023-07-02,2024-07-01,774,Expired,0
TXN-f6120d6b,C360-100251,Life Insurance,2024-07-01,2025-07-01,780,Expired,0
TXN-9c0a30db,C360-100251,Life Insurance,2025-07-01,2026-07-01,890,Active,0
TXN-950c7afe,C360-100253,Life Insurance,2021-07-02,2022-07-02,432,Expired,0
TXN-3ae033c5,C360-100254,Motor Insurance,2021-07-02,2022-07-02,408,Expired,0
TXN-a12be5d9,C360-100254,Motor Insurance,2022-07-02,2023-07-02,448,Expired,0
TXN-d294eaa2,C360-100254,Motor Insurance,2023-07-02,2024-07-01,456,Expired,0
TXN-b935a684,C360-100254,Motor Insurance,2024-07-01,2025-07-01,465,Expired,1
TXN-83fa022d,C360-100254,Motor Insurance,2025-07-01,2026-07-01,596,Cancelled,0
TXN-b7a83937,C360-100255,Accidental Insurance,2021-07-02,2022-07-02,354,Expired,0
TXN-8a9d2b8d,C360-100255,Accidental Insurance,2022-07-02,2023-07-02,394,Expired,0
TXN-1f7add14,C360-100256,Health Insurance,2021-07-02,2022-07-02,1045,Expired,1
TXN-22fae559,C360-100256,Health Insurance,2022-07-02,2023-07-02,1091,Expired,0
TXN-e8bfb5e6,C360-100256,Health Insurance,2023-07-02,2024-07-01,1145,Expired,1
TXN-aa23a952,C360-100256,Health Insurance,2024-07-01,2025-07-01,1111,Expired,0
TXN-a8f51331,C360-100256,Health Insurance,2025-07-01,2026-07-01,1157,Active,0
TXN-05df2c2d,C360-100257,Health Insurance,2021-07-02,2022-07-02,591,Expired,0
TXN-3d7a566e,C360-100257,Life Insurance,2021-07-02,2022-07-02,1253,Expired,0
TXN-8b082ad7,C360-100257,Life Insurance,2022-07-02,2023-07-02,1297,Expired,2
TXN-25aa8be1,C360-100257,Motor Insurance,2021-07-02,2022-07-02,1397,Expired,0
TXN-cb3977f9,C360-100257,Accidental Insurance,2021-07-02,2022-07-02,437,Expired,0
TXN-1198ff8a,C360-100257,Accidental Insurance,2022-07-02,2023-07-02,464,Expired,1
TXN-1d7240f3,C360-100257,Accidental Insurance,2023-07-02,2024-07-01,457,Expired,0
TXN-19e553f7,C360-100257,Accidental Insurance,2024-07-01,2025-07-01,482,Expired,0
TXN-b4bfa2f6,C360-100257,Accidental Insurance,2025-07-01,2026-07-01,589,Active,1
TXN-e9cd6d3c,C360-100258,Motor Insurance,2021-07-02,2022-07-02,1414,Expired,1
TXN-aadf7681,C360-100258,Motor Insurance,2022-07-02,2023-07-02,1464,Expired,1
TXN-835d775f,C360-100258,Motor Insurance,2023-07-02,2024-07-01,1472,Expired,0
TXN-33833969,C360-100258,Motor Insurance,2024-07-01,2025-07-01,1501,Expired,0
TXN-cada4141,C360-100258,Motor Insurance,2025-07-01,2026-07-01,1566,Active,0
TXN-7538a5d4,C360-100258,Accidental Insurance,2021-07-02,2022-07-02,1239,Expired,0
TXN-1d773a09,C360-100258,Accidental Insurance,2022-07-02,2023-07-02,1258,Expired,0
TXN-fa2b7a06,C360-100259,Health Insurance,2021-07-02,2022-07-02,1112,Expired,0
TXN-b22951b2,C360-100259,Health Insurance,2022-07-02,2023-07-02,1161,Expired,0
TXN-7a27ba58,C360-100259,Health Insurance,2023-07-02,2024-07-01,1136,Expired,0
TXN-718af013,C360-100259,Health Insurance,2024-07-01,2025-07-01,1238,Expired,0
TXN-2c927593,C360-100259,Health Insurance,2025-07-01,2026-07-01,1216,Cancelled,0
TXN-1b40b2f8,C360-100259,Life Insurance,2021-07-02,2022-07-02,510,Expired,1
TXN-205a688c,C360-100259,Life Insurance,2022-07-02,2023-07-02,560,Expired,0
TXN-b6badabe,C360-100259,Life Insurance,2023-07-02,2024-07-01,608,Expired,2
TXN-2a3ccde2,C360-100259,Life Insurance,2024-07-01,2025-07-01,618,Expired,0
TXN-ca010105,C360-100259,Life Insurance,2025-07-01,2026-07-01,570,Active,1
TXN-779bdc94,C360-100259,Motor Insurance,2021-07-02,2022-07-02,419,Expired,0
TXN-f1e9b765,C360-100259,Motor Insurance,2022-07-02,2023-07-02,434,Expired,2
TXN-e3338954,C360-100259,Accidental Insurance,2021-07-02,2022-07-02,817,Expired,1
TXN-9f7b74b2,C360-100259,Accidental Insurance,2022-07-02,2023-07-02,852,Expired,0
TXN-f1c94bc3,C360-100259,Accidental Insurance,2023-07-02,2024-07-01,895,Expired,0
TXN-58a4d6a8,C360-100259,Accidental Insurance,2024-07-01,2025-07-01,961,Expired,0
TXN-a147ae57,C360-100259,Accidental Insurance,2025-07-01,2026-07-01,893,Active,0
TXN-da2c2155,C360-100260,Life Insurance,2021-07-02,2022-07-02,1334,Expired,0
TXN-c411ed82,C360-100260,Life Insurance,2022-07-02,2023-07-02,1380,Expired,0
TXN-11bf71e6,C360-100260,Life Insurance,2023-07-02,2024-07-01,1410,Expired,0
TXN-ab5f16ed,C360-100260,Life Insurance,2024-07-01,2025-07-01,1370,Expired,0
TXN-495430e8,C360-100260,Life Insurance,2025-07-01,2026-07-01,1410,Cancelled,0
TXN-165da800,C360-100260,Accidental Insurance,2021-07-02,2022-07-02,557,Expired,0
TXN-b1a4f5ac,C360-100260,Accidental Insurance,2022-07-02,2023-07-02,575,Expired,0
TXN-6993b127,C360-100260,Accidental Insurance,2023-07-02,2024-07-01,623,Expired,1
TXN-dc8444b7,C360-100260,Accidental Insurance,2024-07-01,2025-07-01,671,Expired,0
TXN-08a63299,C360-100260,Accidental Insurance,2025-07-01,2026-07-01,693,Active,1
TXN-bda7c4fa,C360-100261,Motor Insurance,2021-07-02,2022-07-02,432,Expired,0
TXN-717f5f83,C360-100261,Motor Insurance,2022-07-02,2023-07-02,474,Expired,0
TXN-2eb5a7e3,C360-100261,Motor Insurance,2023-07-02,2024-07-01,452,Expired,1
TXN-f6460ab8,C360-100261,Motor Insurance,2024-07-01,2025-07-01,507,Expired,0
TXN-444b9820,C360-100261,Motor Insurance,2025-07-01,2026-07-01,596,Active,1
TXN-2dc94f1c,C360-100261,Accidental Insurance,2021-07-02,2022-07-02,1443,Expired,1
TXN-197f1013,C360-100261,Accidental Insurance,2022-07-02,2023-07-02,1491,Expired,0
TXN-e8e7330f,C360-100261,Accidental Insurance,2023-07-02,2024-07-01,1473,Expired,0
TXN-2edec470,C360-100261,Accidental Insurance,2024-07-01,2025-07-01,1473,Expired,0
TXN-541698c2,C360-100261,Accidental Insurance,2025-07-01,2026-07-01,1631,Active,0
TXN-231cc9ed,C360-100262,Health Insurance,2021-07-02,2022-07-02,1254,Expired,1
TXN-0962e5ee,C360-100262,Health Insurance,2022-07-02,2023-07-02,1274,Expired,0
TXN-ff6a2c01,C360-100262,Health Insurance,2023-07-02,2024-07-01,1306,Expired,1
TXN-864f1e00,C360-100262,Health Insurance,2024-07-01,2025-07-01,1293,Expired,0
TXN-d66e673f,C360-100262,Health Insurance,2025-07-01,2026-07-01,1406,Active,0
TXN-fa2b009f,C360-100262,Life Insurance,2021-07-02,2022-07-02,1462,Expired,0
TXN-c0e8d8a9,C360-100262,Life Insurance,2022-07-02,2023-07-02,1489,Expired,0
TXN-c63205b1,C360-100262,Life Insurance,2023-07-02,2024-07-01,1500,Expired,0
TXN-7743e2ae,C360-100262,Life Insurance,2024-07-01,2025-07-01,1558,Expired,0
TXN-695318cd,C360-100262,Life Insurance,2025-07-01,2026-07-01,1566,Active,0
TXN-a7c43bfe,C360-100262,Motor Insurance,2021-07-02,2022-07-02,1419,Expired,0
TXN-48b1b823,C360-100262,Motor Insurance,2022-07-02,2023-07-02,1469,Expired,0
TXN-0f44c4e1,C360-100262,Motor Insurance,2023-07-02,2024-07-01,1489,Expired,2
TXN-c5f88bb3,C360-100262,Motor Insurance,2024-07-01,2025-07-01,1524,Expired,0
TXN-4452e6ef,C360-100262,Motor Insurance,2025-07-01,2026-07-01,1567,Active,0
TXN-26f97979,C360-100262,Accidental Insurance,2021-07-02,2022-07-02,604,Expired,0
TXN-ab02eb0b,C360-100262,Accidental Insurance,2022-07-02,2023-07-02,650,Expired,0
TXN-f1b613dc,C360-100262,Accidental Insurance,2023-07-02,2024-07-01,678,Expired,0
TXN-78ca9d79,C360-100262,Accidental Insurance,2024-07-01,2025-07-01,721,Expired,1
TXN-3d880249,C360-100262,Accidental Insurance,2025-07-01,2026-07-01,688,Active,0
TXN-f497187f,C360-100263,Life Insurance,2021-07-02,2022-07-02,1370,Expired,0
TXN-9f7a9819,C360-100263,Life Insurance,2022-07-02,2023-07-02,1398,Expired,0
TXN-85bcf890,C360-100263,Life Insurance,2023-07-02,2024-07-01,1450,Expired,0
TXN-797f6225,C360-100263,Life Insurance,2024-07-01,2025-07-01,1487,Expired,1
TXN-c73bc478,C360-100263,Life Insurance,2025-07-01,2026-07-01,1490,Active,0
TXN-bf92c4a2,C360-100264,Health Insurance,2021-07-02,2022-07-02,785,Expired,1
TXN-d70288c7,C360-100264,Health Insurance,2022-07-02,2023-07-02,828,Expired,0
TXN-e80cd08f,C360-100264,Health Insurance,2023-07-02,2024-07-01,837,Expired,0
TXN-1307447a,C360-100264,Health Insurance,2024-07-01,2025-07-01,887,Expired,0
TXN-c637dc43,C360-100264,Health Insurance,2025-07-01,2026-07-01,961,Active,0
TXN-34f89623,C360-100264,Accidental Insurance,2021-07-02,2022-07-02,745,Expired,0
TXN-18d6aa0f,C360-100264,Accidental Insurance,2022-07-02,2023-07-02,781,Expired,0
TXN-644a0cee,C360-100264,Accidental Insurance,2023-07-02,2024-07-01,769,Expired,0
TXN-97c3ee42,C360-100264,Accidental Insurance,2024-07-01,2025-07-01,859,Expired,0
TXN-6a5901e5,C360-100264,Accidental Insurance,2025-07-01,2026-07-01,941,Active,0
TXN-c706a278,C360-100265,Accidental Insurance,2021-07-02,2022-07-02,734,Expired,1
TXN-882d34c5,C360-100265,Accidental Insurance,2022-07-02,2023-07-02,783,Expired,1
TXN-7e58ed0a,C360-100265,Accidental Insurance,2023-07-02,2024-07-01,760,Expired,0
TXN-7244de22,C360-100265,Accidental Insurance,2024-07-01,2025-07-01,875,Expired,0
TXN-a53e1125,C360-100265,Accidental Insurance,2025-07-01,2026-07-01,790,Cancelled,0
TXN-15fa1a7c,C360-100265,Motor Insurance,2021-07-02,2022-07-02,1166,Expired,0
TXN-43e6fd3d,C360-100265,Motor Insurance,2022-07-02,2023-07-02,1177,Expired,0
TXN-5f650f69,C360-100265,Motor Insurance,2023-07-02,2024-07-01,1256,Expired,1
TXN-38acdccc,C360-100265,Motor Insurance,2024-07-01,2025-07-01,1229,Expired,1
TXN-ef8870c6,C360-100265,Motor Insurance,2025-07-01,2026-07-01,1346,Cancelled,0
TXN-72ca54a6,C360-100266,Health Insurance,2021-07-02,2022-07-02,426,Expired,1
TXN-33fc9074,C360-100266,Health Insurance,2022-07-02,2023-07-02,461,Expired,0
TXN-0d0e07f3,C360-100266,Health Insurance,2023-07-02,2024-07-01,492,Expired,1
TXN-50b8ed77,C360-100266,Health Insurance,2024-07-01,2025-07-01,576,Expired,0
TXN-e90d24f7,C360-100266,Health Insurance,2025-07-01,2026-07-01,530,Cancelled,2
TXN-cbc44ce4,C360-100266,Life Insurance,2021-07-02,2022-07-02,1067,Expired,1
TXN-378c43f6,C360-100266,Life Insurance,2022-07-02,2023-07-02,1111,Expired,0
TXN-cafb8728,C360-100266,Life Insurance,2023-07-02,2024-07-01,1159,Expired,0
TXN-40d55cb0,C360-100266,Life Insurance,2024-07-01,2025-07-01,1151,Expired,0
TXN-0666bbf9,C360-100266,Life Insurance,2025-07-01,2026-07-01,1163,Cancelled,0
TXN-dafc61b9,C360-100266,Accidental Insurance,2021-07-02,2022-07-02,776,Expired,0
TXN-794d0528,C360-100266,Accidental Insurance,2022-07-02,2023-07-02,807,Expired,1
TXN-6c9ed127,C360-100267,Life Insurance,2021-07-02,2022-07-02,1378,Expired,0
TXN-d5c5b08c,C360-100267,Life Insurance,2022-07-02,2023-07-02,1427,Expired,0
TXN-d0a6c86e,C360-100267,Life Insurance,2023-07-02,2024-07-01,1430,Expired,0
TXN-305f90de,C360-100267,Life Insurance,2024-07-01,2025-07-01,1447,Expired,2
TXN-07792320,C360-100267,Life Insurance,2025-07-01,2026-07-01,1462,Active,1
TXN-f4b9fe3a,C360-100268,Accidental Insurance,2021-07-02,2022-07-02,346,Expired,0
TXN-74de10f8,C360-100268,Accidental Insurance,2022-07-02,2023-07-02,365,Expired,0
TXN-66771876,C360-100268,Accidental Insurance,2023-07-02,2024-07-01,404,Expired,0
TXN-84c54806,C360-100268,Accidental Insurance,2024-07-01,2025-07-01,493,Expired,0
TXN-3de2a0cb,C360-100268,Accidental Insurance,2025-07-01,2026-07-01,422,Cancelled,0
TXN-d829131f,C360-100268,Life Insurance,2021-07-02,2022-07-02,612,Expired,0
TXN-3cf757fa,C360-100269,Life Insurance,2021-07-02,2022-07-02,1044,Expired,0
TXN-95f52337,C360-100269,Life Insurance,2022-07-02,2023-07-02,1074,Expired,0
TXN-3fa005e5,C360-100269,Life Insurance,2023-07-02,2024-07-01,1064,Expired,1
TXN-3c51f117,C360-100269,Life Insurance,2024-07-01,2025-07-01,1098,Expired,0
TXN-21109eac,C360-100269,Life Insurance,2025-07-01,2026-07-01,1128,Active,0
TXN-e82075ee,C360-100269,Health Insurance,2021-07-02,2022-07-02,884,Expired,0
TXN-2b871dca,C360-100269,Health Insurance,2022-07-02,2023-07-02,912,Expired,0
TXN-57670849,C360-100269,Health Insurance,2023-07-02,2024-07-01,924,Expired,0
TXN-b79b4e33,C360-100269,Health Insurance,2024-07-01,2025-07-01,998,Expired,0
TXN-94587611,C360-100269,Health Insurance,2025-07-01,2026-07-01,960,Active,0
TXN-3f852d26,C360-100270,Health Insurance,2021-07-02,2022-07-02,753,Expired,0
TXN-5921d165,C360-100270,Health Insurance,2022-07-02,2023-07-02,803,Expired,0
TXN-84213c25,C360-100270,Health Insurance,2023-07-02,2024-07-01,845,Expired,1
TXN-cb34cf92,C360-100270,Health Insurance,2024-07-01,2025-07-01,867,Expired,0
TXN-5539a6ec,C360-100270,Health Insurance,2025-07-01,2026-07-01,929,Active,0
TXN-f061fa38,C360-100270,Life Insurance,2021-07-02,2022-07-02,732,Expired,0
TXN-59c5f88a,C360-100270,Life Insurance,2022-07-02,2023-07-02,762,Expired,0
TXN-8fc23610,C360-100270,Life Insurance,2023-07-02,2024-07-01,816,Expired,0
TXN-b386936b,C360-100270,Life Insurance,2024-07-01,2025-07-01,876,Expired,1
TXN-f6f4aee2,C360-100270,Life Insurance,2025-07-01,2026-07-01,808,Active,1
TXN-4121a88b,C360-100270,Motor Insurance,2021-07-02,2022-07-02,586,Expired,1
TXN-4da32686,C360-100270,Motor Insurance,2022-07-02,2023-07-02,607,Expired,0
TXN-577d6e1a,C360-100270,Motor Insurance,2023-07-02,2024-07-01,618,Expired,2
TXN-31482bc0,C360-100270,Motor Insurance,2024-07-01,2025-07-01,697,Expired,0
TXN-da998418,C360-100270,Motor Insurance,2025-07-01,2026-07-01,786,Active,0
TXN-cccbb3ee,C360-100270,Accidental Insurance,2021-07-02,2022-07-02,1018,Expired,0
TXN-fe80d941,C360-100270,Accidental Insurance,2022-07-02,2023-07-02,1043,Expired,0
TXN-431c57d6,C360-100270,Accidental Insurance,2023-07-02,2024-07-01,1082,Expired,1
TXN-316bbc91,C360-100270,Accidental Insurance,2024-07-01,2025-07-01,1051,Expired,0
TXN-21a46110,C360-100270,Accidental Insurance,2025-07-01,2026-07-01,1186,Active,0
TXN-5fd19d12,C360-100271,Accidental Insurance,2021-07-02,2022-07-02,1127,Expired,0
TXN-c4136dc9,C360-100271,Accidental Insurance,2022-07-02,2023-07-02,1139,Expired,0
TXN-edcd58c8,C360-100271,Accidental Insurance,2023-07-02,2024-07-01,1177,Expired,0
TXN-f9e455d9,C360-100271,Accidental Insurance,2024-07-01,2025-07-01,1265,Expired,0
TXN-b99b4de5,C360-100271,Accidental Insurance,2025-07-01,2026-07-01,1187,Active,0
TXN-dd0510b6,C360-100272,Health Insurance,2021-07-02,2022-07-02,736,Expired,0
TXN-050a1e6b,C360-100272,Health Insurance,2022-07-02,2023-07-02,765,Expired,0
TXN-429d5073,C360-100272,Health Insurance,2023-07-02,2024-07-01,782,Expired,0
TXN-2abf21fa,C360-100272,Health Insurance,2024-07-01,2025-07-01,781,Expired,2
TXN-24a76b57,C360-100272,Health Insurance,2025-07-01,2026-07-01,824,Active,0
TXN-4aba1b5e,C360-100272,Life Insurance,2021-07-02,2022-07-02,678,Expired,0
TXN-00fde036,C360-100272,Life Insurance,2022-07-02,2023-07-02,712,Expired,0
TXN-6a881df3,C360-100272,Life Insurance,2023-07-02,2024-07-01,750,Expired,0
TXN-d7200d06,C360-100272,Life Insurance,2024-07-01,2025-07-01,765,Expired,0
TXN-43e4d041,C360-100272,Life Insurance,2025-07-01,2026-07-01,786,Active,0
TXN-cdb6f4be,C360-100272,Motor Insurance,2021-07-02,2022-07-02,1222,Expired,0
TXN-76cbf914,C360-100272,Motor Insurance,2022-07-02,2023-07-02,1253,Expired,0
TXN-f58a5061,C360-100272,Motor Insurance,2023-07-02,2024-07-01,1310,Expired,0
TXN-de55a1e1,C360-100272,Motor Insurance,2024-07-01,2025-07-01,1288,Expired,0
TXN-49cbef5b,C360-100272,Motor Insurance,2025-07-01,2026-07-01,1370,Active,0
TXN-a5db1efa,C360-100272,Accidental Insurance,2021-07-02,2022-07-02,1283,Expired,1
TXN-699d8882,C360-100272,Accidental Insurance,2022-07-02,2023-07-02,1317,Expired,0
TXN-157dba8a,C360-100272,Accidental Insurance,2023-07-02,2024-07-01,1307,Expired,0
TXN-2b27fc1e,C360-100272,Accidental Insurance,2024-07-01,2025-07-01,1394,Expired,0
TXN-4005f0bd,C360-100272,Accidental Insurance,2025-07-01,2026-07-01,1327,Active,0
TXN-5dd002e3,C360-100273,Health Insurance,2021-07-02,2022-07-02,1063,Expired,0
TXN-fff0cae5,C360-100273,Health Insurance,2022-07-02,2023-07-02,1093,Expired,1
TXN-74128667,C360-100273,Health Insurance,2023-07-02,2024-07-01,1107,Expired,0
TXN-1baff7fc,C360-100273,Health Insurance,2024-07-01,2025-07-01,1096,Expired,0
TXN-6baf98b1,C360-100273,Health Insurance,2025-07-01,2026-07-01,1143,Active,0
TXN-1ee04e94,C360-100273,Life Insurance,2021-07-02,2022-07-02,468,Expired,0
TXN-cc940b88,C360-100273,Life Insurance,2022-07-02,2023-07-02,518,Expired,0
TXN-5a29338e,C360-100273,Life Insurance,2023-07-02,2024-07-01,526,Expired,0
TXN-fe2559f2,C360-100273,Life Insurance,2024-07-01,2025-07-01,525,Expired,1
TXN-5587af50,C360-100273,Life Insurance,2025-07-01,2026-07-01,604,Active,0
TXN-181e827b,C360-100273,Motor Insurance,2021-07-02,2022-07-02,593,Expired,0
TXN-02c515df,C360-100273,Motor Insurance,2022-07-02,2023-07-02,635,Expired,0
TXN-eba3930f,C360-100273,Motor Insurance,2023-07-02,2024-07-01,681,Expired,0
TXN-b8f4f816,C360-100273,Motor Insurance,2024-07-01,2025-07-01,623,Expired,0
TXN-839603bd,C360-100273,Motor Insurance,2025-07-01,2026-07-01,653,Active,1
TXN-f59fb2fb,C360-100273,Accidental Insurance,2021-07-02,2022-07-02,1392,Expired,0
TXN-0f3fc1e5,C360-100273,Accidental Insurance,2022-07-02,2023-07-02,1428,Expired,0
TXN-e8f4714b,C360-100273,Accidental Insurance,2023-07-02,2024-07-01,1454,Expired,0
TXN-a76ba395,C360-100273,Accidental Insurance,2024-07-01,2025-07-01,1440,Expired,0
TXN-382de2db,C360-100273,Accidental Insurance,2025-07-01,2026-07-01,1536,Active,0
TXN-dafbcc3b,C360-100274,Accidental Insurance,2021-07-02,2022-07-02,746,Expired,0
TXN-817316a3,C360-100274,Accidental Insurance,2022-07-02,2023-07-02,764,Expired,0
TXN-ff7b96fc,C360-100274,Accidental Insurance,2023-07-02,2024-07-01,828,Expired,0
TXN-97e907ba,C360-100274,Accidental Insurance,2024-07-01,2025-07-01,857,Expired,1
TXN-12e0ac33,C360-100274,Accidental Insurance,2025-07-01,2026-07-01,798,Active,0
TXN-0234cfd8,C360-100275,Accidental Insurance,2021-07-02,2022-07-02,835,Expired,0
TXN-3e163631,C360-100275,Accidental Insurance,2022-07-02,2023-07-02,858,Expired,0
TXN-87de7a30,C360-100275,Accidental Insurance,2023-07-02,2024-07-01,931,Expired,0
TXN-6971dacc,C360-100275,Accidental Insurance,2024-07-01,2025-07-01,919,Expired,0
TXN-e51b0a97,C360-100275,Accidental Insurance,2025-07-01,2026-07-01,875,Active,0
TXN-e295c59b,C360-100276,Health Insurance,2021-07-02,2022-07-02,549,Expired,0
TXN-1fda6b63,C360-100276,Health Insurance,2022-07-02,2023-07-02,587,Expired,0
TXN-e7dbc237,C360-100276,Health Insurance,2023-07-02,2024-07-01,593,Expired,0
TXN-79002564,C360-100276,Health Insurance,2024-07-01,2025-07-01,606,Expired,1
TXN-6adafa29,C360-100276,Health Insurance,2025-07-01,2026-07-01,729,Active,0
TXN-4ffcfebd,C360-100276,Motor Insurance,2021-07-02,2022-07-02,952,Expired,1
TXN-1c33801a,C360-100276,Motor Insurance,2022-07-02,2023-07-02,991,Expired,0
TXN-db7de6f7,C360-100276,Motor Insurance,2023-07-02,2024-07-01,1052,Expired,0
TXN-8ad513fe,C360-100276,Motor Insurance,2024-07-01,2025-07-01,991,Expired,2
TXN-8aefa645,C360-100276,Motor Insurance,2025-07-01,2026-07-01,1072,Active,1
TXN-b50219b7,C360-100276,Accidental Insurance,2021-07-02,2022-07-02,1283,Expired,0
TXN-6faafe8c,C360-100277,Health Insurance,2021-07-02,2022-07-02,598,Expired,2
TXN-581791f7,C360-100277,Health Insurance,2022-07-02,2023-07-02,643,Expired,0
TXN-a53ed736,C360-100277,Health Insurance,2023-07-02,2024-07-01,652,Expired,0
TXN-52dbaf16,C360-100277,Health Insurance,2024-07-01,2025-07-01,631,Expired,0
TXN-185639b9,C360-100277,Health Insurance,2025-07-01,2026-07-01,670,Active,0
TXN-c018c4a4,C360-100277,Life Insurance,2021-07-02,2022-07-02,581,Expired,0
TXN-bc54b3f9,C360-100277,Life Insurance,2022-07-02,2023-07-02,622,Expired,0
TXN-4f6ca2b5,C360-100277,Life Insurance,2023-07-02,2024-07-01,661,Expired,0
TXN-8e9fc2e2,C360-100277,Life Insurance,2024-07-01,2025-07-01,695,Expired,0
TXN-d96db973,C360-100277,Life Insurance,2025-07-01,2026-07-01,777,Active,1
TXN-75bde463,C360-100277,Motor Insurance,2021-07-02,2022-07-02,426,Expired,0
TXN-cc2a0463,C360-100277,Motor Insurance,2022-07-02,2023-07-02,453,Expired,0
TXN-091c92e4,C360-100277,Motor Insurance,2023-07-02,2024-07-01,520,Expired,0
TXN-ef0e8ba9,C360-100277,Motor Insurance,2024-07-01,2025-07-01,516,Expired,0
TXN-ef44556b,C360-100277,Motor Insurance,2025-07-01,2026-07-01,558,Active,0
TXN-ceb57254,C360-100277,Accidental Insurance,2021-07-02,2022-07-02,355,Expired,1
TXN-562ce6bf,C360-100277,Accidental Insurance,2022-07-02,2023-07-02,403,Expired,1
TXN-3ff22dcc,C360-100277,Accidental Insurance,2023-07-02,2024-07-01,397,Expired,0
TXN-887f268d,C360-100277,Accidental Insurance,2024-07-01,2025-07-01,394,Expired,0
TXN-bba2b209,C360-100277,Accidental Insurance,2025-07-01,2026-07-01,527,Active,1
TXN-d6d8931e,C360-100278,Health Insurance,2021-07-02,2022-07-02,983,Expired,0
TXN-276ca0f1,C360-100278,Life Insurance,2021-07-02,2022-07-02,721,Expired,0
TXN-43e9f40d,C360-100278,Motor Insurance,2021-07-02,2022-07-02,1131,Expired,0
TXN-9abc57b7,C360-100278,Accidental Insurance,2021-07-02,2022-07-02,1211,Expired,0
TXN-21e328c5,C360-100278,Accidental Insurance,2022-07-02,2023-07-02,1256,Expired,0
TXN-68dc724e,C360-100278,Accidental Insurance,2023-07-02,2024-07-01,1283,Expired,0
TXN-13433341,C360-100278,Accidental Insurance,2024-07-01,2025-07-01,1316,Expired,0
TXN-7f0b1fa9,C360-100278,Accidental Insurance,2025-07-01,2026-07-01,1291,Active,0
TXN-26a0ad74,C360-100279,Life Insurance,2021-07-02,2022-07-02,707,Expired,0
TXN-ca6d5171,C360-100279,Life Insurance,2022-07-02,2023-07-02,724,Expired,0
TXN-d907ed2f,C360-100279,Life Insurance,2023-07-02,2024-07-01,769,Expired,1
TXN-0b544479,C360-100279,Life Insurance,2024-07-01,2025-07-01,785,Expired,0
TXN-7199b90f,C360-100279,Life Insurance,2025-07-01,2026-07-01,835,Active,0
TXN-251c2c93,C360-100280,Health Insurance,2021-07-02,2022-07-02,1186,Expired,0
TXN-886353cf,C360-100280,Health Insurance,2022-07-02,2023-07-02,1227,Expired,0
TXN-75cfb0f8,C360-100280,Health Insurance,2023-07-02,2024-07-01,1252,Expired,0
TXN-25d3fab5,C360-100280,Health Insurance,2024-07-01,2025-07-01,1267,Expired,0
TXN-ff1b00df,C360-100280,Health Insurance,2025-07-01,2026-07-01,1310,Active,0
TXN-4c4ce8d4,C360-100280,Motor Insurance,2021-07-02,2022-07-02,956,Expired,0
TXN-5acd45c6,C360-100280,Motor Insurance,2022-07-02,2023-07-02,978,Expired,0
TXN-aca761c3,C360-100280,Motor Insurance,2023-07-02,2024-07-01,1050,Expired,0
TXN-7fedeef8,C360-100280,Motor Insurance,2024-07-01,2025-07-01,1007,Expired,0
TXN-e0149c77,C360-100280,Motor Insurance,2025-07-01,2026-07-01,1152,Active,0
TXN-b2cb6f80,C360-100281,Motor Insurance,2021-07-02,2022-07-02,1076,Expired,1
TXN-ea02b6cf,C360-100281,Motor Insurance,2022-07-02,2023-07-02,1113,Expired,0
TXN-5179e470,C360-100281,Motor Insurance,2023-07-02,2024-07-01,1172,Expired,0
TXN-c2ee689c,C360-100281,Motor Insurance,2024-07-01,2025-07-01,1205,Expired,0
TXN-e4b9ed62,C360-100281,Motor Insurance,2025-07-01,2026-07-01,1232,Active,0
TXN-3da59be7,C360-100282,Health Insurance,2021-07-02,2022-07-02,760,Expired,0
TXN-ca43ea9e,C360-100282,Health Insurance,2022-07-02,2023-07-02,792,Expired,0
TXN-ecb30870,C360-100282,Health Insurance,2023-07-02,2024-07-01,804,Expired,1
TXN-97c76708,C360-100282,Health Insurance,2024-07-01,2025-07-01,829,Expired,0
TXN-a4aab0c5,C360-100282,Health Insurance,2025-07-01,2026-07-01,856,Active,0
TXN-74942456,C360-100282,Life Insurance,2021-07-02,2022-07-02,732,Expired,0
TXN-dd187282,C360-100282,Life Insurance,2022-07-02,2023-07-02,770,Expired,0
TXN-be92ab9f,C360-100282,Life Insurance,2023-07-02,2024-07-01,796,Expired,0
TXN-820b894c,C360-100282,Life Insurance,2024-07-01,2025-07-01,843,Expired,0
TXN-d2eecd0a,C360-100282,Life Insurance,2025-07-01,2026-07-01,804,Active,1
TXN-a35c4c2f,C360-100282,Motor Insurance,2021-07-02,2022-07-02,1331,Expired,0
TXN-e724e701,C360-100282,Motor Insurance,2022-07-02,2023-07-02,1381,Expired,0
TXN-074587d2,C360-100282,Motor Insurance,2023-07-02,2024-07-01,1357,Expired,0
TXN-28269c70,C360-100282,Motor Insurance,2024-07-01,2025-07-01,1394,Expired,0
TXN-a870481e,C360-100282,Motor Insurance,2025-07-01,2026-07-01,1387,Active,0
TXN-c1d004d6,C360-100282,Accidental Insurance,2021-07-02,2022-07-02,1264,Expired,0
TXN-bb97f7f4,C360-100282,Accidental Insurance,2022-07-02,2023-07-02,1298,Expired,0
TXN-41a5cb5c,C360-100282,Accidental Insurance,2023-07-02,2024-07-01,1322,Expired,0
TXN-e52dc7c6,C360-100282,Accidental Insurance,2024-07-01,2025-07-01,1405,Expired,1
TXN-6ab586ea,C360-100282,Accidental Insurance,2025-07-01,2026-07-01,1328,Active,0
TXN-cbe16727,C360-100283,Health Insurance,2021-07-02,2022-07-02,798,Expired,0
TXN-00c167b0,C360-100283,Health Insurance,2022-07-02,2023-07-02,816,Expired,0
TXN-3731f9c8,C360-100283,Health Insurance,2023-07-02,2024-07-01,840,Expired,0
TXN-4e108306,C360-100283,Health Insurance,2024-07-01,2025-07-01,936,Expired,0
TXN-a3c20944,C360-100283,Health Insurance,2025-07-01,2026-07-01,974,Active,0
TXN-013a85bc,C360-100283,Life Insurance,2021-07-02,2022-07-02,961,Expired,0
TXN-c46e4927,C360-100283,Life Insurance,2022-07-02,2023-07-02,1007,Expired,0
TXN-f901c0ca,C360-100283,Life Insurance,2023-07-02,2024-07-01,1009,Expired,0
TXN-486ff3f9,C360-100283,Life Insurance,2024-07-01,2025-07-01,1081,Expired,0
TXN-c8962297,C360-100283,Life Insurance,2025-07-01,2026-07-01,1153,Active,0
TXN-8ee1c54d,C360-100283,Motor Insurance,2021-07-02,2022-07-02,987,Expired,1
TXN-9dbf4c95,C360-100283,Motor Insurance,2022-07-02,2023-07-02,1032,Expired,0
TXN-1a9192c3,C360-100283,Motor Insurance,2023-07-02,2024-07-01,1067,Expired,1
TXN-3c428387,C360-100283,Motor Insurance,2024-07-01,2025-07-01,1035,Expired,0
TXN-9aa25e6b,C360-100283,Motor Insurance,2025-07-01,2026-07-01,1123,Active,0
TXN-941a7085,C360-100283,Accidental Insurance,2021-07-02,2022-07-02,682,Expired,0
TXN-eb2cac42,C360-100283,Accidental Insurance,2022-07-02,2023-07-02,705,Expired,1
TXN-b34e47a1,C360-100283,Accidental Insurance,2023-07-02,2024-07-01,736,Expired,1
TXN-c34d6bef,C360-100283,Accidental Insurance,2024-07-01,2025-07-01,796,Expired,0
TXN-0f5e0124,C360-100283,Accidental Insurance,2025-07-01,2026-07-01,750,Active,0
TXN-ec0a507f,C360-100284,Motor Insurance,2021-07-02,2022-07-02,1480,Expired,0
TXN-467b3b04,C360-100284,Motor Insurance,2022-07-02,2023-07-02,1523,Expired,0
TXN-7ed183e0,C360-100284,Motor Insurance,2023-07-02,2024-07-01,1562,Expired,0
TXN-1919046f,C360-100284,Motor Insurance,2024-07-01,2025-07-01,1627,Expired,0
TXN-55eb7d27,C360-100284,Motor Insurance,2025-07-01,2026-07-01,1580,Active,0
TXN-ef192520,C360-100285,Life Insurance,2021-07-02,2022-07-02,310,Expired,0
TXN-39bd0d6f,C360-100285,Life Insurance,2022-07-02,2023-07-02,337,Expired,1
TXN-588ff5dc,C360-100285,Life Insurance,2023-07-02,2024-07-01,340,Expired,0
TXN-f60abd9e,C360-100285,Motor Insurance,2021-07-02,2022-07-02,345,Expired,0
TXN-1f222417,C360-100285,Motor Insurance,2022-07-02,2023-07-02,367,Expired,0
TXN-5317b659,C360-100285,Motor Insurance,2023-07-02,2024-07-01,413,Expired,0
TXN-841966cc,C360-100285,Motor Insurance,2024-07-01,2025-07-01,387,Expired,0
TXN-1c14aee5,C360-100285,Motor Insurance,2025-07-01,2026-07-01,397,Active,2
TXN-886a0823,C360-100285,Accidental Insurance,2021-07-02,2022-07-02,467,Expired,0
TXN-dd7b8461,C360-100285,Accidental Insurance,2022-07-02,2023-07-02,502,Expired,0
TXN-4a5bd56f,C360-100285,Accidental Insurance,2023-07-02,2024-07-01,523,Expired,0
TXN-2b08f3db,C360-100286,Accidental Insurance,2021-07-02,2022-07-02,1335,Expired,0
TXN-57a17be3,C360-100286,Accidental Insurance,2022-07-02,2023-07-02,1373,Expired,2
TXN-c6e0d575,C360-100286,Life Insurance,2021-07-02,2022-07-02,660,Expired,1
TXN-0e1818e1,C360-100286,Life Insurance,2022-07-02,2023-07-02,709,Expired,0
TXN-40f11f90,C360-100286,Life Insurance,2023-07-02,2024-07-01,684,Expired,0
TXN-0cd75a20,C360-100287,Life Insurance,2021-07-02,2022-07-02,768,Expired,0
TXN-3568d14b,C360-100287,Life Insurance,2022-07-02,2023-07-02,787,Expired,0
TXN-8447101b,C360-100287,Life Insurance,2023-07-02,2024-07-01,848,Expired,2
TXN-762a06b8,C360-100287,Life Insurance,2024-07-01,2025-07-01,798,Expired,1
TXN-71f0c6f0,C360-100287,Life Insurance,2025-07-01,2026-07-01,912,Active,1
TXN-ba7c88f4,C360-100287,Accidental Insurance,2021-07-02,2022-07-02,398,Expired,0
TXN-c6fafb4d,C360-100287,Accidental Insurance,2022-07-02,2023-07-02,434,Expired,1
TXN-05de3570,C360-100287,Accidental Insurance,2023-07-02,2024-07-01,474,Expired,0
TXN-27286075,C360-100287,Accidental Insurance,2024-07-01,2025-07-01,431,Expired,0
TXN-29529b5f,C360-100287,Accidental Insurance,2025-07-01,2026-07-01,574,Active,0
TXN-8122a4a8,C360-100288,Health Insurance,2021-07-02,2022-07-02,518,Expired,0
TXN-0d0ec73f,C360-100288,Health Insurance,2022-07-02,2023-07-02,551,Expired,0
TXN-9b196425,C360-100288,Health Insurance,2023-07-02,2024-07-01,564,Expired,0
TXN-6b155db5,C360-100288,Life Insurance,2021-07-02,2022-07-02,1351,Expired,0
TXN-8604ccf3,C360-100288,Life Insurance,2022-07-02,2023-07-02,1369,Expired,1
TXN-5f987327,C360-100288,Life Insurance,2023-07-02,2024-07-01,1421,Expired,0
TXN-be0f282e,C360-100288,Life Insurance,2024-07-01,2025-07-01,1477,Expired,0
TXN-1da1c2ca,C360-100288,Life Insurance,2025-07-01,2026-07-01,1423,Active,1
TXN-5fae4e9c,C360-100288,Motor Insurance,2021-07-02,2022-07-02,1094,Expired,1
TXN-425ec96a,C360-100288,Motor Insurance,2022-07-02,2023-07-02,1119,Expired,0
TXN-d9e1ced6,C360-100288,Motor Insurance,2023-07-02,2024-07-01,1150,Expired,0
TXN-83396775,C360-100288,Motor Insurance,2024-07-01,2025-07-01,1151,Expired,0
TXN-79ac2d19,C360-100288,Motor Insurance,2025-07-01,2026-07-01,1210,Cancelled,0
TXN-bd526542,C360-100289,Health Insurance,2021-07-02,2022-07-02,1293,Expired,0
TXN-65ec2279,C360-100289,Health Insurance,2022-07-02,2023-07-02,1325,Expired,1
TXN-54aaab3c,C360-100289,Health Insurance,2023-07-02,2024-07-01,1331,Expired,0
TXN-5bdd4393,C360-100289,Health Insurance,2024-07-01,2025-07-01,1380,Expired,0
TXN-fd9b1913,C360-100289,Health Insurance,2025-07-01,2026-07-01,1333,Active,0
TXN-896e14b1,C360-100289,Motor Insurance,2021-07-02,2022-07-02,461,Expired,0
TXN-b190a826,C360-100290,Accidental Insurance,2021-07-02,2022-07-02,1407,Expired,0
TXN-f3e36fb6,C360-100290,Accidental Insurance,2022-07-02,2023-07-02,1429,Expired,0
TXN-aa9dfcf5,C360-100290,Accidental Insurance,2023-07-02,2024-07-01,1459,Expired,0
TXN-ae7847b3,C360-100290,Accidental Insurance,2024-07-01,2025-07-01,1485,Expired,0
TXN-5b4c7791,C360-100290,Accidental Insurance,2025-07-01,2026-07-01,1587,Active,0
TXN-a8b4d84a,C360-100290,Motor Insurance,2021-07-02,2022-07-02,928,Expired,0
TXN-fb5b68eb,C360-100290,Motor Insurance,2022-07-02,2023-07-02,951,Expired,0
TXN-6969d4c7,C360-100290,Motor Insurance,2023-07-02,2024-07-01,952,Expired,0
TXN-b1ccd9c8,C360-100290,Motor Insurance,2024-07-01,2025-07-01,1072,Expired,0
TXN-1c610c1e,C360-100290,Motor Insurance,2025-07-01,2026-07-01,1032,Active,0
TXN-7c7e1753,C360-100291,Life Insurance,2021-07-02,2022-07-02,1251,Expired,0
TXN-12b05371,C360-100291,Life Insurance,2022-07-02,2023-07-02,1300,Expired,0
TXN-6cb77251,C360-100291,Life Insurance,2023-07-02,2024-07-01,1275,Expired,0
TXN-f1b66bab,C360-100291,Life Insurance,2024-07-01,2025-07-01,1347,Expired,0
TXN-ad0310e2,C360-100291,Life Insurance,2025-07-01,2026-07-01,1439,Active,1
TXN-9499c400,C360-100292,Health Insurance,2021-07-02,2022-07-02,1433,Expired,0
TXN-c488dac9,C360-100292,Health Insurance,2022-07-02,2023-07-02,1449,Expired,0
TXN-b30c27fa,C360-100292,Health Insurance,2023-07-02,2024-07-01,1463,Expired,0
TXN-643e1c5e,C360-100292,Health Insurance,2024-07-01,2025-07-01,1490,Expired,0
TXN-a3a9a61c,C360-100292,Health Insurance,2025-07-01,2026-07-01,1485,Active,0
TXN-29907f91,C360-100292,Life Insurance,2021-07-02,2022-07-02,855,Expired,0
TXN-411d2987,C360-100292,Life Insurance,2022-07-02,2023-07-02,869,Expired,1
TXN-0ad3389f,C360-100292,Life Insurance,2023-07-02,2024-07-01,897,Expired,0
TXN-c5604b79,C360-100292,Life Insurance,2024-07-01,2025-07-01,927,Expired,0
TXN-7b56cb73,C360-100292,Life Insurance,2025-07-01,2026-07-01,963,Active,0
TXN-d05a470d,C360-100292,Motor Insurance,2021-07-02,2022-07-02,1020,Expired,0
TXN-ad1048f0,C360-100292,Motor Insurance,2022-07-02,2023-07-02,1055,Expired,1
TXN-a885b841,C360-100292,Motor Insurance,2023-07-02,2024-07-01,1078,Expired,0
TXN-21f927ae,C360-100292,Motor Insurance,2024-07-01,2025-07-01,1092,Expired,0
TXN-422fc372,C360-100292,Motor Insurance,2025-07-01,2026-07-01,1172,Active,0
TXN-bce4d4f0,C360-100292,Accidental Insurance,2021-07-02,2022-07-02,920,Expired,0
TXN-13d39418,C360-100292,Accidental Insurance,2022-07-02,2023-07-02,956,Expired,0
TXN-984fac71,C360-100292,Accidental Insurance,2023-07-02,2024-07-01,972,Expired,0
TXN-f98d9d81,C360-100292,Accidental Insurance,2024-07-01,2025-07-01,965,Expired,0
TXN-22e33922,C360-100292,Accidental Insurance,2025-07-01,2026-07-01,1092,Active,0
TXN-7c892d9f,C360-100293,Life Insurance,2021-07-02,2022-07-02,607,Expired,0
TXN-a4c58486,C360-100294,Motor Insurance,2021-07-02,2022-07-02,1327,Expired,0
TXN-52b46165,C360-100294,Motor Insurance,2022-07-02,2023-07-02,1356,Expired,1
TXN-fada037d,C360-100295,Life Insurance,2021-07-02,2022-07-02,1406,Expired,0
TXN-6195e00c,C360-100295,Life Insurance,2022-07-02,2023-07-02,1416,Expired,0
TXN-0d438dbc,C360-100295,Life Insurance,2023-07-02,2024-07-01,1440,Expired,0
TXN-a81ed9e2,C360-100295,Life Insurance,2024-07-01,2025-07-01,1436,Expired,0
TXN-c72d5d05,C360-100295,Life Insurance,2025-07-01,2026-07-01,1566,Cancelled,0
TXN-11b0f1d7,C360-100296,Health Insurance,2021-07-02,2022-07-02,1024,Expired,0
TXN-5aef9daf,C360-100296,Health Insurance,2022-07-02,2023-07-02,1065,Expired,0
TXN-72bfbc44,C360-100296,Health Insurance,2023-07-02,2024-07-01,1084,Expired,0
TXN-611fece7,C360-100296,Health Insurance,2024-07-01,2025-07-01,1147,Expired,0
TXN-033bbe7f,C360-100296,Health Insurance,2025-07-01,2026-07-01,1104,Active,0
TXN-18a0c30d,C360-100296,Life Insurance,2021-07-02,2022-07-02,990,Expired,0
TXN-f57a7494,C360-100296,Life Insurance,2022-07-02,2023-07-02,1003,Expired,0
TXN-b8c001a6,C360-100296,Life Insurance,2023-07-02,2024-07-01,1036,Expired,0
TXN-a82dc0eb,C360-100296,Life Insurance,2024-07-01,2025-07-01,1086,Expired,0
TXN-5c4c0654,C360-100296,Life Insurance,2025-07-01,2026-07-01,1138,Active,1
TXN-aa1c5ca7,C360-100297,Health Insurance,2021-07-02,2022-07-02,450,Expired,0
TXN-47b44f75,C360-100297,Health Insurance,2022-07-02,2023-07-02,483,Expired,0
TXN-b7d370bf,C360-100297,Health Insurance,2023-07-02,2024-07-01,516,Expired,0
TXN-efac5d66,C360-100297,Health Insurance,2024-07-01,2025-07-01,534,Expired,0
TXN-27261d69,C360-100297,Health Insurance,2025-07-01,2026-07-01,542,Active,0
TXN-40ebc9d5,C360-100297,Life Insurance,2021-07-02,2022-07-02,1429,Expired,2
TXN-a3e578ac,C360-100297,Life Insurance,2022-07-02,2023-07-02,1454,Expired,0
TXN-7b745696,C360-100297,Life Insurance,2023-07-02,2024-07-01,1465,Expired,0
TXN-2e09c602,C360-100297,Life Insurance,2024-07-01,2025-07-01,1486,Expired,0
TXN-75b27733,C360-100297,Life Insurance,2025-07-01,2026-07-01,1533,Active,0
TXN-c1b4a89d,C360-100297,Motor Insurance,2021-07-02,2022-07-02,364,Expired,0
TXN-724503a7,C360-100297,Motor Insurance,2022-07-02,2023-07-02,406,Expired,0
TXN-00128eb6,C360-100297,Motor Insurance,2023-07-02,2024-07-01,460,Expired,0
TXN-c1a0df32,C360-100297,Motor Insurance,2024-07-01,2025-07-01,421,Expired,0
TXN-9a8a2c5a,C360-100297,Motor Insurance,2025-07-01,2026-07-01,452,Active,1
TXN-e1b21efe,C360-100297,Accidental Insurance,2021-07-02,2022-07-02,1192,Expired,2
TXN-4b2a19fa,C360-100297,Accidental Insurance,2022-07-02,2023-07-02,1204,Expired,1
TXN-a8636d95,C360-100297,Accidental Insurance,2023-07-02,2024-07-01,1256,Expired,1
TXN-ffc8900b,C360-100297,Accidental Insurance,2024-07-01,2025-07-01,1300,Expired,1
TXN-64ed0009,C360-100297,Accidental Insurance,2025-07-01,2026-07-01,1240,Active,0
TXN-b5682752,C360-100298,Accidental Insurance,2021-07-02,2022-07-02,1113,Expired,1
TXN-894929a7,C360-100298,Accidental Insurance,2022-07-02,2023-07-02,1149,Expired,0
TXN-83de0717,C360-100298,Accidental Insurance,2023-07-02,2024-07-01,1161,Expired,0
TXN-7fdc2b85,C360-100298,Accidental Insurance,2024-07-01,2025-07-01,1179,Expired,0
TXN-00de9cb4,C360-100298,Accidental Insurance,2025-07-01,2026-07-01,1181,Active,0
TXN-0b9a0062,C360-100298,Motor Insurance,2021-07-02,2022-07-02,1250,Expired,0
TXN-4f0eab05,C360-100298,Motor Insurance,2022-07-02,2023-07-02,1266,Expired,1
TXN-c9cb2e25,C360-100298,Motor Insurance,2023-07-02,2024-07-01,1314,Expired,0
TXN-971d03b4,C360-100298,Motor Insurance,2024-07-01,2025-07-01,1340,Expired,1
TXN-e4aceed6,C360-100298,Motor Insurance,2025-07-01,2026-07-01,1354,Active,1
TXN-8f46a42e,C360-100299,Motor Insurance,2021-07-02,2022-07-02,501,Expired,1
TXN-4dcfa2a2,C360-100299,Motor Insurance,2022-07-02,2023-07-02,516,Expired,0
TXN-70863f79,C360-100299,Motor Insurance,2023-07-02,2024-07-01,563,Expired,0
TXN-77bf3195,C360-100299,Motor Insurance,2024-07-01,2025-07-01,636,Expired,0
TXN-19d59cfa,C360-100299,Motor Insurance,2025-07-01,2026-07-01,569,Active,0
TXN-cc54e67a,C360-100299,Accidental Insurance,2021-07-02,2022-07-02,422,Expired,0
TXN-04a9438c,C360-100299,Accidental Insurance,2022-07-02,2023-07-02,436,Expired,0
TXN-cfaf38d5,C360-100299,Accidental Insurance,2023-07-02,2024-07-01,476,Expired,0
TXN-acf7224c,C360-100299,Accidental Insurance,2024-07-01,2025-07-01,527,Expired,1
TXN-714f6c17,C360-100299,Accidental Insurance,2025-07-01,2026-07-01,610,Active,1
TXN-e79427ad,C360-100300,Life Insurance,2021-07-02,2022-07-02,1318,Expired,0
TXN-35de7d78,C360-100300,Life Insurance,2022-07-02,2023-07-02,1362,Expired,0
TXN-46140b68,C360-100300,Life Insurance,2023-07-02,2024-07-01,1366,Expired,0
TXN-d592c823,C360-100300,Life Insurance,2024-07-01,2025-07-01,1381,Expired,0
TXN-fa511878,C360-100300,Life Insurance,2025-07-01,2026-07-01,1382,Active,1
TXN-b3af79d1,C360-100301,Health Insurance,2021-07-02,2022-07-02,964,Expired,0
TXN-a56bc569,C360-100301,Health Insurance,2022-07-02,2023-07-02,986,Expired,0
TXN-e97e53b8,C360-100301,Health Insurance,2023-07-02,2024-07-01,1050,Expired,0
TXN-9147b3d2,C360-100301,Health Insurance,2024-07-01,2025-07-01,1039,Expired,0
TXN-8ec40e20,C360-100301,Health Insurance,2025-07-01,2026-07-01,1156,Active,0
TXN-25cdcf29,C360-100301,Life Insurance,2021-07-02,2022-07-02,527,Expired,0
TXN-9e01a2c6,C360-100301,Life Insurance,2022-07-02,2023-07-02,564,Expired,0
TXN-039fa33f,C360-100301,Life Insurance,2023-07-02,2024-07-01,601,Expired,1
TXN-904b9804,C360-100301,Life Insurance,2024-07-01,2025-07-01,626,Expired,0
TXN-705b543a,C360-100301,Life Insurance,2025-07-01,2026-07-01,691,Active,0
TXN-eeb1fe93,C360-100301,Motor Insurance,2021-07-02,2022-07-02,622,Expired,0
TXN-7b3f188d,C360-100301,Motor Insurance,2022-07-02,2023-07-02,647,Expired,2
TXN-8b9dc740,C360-100301,Motor Insurance,2023-07-02,2024-07-01,678,Expired,0
TXN-16f9155e,C360-100301,Motor Insurance,2024-07-01,2025-07-01,721,Expired,0
TXN-390bb154,C360-100301,Motor Insurance,2025-07-01,2026-07-01,758,Active,0
TXN-a732ce73,C360-100301,Accidental Insurance,2021-07-02,2022-07-02,592,Expired,0
TXN-1e80997c,C360-100301,Accidental Insurance,2022-07-02,2023-07-02,603,Expired,0
TXN-3d4ddb55,C360-100301,Accidental Insurance,2023-07-02,2024-07-01,640,Expired,0
TXN-198093de,C360-100301,Accidental Insurance,2024-07-01,2025-07-01,625,Expired,0
TXN-6c7f8715,C360-100301,Accidental Insurance,2025-07-01,2026-07-01,760,Active,0
TXN-19347770,C360-100302,Health Insurance,2021-07-02,2022-07-02,910,Expired,0
TXN-4b26a97c,C360-100302,Health Insurance,2022-07-02,2023-07-02,935,Expired,0
TXN-3e49735c,C360-100302,Health Insurance,2023-07-02,2024-07-01,972,Expired,0
TXN-35747170,C360-100302,Health Insurance,2024-07-01,2025-07-01,997,Expired,0
TXN-89b6c3a1,C360-100302,Health Insurance,2025-07-01,2026-07-01,998,Active,0
TXN-b090c39e,C360-100302,Accidental Insurance,2021-07-02,2022-07-02,506,Expired,0
TXN-33efab1a,C360-100302,Accidental Insurance,2022-07-02,2023-07-02,540,Expired,0
TXN-75fd006d,C360-100302,Accidental Insurance,2023-07-02,2024-07-01,540,Expired,0
TXN-01513c20,C360-100302,Accidental Insurance,2024-07-01,2025-07-01,563,Expired,0
TXN-258d87d2,C360-100302,Accidental Insurance,2025-07-01,2026-07-01,694,Active,0
TXN-09baf4cc,C360-100303,Accidental Insurance,2021-07-02,2022-07-02,1080,Expired,0
TXN-1b754d19,C360-100303,Accidental Insurance,2022-07-02,2023-07-02,1097,Expired,0
TXN-263b7d6f,C360-100303,Accidental Insurance,2023-07-02,2024-07-01,1126,Expired,0
TXN-a3a74b47,C360-100303,Accidental Insurance,2024-07-01,2025-07-01,1167,Expired,0
TXN-181595ed,C360-100303,Accidental Insurance,2025-07-01,2026-07-01,1228,Active,0
TXN-269bdf1d,C360-100303,Motor Insurance,2021-07-02,2022-07-02,484,Expired,0
TXN-7b4f70b4,C360-100303,Motor Insurance,2022-07-02,2023-07-02,499,Expired,0
TXN-85593854,C360-100303,Motor Insurance,2023-07-02,2024-07-01,504,Expired,0
TXN-d9b4b10c,C360-100303,Motor Insurance,2024-07-01,2025-07-01,610,Expired,0
TXN-8ab74796,C360-100303,Motor Insurance,2025-07-01,2026-07-01,660,Cancelled,1
TXN-f992164b,C360-100304,Life Insurance,2021-07-02,2022-07-02,1003,Expired,0
TXN-da9af4d5,C360-100305,Life Insurance,2021-07-02,2022-07-02,841,Expired,2
TXN-bbf17400,C360-100305,Motor Insurance,2021-07-02,2022-07-02,1358,Expired,1
TXN-b43ca463,C360-100306,Motor Insurance,2021-07-02,2022-07-02,935,Expired,0
TXN-c6cc27bb,C360-100306,Motor Insurance,2022-07-02,2023-07-02,954,Expired,1
TXN-07898b41,C360-100306,Motor Insurance,2023-07-02,2024-07-01,973,Expired,1
TXN-2c1cc15d,C360-100306,Motor Insurance,2024-07-01,2025-07-01,1025,Expired,0
TXN-9ee5936c,C360-100306,Motor Insurance,2025-07-01,2026-07-01,987,Active,1
TXN-5acfd187,C360-100307,Life Insurance,2021-07-02,2022-07-02,722,Expired,0
TXN-f3b4634d,C360-100307,Life Insurance,2022-07-02,2023-07-02,745,Expired,1
TXN-02cefa70,C360-100307,Accidental Insurance,2021-07-02,2022-07-02,1098,Expired,0
TXN-7489da57,C360-100308,Life Insurance,2021-07-02,2022-07-02,308,Expired,0
TXN-ff8c58cc,C360-100309,Motor Insurance,2021-07-02,2022-07-02,512,Expired,0
TXN-d28090f1,C360-100309,Motor Insurance,2022-07-02,2023-07-02,535,Expired,0
TXN-7219076c,C360-100309,Motor Insurance,2023-07-02,2024-07-01,536,Expired,0
TXN-a5092b39,C360-100309,Motor Insurance,2024-07-01,2025-07-01,560,Expired,0
TXN-865cf912,C360-100309,Motor Insurance,2025-07-01,2026-07-01,680,Active,0
TXN-966ad3d2,C360-100309,Health Insurance,2021-07-02,2022-07-02,407,Expired,0
TXN-d663186a,C360-100309,Health Insurance,2022-07-02,2023-07-02,420,Expired,0
TXN-7ad0e39e,C360-100309,Health Insurance,2023-07-02,2024-07-01,447,Expired,0
TXN-d7e056b3,C360-100309,Health Insurance,2024-07-01,2025-07-01,473,Expired,0
TXN-69e4cc5e,C360-100309,Health Insurance,2025-07-01,2026-07-01,511,Active,0
TXN-c0a8fa47,C360-100310,Health Insurance,2021-07-02,2022-07-02,546,Expired,0
TXN-7b5b2348,C360-100310,Health Insurance,2022-07-02,2023-07-02,593,Expired,0
TXN-9dcb5606,C360-100310,Health Insurance,2023-07-02,2024-07-01,624,Expired,0
TXN-7a113bbb,C360-100310,Health Insurance,2024-07-01,2025-07-01,696,Expired,1
TXN-34c11168,C360-100310,Health Insurance,2025-07-01,2026-07-01,606,Active,0
TXN-c8b33a53,C360-100310,Motor Insurance,2021-07-02,2022-07-02,444,Expired,0
TXN-81300ef6,C360-100310,Motor Insurance,2022-07-02,2023-07-02,461,Expired,0
TXN-6a2fe1b1,C360-100310,Motor Insurance,2023-07-02,2024-07-01,482,Expired,0
TXN-74a10d93,C360-100310,Motor Insurance,2024-07-01,2025-07-01,537,Expired,0
TXN-bf19f493,C360-100310,Motor Insurance,2025-07-01,2026-07-01,568,Active,1
TXN-81b32fd6,C360-100311,Motor Insurance,2021-07-02,2022-07-02,821,Expired,0
TXN-56f8b5a1,C360-100311,Motor Insurance,2022-07-02,2023-07-02,864,Expired,0
TXN-43b92ebe,C360-100311,Motor Insurance,2023-07-02,2024-07-01,871,Expired,0
TXN-b8bc46ed,C360-100311,Motor Insurance,2024-07-01,2025-07-01,968,Expired,0
TXN-5a45f8b7,C360-100311,Motor Insurance,2025-07-01,2026-07-01,949,Active,0
TXN-f14e8f64,C360-100312,Motor Insurance,2021-07-02,2022-07-02,423,Expired,1
TXN-052d0f3f,C360-100312,Motor Insurance,2022-07-02,2023-07-02,448,Expired,0
TXN-811a1f4d,C360-100312,Motor Insurance,2023-07-02,2024-07-01,477,Expired,0
TXN-f3ad6c01,C360-100312,Motor Insurance,2024-07-01,2025-07-01,528,Expired,0
TXN-5c8c0fa5,C360-100312,Motor Insurance,2025-07-01,2026-07-01,607,Active,1
TXN-9534679f,C360-100312,Accidental Insurance,2021-07-02,2022-07-02,1469,Expired,1
TXN-54266c98,C360-100312,Accidental Insurance,2022-07-02,2023-07-02,1518,Expired,0
TXN-9461c792,C360-100312,Accidental Insurance,2023-07-02,2024-07-01,1491,Expired,0
TXN-03e1b324,C360-100312,Accidental Insurance,2024-07-01,2025-07-01,1523,Expired,0
TXN-36d25528,C360-100312,Accidental Insurance,2025-07-01,2026-07-01,1513,Active,1
TXN-fecd2f99,C360-100313,Health Insurance,2021-07-02,2022-07-02,547,Expired,0
TXN-cabc4cbe,C360-100313,Health Insurance,2022-07-02,2023-07-02,558,Expired,0
TXN-41038099,C360-100313,Health Insurance,2023-07-02,2024-07-01,645,Expired,0
TXN-1bd979d9,C360-100313,Health Insurance,2024-07-01,2025-07-01,625,Expired,0
TXN-c9e357ff,C360-100313,Health Insurance,2025-07-01,2026-07-01,651,Active,0
TXN-c08f2ac0,C360-100313,Life Insurance,2021-07-02,2022-07-02,602,Expired,2
TXN-823d0706,C360-100313,Life Insurance,2022-07-02,2023-07-02,619,Expired,0
TXN-f9497c54,C360-100313,Life Insurance,2023-07-02,2024-07-01,694,Expired,0
TXN-283717f9,C360-100313,Life Insurance,2024-07-01,2025-07-01,665,Expired,2
TXN-6f3e52ae,C360-100313,Life Insurance,2025-07-01,2026-07-01,690,Active,0
TXN-74a41c44,C360-100313,Motor Insurance,2021-07-02,2022-07-02,619,Expired,1
TXN-0d5b4995,C360-100313,Motor Insurance,2022-07-02,2023-07-02,660,Expired,0
TXN-c6817be1,C360-100313,Motor Insurance,2023-07-02,2024-07-01,645,Expired,2
TXN-88501787,C360-100313,Motor Insurance,2024-07-01,2025-07-01,688,Expired,0
TXN-f5bc2352,C360-100313,Motor Insurance,2025-07-01,2026-07-01,707,Active,0
TXN-3ad1c54a,C360-100313,Accidental Insurance,2021-07-02,2022-07-02,320,Expired,0
TXN-1ed580e7,C360-100313,Accidental Insurance,2022-07-02,2023-07-02,331,Expired,0
TXN-718f098c,C360-100313,Accidental Insurance,2023-07-02,2024-07-01,374,Expired,0
TXN-1f73ed2e,C360-100313,Accidental Insurance,2024-07-01,2025-07-01,365,Expired,1
TXN-99f85a36,C360-100313,Accidental Insurance,2025-07-01,2026-07-01,440,Active,0
TXN-41f55798,C360-100314,Health Insurance,2021-07-02,2022-07-02,597,Expired,0
TXN-ec322de3,C360-100314,Health Insurance,2022-07-02,2023-07-02,627,Expired,1
TXN-0d000d00,C360-100314,Health Insurance,2023-07-02,2024-07-01,625,Expired,0
TXN-aef15556,C360-100314,Health Insurance,2024-07-01,2025-07-01,702,Expired,0
TXN-442b04ca,C360-100314,Health Insurance,2025-07-01,2026-07-01,661,Active,0
TXN-7f434424,C360-100315,Health Insurance,2021-07-02,2022-07-02,1485,Expired,0
TXN-4b5c7204,C360-100315,Health Insurance,2022-07-02,2023-07-02,1518,Expired,0
TXN-b48a0a6f,C360-100315,Health Insurance,2023-07-02,2024-07-01,1577,Expired,0
TXN-3d2f07fa,C360-100315,Health Insurance,2024-07-01,2025-07-01,1602,Expired,1
TXN-df11813a,C360-100315,Health Insurance,2025-07-01,2026-07-01,1665,Cancelled,0
TXN-9338fd51,C360-100315,Life Insurance,2021-07-02,2022-07-02,665,Expired,1
TXN-414b2ff1,C360-100315,Life Insurance,2022-07-02,2023-07-02,709,Expired,0
TXN-d1f04750,C360-100315,Life Insurance,2023-07-02,2024-07-01,763,Expired,0
TXN-075cfe0a,C360-100315,Life Insurance,2024-07-01,2025-07-01,791,Expired,0
TXN-1f68b355,C360-100315,Life Insurance,2025-07-01,2026-07-01,761,Cancelled,0
TXN-4738b3aa,C360-100315,Motor Insurance,2021-07-02,2022-07-02,405,Expired,0
TXN-3b83a7d8,C360-100315,Motor Insurance,2022-07-02,2023-07-02,417,Expired,0
TXN-8823dad7,C360-100315,Motor Insurance,2023-07-02,2024-07-01,455,Expired,0
TXN-047f776a,C360-100315,Motor Insurance,2024-07-01,2025-07-01,504,Expired,0
TXN-e8a2bc62,C360-100315,Motor Insurance,2025-07-01,2026-07-01,577,Cancelled,0
TXN-d542d19d,C360-100316,Health Insurance,2021-07-02,2022-07-02,1473,Expired,0
TXN-458c5dc7,C360-100316,Health Insurance,2022-07-02,2023-07-02,1523,Expired,1
TXN-af816434,C360-100316,Health Insurance,2023-07-02,2024-07-01,1511,Expired,0
TXN-6eb75073,C360-100316,Health Insurance,2024-07-01,2025-07-01,1545,Expired,0
TXN-618592d9,C360-100316,Health Insurance,2025-07-01,2026-07-01,1653,Active,1
TXN-4a338c72,C360-100317,Health Insurance,2021-07-02,2022-07-02,546,Expired,0
TXN-ea70ba19,C360-100317,Health Insurance,2022-07-02,2023-07-02,583,Expired,0
TXN-6d260272,C360-100317,Health Insurance,2023-07-02,2024-07-01,608,Expired,0
TXN-1ac98f4f,C360-100317,Health Insurance,2024-07-01,2025-07-01,594,Expired,0
TXN-4c9152af,C360-100317,Health Insurance,2025-07-01,2026-07-01,742,Active,0
TXN-5d8dac88,C360-100318,Health Insurance,2021-07-02,2022-07-02,1465,Expired,0
TXN-93cd9902,C360-100318,Accidental Insurance,2021-07-02,2022-07-02,475,Expired,0
TXN-bb7f6a5f,C360-100318,Accidental Insurance,2022-07-02,2023-07-02,523,Expired,0
TXN-5f1205ae,C360-100318,Accidental Insurance,2023-07-02,2024-07-01,515,Expired,0
TXN-b1d62692,C360-100318,Accidental Insurance,2024-07-01,2025-07-01,550,Expired,0
TXN-3fe9d548,C360-100318,Accidental Insurance,2025-07-01,2026-07-01,579,Cancelled,0
TXN-273b5ea2,C360-100319,Health Insurance,2021-07-02,2022-07-02,485,Expired,0
TXN-04650ea9,C360-100319,Health Insurance,2022-07-02,2023-07-02,534,Expired,0
TXN-f389fe25,C360-100319,Health Insurance,2023-07-02,2024-07-01,581,Expired,0
TXN-9ce505f0,C360-100319,Health Insurance,2024-07-01,2025-07-01,587,Expired,0
TXN-c92b22ee,C360-100319,Health Insurance,2025-07-01,2026-07-01,625,Cancelled,0
TXN-6fc5713c,C360-100319,Life Insurance,2021-07-02,2022-07-02,1027,Expired,1
TXN-961c626a,C360-100319,Motor Insurance,2021-07-02,2022-07-02,842,Expired,0
TXN-02ca7313,C360-100319,Motor Insurance,2022-07-02,2023-07-02,853,Expired,0
TXN-cdc9c0ba,C360-100319,Motor Insurance,2023-07-02,2024-07-01,924,Expired,1
TXN-5b553bed,C360-100319,Motor Insurance,2024-07-01,2025-07-01,872,Expired,2
TXN-9830b068,C360-100319,Motor Insurance,2025-07-01,2026-07-01,1002,Cancelled,1
TXN-33bc430a,C360-100319,Accidental Insurance,2021-07-02,2022-07-02,338,Expired,0
TXN-2ef38dda,C360-100320,Health Insurance,2021-07-02,2022-07-02,1369,Expired,0
TXN-5131a626,C360-100320,Health Insurance,2022-07-02,2023-07-02,1401,Expired,0
TXN-e32ff473,C360-100320,Health Insurance,2023-07-02,2024-07-01,1405,Expired,1
TXN-46d46e9e,C360-100320,Health Insurance,2024-07-01,2025-07-01,1477,Expired,0
TXN-3fd77c6d,C360-100320,Health Insurance,2025-07-01,2026-07-01,1421,Active,0
TXN-dd253e6a,C360-100320,Life Insurance,2021-07-02,2022-07-02,802,Expired,0
TXN-3d7fc833,C360-100320,Life Insurance,2022-07-02,2023-07-02,816,Expired,0
TXN-4d81ed96,C360-100320,Life Insurance,2023-07-02,2024-07-01,844,Expired,1
TXN-634025b4,C360-100320,Life Insurance,2024-07-01,2025-07-01,838,Expired,0
TXN-8a5068c6,C360-100320,Life Insurance,2025-07-01,2026-07-01,930,Active,0
TXN-5fc03043,C360-100321,Motor Insurance,2021-07-02,2022-07-02,705,Expired,1
TXN-d2834e5c,C360-100321,Motor Insurance,2022-07-02,2023-07-02,748,Expired,0
TXN-ed8ef2e5,C360-100321,Motor Insurance,2023-07-02,2024-07-01,785,Expired,0
TXN-3a9fbc29,C360-100321,Motor Insurance,2024-07-01,2025-07-01,777,Expired,0
TXN-4a6d3ef7,C360-100321,Motor Insurance,2025-07-01,2026-07-01,845,Active,0
TXN-eed5ccc2,C360-100321,Accidental Insurance,2021-07-02,2022-07-02,1408,Expired,0
TXN-b1133f62,C360-100321,Accidental Insurance,2022-07-02,2023-07-02,1428,Expired,0
TXN-e5a4e6b5,C360-100321,Accidental Insurance,2023-07-02,2024-07-01,1504,Expired,0
TXN-21e8de83,C360-100321,Accidental Insurance,2024-07-01,2025-07-01,1456,Expired,0
TXN-98f9fce8,C360-100321,Accidental Insurance,2025-07-01,2026-07-01,1484,Active,0
TXN-61fb7d9b,C360-100322,Life Insurance,2021-07-02,2022-07-02,688,Expired,0
TXN-b63c3347,C360-100322,Life Insurance,2022-07-02,2023-07-02,733,Expired,0
TXN-684b9a0f,C360-100322,Life Insurance,2023-07-02,2024-07-01,786,Expired,0
TXN-0d22fb45,C360-100322,Life Insurance,2024-07-01,2025-07-01,727,Expired,0
TXN-680c563b,C360-100322,Life Insurance,2025-07-01,2026-07-01,792,Active,1
TXN-643e6c3a,C360-100323,Life Insurance,2021-07-02,2022-07-02,882,Expired,0
TXN-c20e5cf6,C360-100323,Life Insurance,2022-07-02,2023-07-02,892,Expired,0
TXN-d111ceac,C360-100323,Life Insurance,2023-07-02,2024-07-01,958,Expired,0
TXN-49e499bb,C360-100323,Life Insurance,2024-07-01,2025-07-01,1029,Expired,0
TXN-8c2bd1d1,C360-100323,Life Insurance,2025-07-01,2026-07-01,1034,Active,0
TXN-3881bd54,C360-100323,Accidental Insurance,2021-07-02,2022-07-02,337,Expired,0
TXN-a964ff7c,C360-100323,Accidental Insurance,2022-07-02,2023-07-02,385,Expired,0
TXN-c6fb5268,C360-100323,Accidental Insurance,2023-07-02,2024-07-01,403,Expired,0
TXN-4239522d,C360-100323,Accidental Insurance,2024-07-01,2025-07-01,391,Expired,0
TXN-78cdccf5,C360-100323,Accidental Insurance,2025-07-01,2026-07-01,441,Active,1
TXN-0b7d089b,C360-100324,Life Insurance,2021-07-02,2022-07-02,612,Expired,1
TXN-eaf87d7c,C360-100324,Life Insurance,2022-07-02,2023-07-02,656,Expired,0
TXN-7c86d4f6,C360-100324,Life Insurance,2023-07-02,2024-07-01,672,Expired,2
TXN-bdf54404,C360-100324,Life Insurance,2024-07-01,2025-07-01,690,Expired,0
TXN-def86b6d,C360-100324,Life Insurance,2025-07-01,2026-07-01,704,Active,2
TXN-8a7e4d32,C360-100325,Accidental Insurance,2021-07-02,2022-07-02,479,Expired,0
TXN-51f2c11f,C360-100325,Health Insurance,2021-07-02,2022-07-02,916,Expired,0
TXN-8d520f69,C360-100326,Health Insurance,2021-07-02,2022-07-02,1144,Expired,0
TXN-aab9472b,C360-100326,Health Insurance,2022-07-02,2023-07-02,1168,Expired,1
TXN-2abc5cfa,C360-100326,Health Insurance,2023-07-02,2024-07-01,1232,Expired,0
TXN-e9813c13,C360-100326,Health Insurance,2024-07-01,2025-07-01,1210,Expired,0
TXN-0f14f872,C360-100326,Health Insurance,2025-07-01,2026-07-01,1188,Active,0
TXN-cb39ac77,C360-100326,Accidental Insurance,2021-07-02,2022-07-02,762,Expired,1
TXN-b9cfcdf2,C360-100326,Accidental Insurance,2022-07-02,2023-07-02,775,Expired,0
TXN-07e3a4cd,C360-100326,Accidental Insurance,2023-07-02,2024-07-01,840,Expired,0
TXN-a73af6c5,C360-100326,Accidental Insurance,2024-07-01,2025-07-01,894,Expired,0
TXN-3a15a444,C360-100326,Accidental Insurance,2025-07-01,2026-07-01,870,Active,1
TXN-0bf14d2c,C360-100327,Health Insurance,2021-07-02,2022-07-02,399,Expired,0
TXN-e04ccb31,C360-100327,Health Insurance,2022-07-02,2023-07-02,435,Expired,0
TXN-7089557f,C360-100327,Health Insurance,2023-07-02,2024-07-01,425,Expired,0
TXN-1b0757b6,C360-100327,Health Insurance,2024-07-01,2025-07-01,513,Expired,0
TXN-d25ec8da,C360-100327,Health Insurance,2025-07-01,2026-07-01,539,Active,1
TXN-c5112525,C360-100327,Life Insurance,2021-07-02,2022-07-02,515,Expired,0
TXN-c25f370d,C360-100327,Motor Insurance,2021-07-02,2022-07-02,458,Expired,0
TXN-cc20f90d,C360-100327,Accidental Insurance,2021-07-02,2022-07-02,1317,Expired,1
TXN-84587a1d,C360-100327,Accidental Insurance,2022-07-02,2023-07-02,1335,Expired,0
TXN-022c866a,C360-100327,Accidental Insurance,2023-07-02,2024-07-01,1345,Expired,1
TXN-784db6e0,C360-100327,Accidental Insurance,2024-07-01,2025-07-01,1365,Expired,0
TXN-d4ec418d,C360-100327,Accidental Insurance,2025-07-01,2026-07-01,1481,Active,0
TXN-884aeed7,C360-100328,Motor Insurance,2021-07-02,2022-07-02,1321,Expired,1
TXN-ca16ff3c,C360-100328,Motor Insurance,2022-07-02,2023-07-02,1364,Expired,0
TXN-7d049b09,C360-100328,Motor Insurance,2023-07-02,2024-07-01,1385,Expired,0
TXN-99cde68d,C360-100328,Motor Insurance,2024-07-01,2025-07-01,1444,Expired,0
TXN-c7b3ba64,C360-100328,Motor Insurance,2025-07-01,2026-07-01,1397,Cancelled,1
TXN-a2f8927d,C360-100329,Motor Insurance,2021-07-02,2022-07-02,441,Expired,1
TXN-dbd252e7,C360-100329,Motor Insurance,2022-07-02,2023-07-02,471,Expired,2
TXN-780bcb9e,C360-100329,Motor Insurance,2023-07-02,2024-07-01,493,Expired,0
TXN-007adfef,C360-100330,Accidental Insurance,2021-07-02,2022-07-02,546,Expired,0
TXN-be656c65,C360-100330,Accidental Insurance,2022-07-02,2023-07-02,565,Expired,0
TXN-c7ffba7b,C360-100330,Accidental Insurance,2023-07-02,2024-07-01,582,Expired,0
TXN-f3b0fc8a,C360-100330,Accidental Insurance,2024-07-01,2025-07-01,645,Expired,0
TXN-542aec8b,C360-100330,Accidental Insurance,2025-07-01,2026-07-01,586,Active,0
TXN-015930d1,C360-100331,Motor Insurance,2021-07-02,2022-07-02,1337,Expired,0
TXN-4d817121,C360-100331,Motor Insurance,2022-07-02,2023-07-02,1347,Expired,0
TXN-607a8bea,C360-100331,Motor Insurance,2023-07-02,2024-07-01,1367,Expired,0
TXN-e505695e,C360-100331,Motor Insurance,2024-07-01,2025-07-01,1406,Expired,1
TXN-51e93a07,C360-100331,Motor Insurance,2025-07-01,2026-07-01,1493,Active,0
TXN-2707510a,C360-100332,Life Insurance,2021-07-02,2022-07-02,1228,Expired,0
TXN-585d7a58,C360-100332,Life Insurance,2022-07-02,2023-07-02,1276,Expired,0
TXN-470ef349,C360-100332,Life Insurance,2023-07-02,2024-07-01,1292,Expired,0
TXN-3405d808,C360-100332,Life Insurance,2024-07-01,2025-07-01,1336,Expired,0
TXN-f2336174,C360-100332,Life Insurance,2025-07-01,2026-07-01,1404,Active,0
TXN-40ec54b1,C360-100333,Health Insurance,2021-07-02,2022-07-02,909,Expired,0
TXN-24dce040,C360-100333,Health Insurance,2022-07-02,2023-07-02,951,Expired,0
TXN-f8caf35e,C360-100333,Health Insurance,2023-07-02,2024-07-01,935,Expired,0
TXN-9dee08ef,C360-100333,Health Insurance,2024-07-01,2025-07-01,1014,Expired,0
TXN-1644c79d,C360-100333,Health Insurance,2025-07-01,2026-07-01,953,Cancelled,0
TXN-c7d8dbc7,C360-100333,Life Insurance,2021-07-02,2022-07-02,849,Expired,2
TXN-6ba22726,C360-100333,Motor Insurance,2021-07-02,2022-07-02,426,Expired,1
TXN-dd4ae7ff,C360-100334,Health Insurance,2021-07-02,2022-07-02,1169,Expired,0
TXN-a33959ce,C360-100334,Health Insurance,2022-07-02,2023-07-02,1186,Expired,0
TXN-502c8b52,C360-100334,Health Insurance,2023-07-02,2024-07-01,1251,Expired,0
TXN-1c5800d8,C360-100334,Health Insurance,2024-07-01,2025-07-01,1241,Expired,0
TXN-1a92cab2,C360-100334,Health Insurance,2025-07-01,2026-07-01,1369,Cancelled,0
TXN-6c2ec679,C360-100334,Accidental Insurance,2021-07-02,2022-07-02,427,Expired,0
TXN-1fd86911,C360-100334,Accidental Insurance,2022-07-02,2023-07-02,456,Expired,1
TXN-9fdb0413,C360-100335,Health Insurance,2021-07-02,2022-07-02,594,Expired,0
TXN-ab8a4f8a,C360-100335,Health Insurance,2022-07-02,2023-07-02,617,Expired,0
TXN-b0445fb2,C360-100335,Health Insurance,2023-07-02,2024-07-01,646,Expired,1
TXN-cc86a5f9,C360-100335,Health Insurance,2024-07-01,2025-07-01,726,Expired,1
TXN-7f27a702,C360-100335,Health Insurance,2025-07-01,2026-07-01,786,Active,0
TXN-592ed1c1,C360-100335,Life Insurance,2021-07-02,2022-07-02,1426,Expired,0
TXN-c1767d30,C360-100335,Life Insurance,2022-07-02,2023-07-02,1446,Expired,0
TXN-9b6312a9,C360-100335,Life Insurance,2023-07-02,2024-07-01,1518,Expired,0
TXN-1eee4d17,C360-100335,Life Insurance,2024-07-01,2025-07-01,1504,Expired,2
TXN-1c87eb31,C360-100335,Life Insurance,2025-07-01,2026-07-01,1510,Cancelled,0
TXN-e93e8ee5,C360-100335,Motor Insurance,2021-07-02,2022-07-02,602,Expired,0
TXN-6ad557e7,C360-100335,Accidental Insurance,2021-07-02,2022-07-02,1394,Expired,0
TXN-19e1a92d,C360-100335,Accidental Insurance,2022-07-02,2023-07-02,1443,Expired,1
TXN-ccf73c82,C360-100335,Accidental Insurance,2023-07-02,2024-07-01,1438,Expired,0
TXN-d561ae4e,C360-100335,Accidental Insurance,2024-07-01,2025-07-01,1439,Expired,0
TXN-477ae9d6,C360-100335,Accidental Insurance,2025-07-01,2026-07-01,1458,Active,0
TXN-b243773d,C360-100336,Life Insurance,2021-07-02,2022-07-02,1273,Expired,0
TXN-0e9909cb,C360-100336,Life Insurance,2022-07-02,2023-07-02,1302,Expired,0
TXN-fecde63a,C360-100336,Life Insurance,2023-07-02,2024-07-01,1363,Expired,1
TXN-81940a45,C360-100336,Life Insurance,2024-07-01,2025-07-01,1375,Expired,0
TXN-e9342df0,C360-100336,Life Insurance,2025-07-01,2026-07-01,1345,Active,0
TXN-835ea1f3,C360-100336,Health Insurance,2021-07-02,2022-07-02,626,Expired,2
TXN-b165c723,C360-100336,Health Insurance,2022-07-02,2023-07-02,647,Expired,0
TXN-da86003f,C360-100336,Health Insurance,2023-07-02,2024-07-01,726,Expired,0
TXN-debcdab6,C360-100336,Health Insurance,2024-07-01,2025-07-01,686,Expired,0
TXN-17f49229,C360-100336,Health Insurance,2025-07-01,2026-07-01,694,Active,0
TXN-5d4ce73d,C360-100337,Life Insurance,2021-07-02,2022-07-02,803,Expired,0
TXN-b4050bb8,C360-100337,Life Insurance,2022-07-02,2023-07-02,823,Expired,1
TXN-951df1d3,C360-100337,Life Insurance,2023-07-02,2024-07-01,857,Expired,2
TXN-bc9d2c66,C360-100337,Life Insurance,2024-07-01,2025-07-01,953,Expired,0
TXN-7be93f91,C360-100337,Life Insurance,2025-07-01,2026-07-01,1003,Active,0
TXN-ee61fc20,C360-100337,Accidental Insurance,2021-07-02,2022-07-02,442,Expired,0
TXN-bc6a9cb5,C360-100337,Accidental Insurance,2022-07-02,2023-07-02,469,Expired,0
TXN-efc0d502,C360-100337,Accidental Insurance,2023-07-02,2024-07-01,508,Expired,1
TXN-9154bb20,C360-100337,Accidental Insurance,2024-07-01,2025-07-01,577,Expired,0
TXN-9fc7c49a,C360-100337,Accidental Insurance,2025-07-01,2026-07-01,594,Active,0
TXN-8de1b4d2,C360-100338,Health Insurance,2021-07-02,2022-07-02,1097,Expired,0
TXN-79c6d3f9,C360-100338,Life Insurance,2021-07-02,2022-07-02,836,Expired,0
TXN-a8021452,C360-100338,Life Insurance,2022-07-02,2023-07-02,848,Expired,1
TXN-e7b5826e,C360-100339,Motor Insurance,2021-07-02,2022-07-02,766,Expired,2
TXN-eda14d75,C360-100339,Motor Insurance,2022-07-02,2023-07-02,805,Expired,2
TXN-7da116b9,C360-100339,Motor Insurance,2023-07-02,2024-07-01,852,Expired,2
TXN-a0da4605,C360-100339,Motor Insurance,2024-07-01,2025-07-01,904,Expired,1
TXN-6ddc04ba,C360-100339,Motor Insurance,2025-07-01,2026-07-01,894,Cancelled,0
TXN-deece2c3,C360-100340,Accidental Insurance,2021-07-02,2022-07-02,1282,Expired,0
TXN-5f3b3569,C360-100340,Accidental Insurance,2022-07-02,2023-07-02,1316,Expired,0
TXN-954658bf,C360-100340,Accidental Insurance,2023-07-02,2024-07-01,1344,Expired,0
TXN-c511dcff,C360-100340,Accidental Insurance,2024-07-01,2025-07-01,1402,Expired,0
TXN-e4db9513,C360-100340,Accidental Insurance,2025-07-01,2026-07-01,1374,Active,0
TXN-ea78c32e,C360-100341,Health Insurance,2021-07-02,2022-07-02,1387,Expired,0
TXN-8eac3556,C360-100341,Health Insurance,2022-07-02,2023-07-02,1425,Expired,1
TXN-3e5e5700,C360-100341,Health Insurance,2023-07-02,2024-07-01,1453,Expired,0
TXN-a9bc79cf,C360-100341,Health Insurance,2024-07-01,2025-07-01,1441,Expired,0
TXN-734d9315,C360-100341,Health Insurance,2025-07-01,2026-07-01,1507,Active,0
TXN-2b7b0631,C360-100341,Motor Insurance,2021-07-02,2022-07-02,1303,Expired,0
TXN-1a20f15b,C360-100341,Motor Insurance,2022-07-02,2023-07-02,1322,Expired,0
TXN-46d3337c,C360-100341,Motor Insurance,2023-07-02,2024-07-01,1395,Expired,0
TXN-32cad36e,C360-100341,Motor Insurance,2024-07-01,2025-07-01,1429,Expired,0
TXN-eb40f704,C360-100341,Motor Insurance,2025-07-01,2026-07-01,1467,Active,0
TXN-36ea57fa,C360-100342,Health Insurance,2021-07-02,2022-07-02,494,Expired,0
TXN-848fb127,C360-100342,Health Insurance,2022-07-02,2023-07-02,509,Expired,0
TXN-9c131e62,C360-100342,Health Insurance,2023-07-02,2024-07-01,558,Expired,0
TXN-7c5cc326,C360-100342,Health Insurance,2024-07-01,2025-07-01,587,Expired,0
TXN-10e92a91,C360-100342,Health Insurance,2025-07-01,2026-07-01,546,Cancelled,0
TXN-4dc1d281,C360-100343,Life Insurance,2021-07-02,2022-07-02,990,Expired,0
TXN-45f4500a,C360-100343,Life Insurance,2022-07-02,2023-07-02,1038,Expired,0
TXN-a78c161e,C360-100343,Life Insurance,2023-07-02,2024-07-01,1048,Expired,0
TXN-81278f82,C360-100343,Life Insurance,2024-07-01,2025-07-01,1101,Expired,0
TXN-b2ea8f00,C360-100343,Life Insurance,2025-07-01,2026-07-01,1182,Active,2
TXN-0efeedcf,C360-100344,Accidental Insurance,2021-07-02,2022-07-02,504,Expired,0
TXN-293244df,C360-100344,Accidental Insurance,2022-07-02,2023-07-02,518,Expired,0
TXN-a85bdf3f,C360-100344,Accidental Insurance,2023-07-02,2024-07-01,562,Expired,1
TXN-0924762e,C360-100344,Accidental Insurance,2024-07-01,2025-07-01,630,Expired,0
TXN-c4ccb0e8,C360-100344,Accidental Insurance,2025-07-01,2026-07-01,652,Cancelled,0
TXN-f93d0481,C360-100345,Life Insurance,2021-07-02,2022-07-02,1223,Expired,0
TXN-0f351096,C360-100345,Life Insurance,2022-07-02,2023-07-02,1242,Expired,0
TXN-91b10f21,C360-100345,Life Insurance,2023-07-02,2024-07-01,1283,Expired,0
TXN-2676d791,C360-100345,Life Insurance,2024-07-01,2025-07-01,1301,Expired,0
TXN-bcc80f62,C360-100345,Life Insurance,2025-07-01,2026-07-01,1271,Active,0
TXN-c3e78496,C360-100346,Motor Insurance,2021-07-02,2022-07-02,963,Expired,0
TXN-cd1cc0d2,C360-100346,Motor Insurance,2022-07-02,2023-07-02,1005,Expired,0
TXN-9d26c19d,C360-100346,Motor Insurance,2023-07-02,2024-07-01,1049,Expired,0
TXN-c07e1851,C360-100346,Motor Insurance,2024-07-01,2025-07-01,1053,Expired,0
TXN-283e7568,C360-100346,Motor Insurance,2025-07-01,2026-07-01,1059,Active,0
TXN-087c9c36,C360-100346,Accidental Insurance,2021-07-02,2022-07-02,703,Expired,0
TXN-2b077eb0,C360-100346,Accidental Insurance,2022-07-02,2023-07-02,717,Expired,0
TXN-74273233,C360-100346,Accidental Insurance,2023-07-02,2024-07-01,801,Expired,0
TXN-014c7b9d,C360-100346,Accidental Insurance,2024-07-01,2025-07-01,790,Expired,0
TXN-c475d72a,C360-100346,Accidental Insurance,2025-07-01,2026-07-01,763,Active,1
TXN-163f4eb2,C360-100347,Motor Insurance,2021-07-02,2022-07-02,1432,Expired,0
TXN-d3c81af2,C360-100347,Motor Insurance,2022-07-02,2023-07-02,1482,Expired,0
TXN-919132b1,C360-100347,Motor Insurance,2023-07-02,2024-07-01,1470,Expired,0
TXN-a2e30b0f,C360-100347,Motor Insurance,2024-07-01,2025-07-01,1528,Expired,0
TXN-f184668c,C360-100347,Motor Insurance,2025-07-01,2026-07-01,1632,Active,1
TXN-efd5b32a,C360-100347,Life Insurance,2021-07-02,2022-07-02,873,Expired,0
TXN-498e64f0,C360-100347,Life Insurance,2022-07-02,2023-07-02,913,Expired,0
TXN-99fe9314,C360-100347,Life Insurance,2023-07-02,2024-07-01,951,Expired,0
TXN-3aec3395,C360-100347,Life Insurance,2024-07-01,2025-07-01,954,Expired,0
TXN-3d25f056,C360-100347,Life Insurance,2025-07-01,2026-07-01,1041,Active,0
TXN-d022aa14,C360-100348,Health Insurance,2021-07-02,2022-07-02,1092,Expired,0
TXN-20e07a42,C360-100348,Health Insurance,2022-07-02,2023-07-02,1116,Expired,0
TXN-2445f78e,C360-100348,Health Insurance,2023-07-02,2024-07-01,1176,Expired,1
TXN-88fa1d2c,C360-100348,Health Insurance,2024-07-01,2025-07-01,1173,Expired,0
TXN-3f316c87,C360-100348,Health Insurance,2025-07-01,2026-07-01,1156,Active,0
TXN-971c389d,C360-100349,Health Insurance,2021-07-02,2022-07-02,458,Expired,0
TXN-ea51b81b,C360-100349,Health Insurance,2022-07-02,2023-07-02,498,Expired,0
TXN-c9c3cd57,C360-100349,Health Insurance,2023-07-02,2024-07-01,490,Expired,1
TXN-7f630899,C360-100349,Health Insurance,2024-07-01,2025-07-01,545,Expired,0
TXN-0e551264,C360-100349,Health Insurance,2025-07-01,2026-07-01,502,Active,0
TXN-51c670a5,C360-100349,Life Insurance,2021-07-02,2022-07-02,735,Expired,2
TXN-ab31b2b7,C360-100349,Life Insurance,2022-07-02,2023-07-02,762,Expired,0
TXN-c6be0b46,C360-100349,Life Insurance,2023-07-02,2024-07-01,773,Expired,0
TXN-f503d57c,C360-100349,Life Insurance,2024-07-01,2025-07-01,804,Expired,0
TXN-18185678,C360-100349,Life Insurance,2025-07-01,2026-07-01,899,Active,2
TXN-238c005f,C360-100349,Motor Insurance,2021-07-02,2022-07-02,1254,Expired,0
TXN-196ca916,C360-100349,Motor Insurance,2022-07-02,2023-07-02,1280,Expired,1
TXN-2f986e14,C360-100349,Motor Insurance,2023-07-02,2024-07-01,1318,Expired,0
TXN-2544bc2d,C360-100349,Motor Insurance,2024-07-01,2025-07-01,1377,Expired,0
TXN-a48bc904,C360-100349,Motor Insurance,2025-07-01,2026-07-01,1334,Active,1
TXN-e72d65ce,C360-100349,Accidental Insurance,2021-07-02,2022-07-02,676,Expired,1
TXN-47cf08df,C360-100349,Accidental Insurance,2022-07-02,2023-07-02,724,Expired,0
TXN-2d7ee48b,C360-100349,Accidental Insurance,2023-07-02,2024-07-01,776,Expired,0
TXN-6fa6104a,C360-100349,Accidental Insurance,2024-07-01,2025-07-01,712,Expired,1
TXN-9b8c2e48,C360-100349,Accidental Insurance,2025-07-01,2026-07-01,856,Active,0
TXN-765cb24b,C360-100350,Motor Insurance,2021-07-02,2022-07-02,1195,Expired,0
TXN-9c4e4ab3,C360-100350,Motor Insurance,2022-07-02,2023-07-02,1244,Expired,0
TXN-63039ad1,C360-100350,Motor Insurance,2023-07-02,2024-07-01,1235,Expired,0
TXN-c7efa6f6,C360-100350,Motor Insurance,2024-07-01,2025-07-01,1225,Expired,0
TXN-b45d091c,C360-100350,Motor Insurance,2025-07-01,2026-07-01,1395,Active,0
TXN-84949080,C360-100351,Health Insurance,2021-07-02,2022-07-02,1338,Expired,0
TXN-d767ea17,C360-100351,Health Insurance,2022-07-02,2023-07-02,1387,Expired,2
TXN-b94c0c27,C360-100351,Health Insurance,2023-07-02,2024-07-01,1404,Expired,0
TXN-43b00650,C360-100351,Health Insurance,2024-07-01,2025-07-01,1386,Expired,0
TXN-e775a298,C360-100351,Health Insurance,2025-07-01,2026-07-01,1386,Active,0
TXN-1e9edc3f,C360-100351,Life Insurance,2021-07-02,2022-07-02,1465,Expired,0
TXN-ddf9ed15,C360-100351,Life Insurance,2022-07-02,2023-07-02,1475,Expired,0
TXN-ec0ea896,C360-100351,Motor Insurance,2021-07-02,2022-07-02,1033,Expired,0
TXN-e560b9b9,C360-100351,Motor Insurance,2022-07-02,2023-07-02,1046,Expired,0
TXN-fb9b269a,C360-100351,Motor Insurance,2023-07-02,2024-07-01,1093,Expired,0
TXN-624ab006,C360-100351,Motor Insurance,2024-07-01,2025-07-01,1177,Expired,0
TXN-e2c3ae63,C360-100351,Motor Insurance,2025-07-01,2026-07-01,1085,Active,0
TXN-5f0323cd,C360-100351,Accidental Insurance,2021-07-02,2022-07-02,909,Expired,0
TXN-ad1ebe17,C360-100351,Accidental Insurance,2022-07-02,2023-07-02,959,Expired,0
TXN-d2995ad5,C360-100351,Accidental Insurance,2023-07-02,2024-07-01,987,Expired,1
TXN-f754dd8e,C360-100352,Life Insurance,2021-07-02,2022-07-02,577,Expired,1
TXN-15f39e78,C360-100352,Life Insurance,2022-07-02,2023-07-02,608,Expired,0
TXN-294d80b4,C360-100353,Life Insurance,2021-07-02,2022-07-02,566,Expired,0
TXN-1d34bc3e,C360-100353,Life Insurance,2022-07-02,2023-07-02,590,Expired,0
TXN-f15ddaa3,C360-100353,Life Insurance,2023-07-02,2024-07-01,648,Expired,0
TXN-121a6452,C360-100353,Life Insurance,2024-07-01,2025-07-01,695,Expired,2
TXN-1fb3ee20,C360-100353,Life Insurance,2025-07-01,2026-07-01,706,Active,0
TXN-5bdd2844,C360-100353,Health Insurance,2021-07-02,2022-07-02,360,Expired,0
TXN-1ceb0480,C360-100353,Health Insurance,2022-07-02,2023-07-02,382,Expired,2
TXN-236e2f68,C360-100353,Health Insurance,2023-07-02,2024-07-01,402,Expired,0
TXN-a6efb92e,C360-100353,Health Insurance,2024-07-01,2025-07-01,483,Expired,0
TXN-fdbd5045,C360-100353,Health Insurance,2025-07-01,2026-07-01,536,Cancelled,0
TXN-73ab5785,C360-100354,Motor Insurance,2021-07-02,2022-07-02,1404,Expired,0
TXN-8b7ddb32,C360-100355,Health Insurance,2021-07-02,2022-07-02,1425,Expired,0
TXN-5a96a477,C360-100355,Health Insurance,2022-07-02,2023-07-02,1449,Expired,0
TXN-799c75df,C360-100355,Health Insurance,2023-07-02,2024-07-01,1467,Expired,0
TXN-8ef70341,C360-100355,Health Insurance,2024-07-01,2025-07-01,1554,Expired,0
TXN-15951359,C360-100355,Health Insurance,2025-07-01,2026-07-01,1481,Active,0
TXN-713dcaf2,C360-100356,Health Insurance,2021-07-02,2022-07-02,951,Expired,0
TXN-14bac1bb,C360-100356,Health Insurance,2022-07-02,2023-07-02,976,Expired,0
TXN-d7515a46,C360-100356,Health Insurance,2023-07-02,2024-07-01,1009,Expired,0
TXN-3626e880,C360-100356,Health Insurance,2024-07-01,2025-07-01,1026,Expired,1
TXN-4bf38e31,C360-100356,Health Insurance,2025-07-01,2026-07-01,1135,Active,0
TXN-49c7f6ab,C360-100356,Life Insurance,2021-07-02,2022-07-02,487,Expired,0
TXN-fdfb7f13,C360-100356,Life Insurance,2022-07-02,2023-07-02,498,Expired,0
TXN-4e12d341,C360-100356,Life Insurance,2023-07-02,2024-07-01,555,Expired,2
TXN-0f34b3aa,C360-100356,Life Insurance,2024-07-01,2025-07-01,604,Expired,0
TXN-c990f0cd,C360-100356,Life Insurance,2025-07-01,2026-07-01,531,Active,0
TXN-921085c0,C360-100356,Motor Insurance,2021-07-02,2022-07-02,1272,Expired,0
TXN-81e1f705,C360-100356,Motor Insurance,2022-07-02,2023-07-02,1311,Expired,0
TXN-7854bb42,C360-100356,Motor Insurance,2023-07-02,2024-07-01,1340,Expired,2
TXN-a6a315af,C360-100356,Motor Insurance,2024-07-01,2025-07-01,1335,Expired,0
TXN-380b4226,C360-100356,Motor Insurance,2025-07-01,2026-07-01,1448,Active,0
TXN-bded3943,C360-100356,Accidental Insurance,2021-07-02,2022-07-02,511,Expired,0
TXN-2a377396,C360-100356,Accidental Insurance,2022-07-02,2023-07-02,539,Expired,0
TXN-20372b74,C360-100356,Accidental Insurance,2023-07-02,2024-07-01,567,Expired,0
TXN-c0c99b20,C360-100356,Accidental Insurance,2024-07-01,2025-07-01,541,Expired,1
TXN-b47aea8d,C360-100356,Accidental Insurance,2025-07-01,2026-07-01,635,Active,0
TXN-bb357e42,C360-100357,Health Insurance,2021-07-02,2022-07-02,473,Expired,0
TXN-632cbafa,C360-100357,Health Insurance,2022-07-02,2023-07-02,522,Expired,0
TXN-0e91382c,C360-100357,Health Insurance,2023-07-02,2024-07-01,559,Expired,1
TXN-1dda7a70,C360-100357,Health Insurance,2024-07-01,2025-07-01,620,Expired,2
TXN-87dd40d6,C360-100357,Health Insurance,2025-07-01,2026-07-01,541,Active,1
TXN-377004a4,C360-100357,Life Insurance,2021-07-02,2022-07-02,1454,Expired,0
TXN-1669d48b,C360-100357,Life Insurance,2022-07-02,2023-07-02,1494,Expired,0
TXN-ac4070b1,C360-100357,Life Insurance,2023-07-02,2024-07-01,1512,Expired,0
TXN-0b43017c,C360-100357,Life Insurance,2024-07-01,2025-07-01,1565,Expired,0
TXN-e77cad11,C360-100357,Life Insurance,2025-07-01,2026-07-01,1542,Active,1
TXN-716c64ea,C360-100357,Motor Insurance,2021-07-02,2022-07-02,1159,Expired,0
TXN-2a60155d,C360-100357,Motor Insurance,2022-07-02,2023-07-02,1185,Expired,0
TXN-0111f3fd,C360-100357,Motor Insurance,2023-07-02,2024-07-01,1181,Expired,0
TXN-55d4238e,C360-100357,Motor Insurance,2024-07-01,2025-07-01,1195,Expired,1
TXN-b87ec26b,C360-100357,Motor Insurance,2025-07-01,2026-07-01,1227,Active,0
TXN-8c1462a4,C360-100357,Accidental Insurance,2021-07-02,2022-07-02,1474,Expired,0
TXN-3624e30a,C360-100357,Accidental Insurance,2022-07-02,2023-07-02,1524,Expired,0
TXN-38211a54,C360-100357,Accidental Insurance,2023-07-02,2024-07-01,1564,Expired,0
TXN-24f8741b,C360-100357,Accidental Insurance,2024-07-01,2025-07-01,1606,Expired,0
TXN-3331e74d,C360-100357,Accidental Insurance,2025-07-01,2026-07-01,1670,Active,0
TXN-ec150036,C360-100358,Accidental Insurance,2021-07-02,2022-07-02,983,Expired,0
TXN-6681d900,C360-100359,Motor Insurance,2021-07-02,2022-07-02,1486,Expired,0
TXN-4869bbd0,C360-100359,Motor Insurance,2022-07-02,2023-07-02,1535,Expired,0
TXN-5b1c5343,C360-100359,Motor Insurance,2023-07-02,2024-07-01,1506,Expired,0
TXN-158f3bcb,C360-100359,Motor Insurance,2024-07-01,2025-07-01,1612,Expired,1
TXN-a8b8de25,C360-100359,Motor Insurance,2025-07-01,2026-07-01,1546,Active,0
TXN-47c05c57,C360-100359,Health Insurance,2021-07-02,2022-07-02,1427,Expired,1
TXN-cc173331,C360-100359,Health Insurance,2022-07-02,2023-07-02,1474,Expired,1
TXN-e629822c,C360-100359,Health Insurance,2023-07-02,2024-07-01,1509,Expired,0
TXN-f397c267,C360-100359,Health Insurance,2024-07-01,2025-07-01,1460,Expired,1
TXN-5f5b8bbd,C360-100359,Health Insurance,2025-07-01,2026-07-01,1527,Active,0
TXN-b9bf59c0,C360-100360,Health Insurance,2021-07-02,2022-07-02,551,Expired,0
TXN-98e0a7c9,C360-100360,Health Insurance,2022-07-02,2023-07-02,577,Expired,0
TXN-e8ca3af6,C360-100360,Health Insurance,2023-07-02,2024-07-01,585,Expired,0
TXN-2bafd3ce,C360-100360,Health Insurance,2024-07-01,2025-07-01,695,Expired,0
TXN-68462ed7,C360-100360,Health Insurance,2025-07-01,2026-07-01,663,Active,0
TXN-63bcfb11,C360-100361,Health Insurance,2021-07-02,2022-07-02,1484,Expired,0
TXN-323a93e2,C360-100361,Health Insurance,2022-07-02,2023-07-02,1512,Expired,1
TXN-be10f96a,C360-100361,Health Insurance,2023-07-02,2024-07-01,1576,Expired,0
TXN-1d5b2224,C360-100361,Health Insurance,2024-07-01,2025-07-01,1571,Expired,0
TXN-761a08f8,C360-100361,Health Insurance,2025-07-01,2026-07-01,1660,Active,0
TXN-857fad73,C360-100361,Life Insurance,2021-07-02,2022-07-02,1002,Expired,0
TXN-0c58f682,C360-100361,Life Insurance,2022-07-02,2023-07-02,1037,Expired,1
TXN-77f7e74b,C360-100361,Life Insurance,2023-07-02,2024-07-01,1076,Expired,0
TXN-4b4ad900,C360-100361,Life Insurance,2024-07-01,2025-07-01,1137,Expired,0
TXN-7b2d0ad3,C360-100361,Life Insurance,2025-07-01,2026-07-01,1150,Active,0
TXN-bbf691ec,C360-100361,Motor Insurance,2021-07-02,2022-07-02,1165,Expired,0
TXN-59485673,C360-100361,Motor Insurance,2022-07-02,2023-07-02,1208,Expired,0
TXN-75d6df20,C360-100361,Motor Insurance,2023-07-02,2024-07-01,1235,Expired,0
TXN-f7a16621,C360-100361,Motor Insurance,2024-07-01,2025-07-01,1243,Expired,0
TXN-141c23fb,C360-100361,Motor Insurance,2025-07-01,2026-07-01,1309,Active,0
TXN-d2c3ac57,C360-100361,Accidental Insurance,2021-07-02,2022-07-02,822,Expired,0
TXN-f10e13c0,C360-100361,Accidental Insurance,2022-07-02,2023-07-02,858,Expired,1
TXN-980ee03f,C360-100361,Accidental Insurance,2023-07-02,2024-07-01,910,Expired,0
TXN-f2323843,C360-100361,Accidental Insurance,2024-07-01,2025-07-01,870,Expired,0
TXN-4be9544f,C360-100361,Accidental Insurance,2025-07-01,2026-07-01,990,Active,0
TXN-0250ed06,C360-100362,Motor Insurance,2021-07-02,2022-07-02,554,Expired,0
TXN-a16f656b,C360-100362,Motor Insurance,2022-07-02,2023-07-02,585,Expired,0
TXN-fa77b035,C360-100362,Motor Insurance,2023-07-02,2024-07-01,612,Expired,0
TXN-1f112669,C360-100362,Motor Insurance,2024-07-01,2025-07-01,662,Expired,0
TXN-c4047b42,C360-100362,Motor Insurance,2025-07-01,2026-07-01,630,Active,2
TXN-308da7e9,C360-100362,Accidental Insurance,2021-07-02,2022-07-02,1448,Expired,0
TXN-2e140a3e,C360-100362,Accidental Insurance,2022-07-02,2023-07-02,1498,Expired,1
TXN-531564af,C360-100362,Accidental Insurance,2023-07-02,2024-07-01,1518,Expired,0
TXN-1d31c63d,C360-100362,Accidental Insurance,2024-07-01,2025-07-01,1520,Expired,0
TXN-b2da8101,C360-100362,Accidental Insurance,2025-07-01,2026-07-01,1552,Active,0
TXN-9f2edc34,C360-100363,Life Insurance,2021-07-02,2022-07-02,425,Expired,0
TXN-637961e1,C360-100363,Life Insurance,2022-07-02,2023-07-02,443,Expired,0
TXN-90892239,C360-100363,Life Insurance,2023-07-02,2024-07-01,459,Expired,0
TXN-8bc17e63,C360-100363,Life Insurance,2024-07-01,2025-07-01,566,Expired,0
TXN-5cb98f0e,C360-100363,Life Insurance,2025-07-01,2026-07-01,613,Active,0
TXN-efea9d77,C360-100364,Accidental Insurance,2021-07-02,2022-07-02,825,Expired,0
TXN-1ca09a0b,C360-100365,Health Insurance,2021-07-02,2022-07-02,378,Expired,0
TXN-696e65a8,C360-100365,Health Insurance,2022-07-02,2023-07-02,405,Expired,0
TXN-936af742,C360-100365,Health Insurance,2023-07-02,2024-07-01,402,Expired,0
TXN-abf85ff7,C360-100365,Health Insurance,2024-07-01,2025-07-01,477,Expired,2
TXN-181fd112,C360-100365,Health Insurance,2025-07-01,2026-07-01,438,Cancelled,0
TXN-8f53689e,C360-100365,Life Insurance,2021-07-02,2022-07-02,490,Expired,0
TXN-755ba3f4,C360-100365,Life Insurance,2022-07-02,2023-07-02,504,Expired,0
TXN-f36b87e4,C360-100365,Life Insurance,2023-07-02,2024-07-01,554,Expired,0
TXN-4f710e0b,C360-100365,Life Insurance,2024-07-01,2025-07-01,523,Expired,0
TXN-fc470274,C360-100365,Life Insurance,2025-07-01,2026-07-01,582,Active,0
TXN-7c21e916,C360-100366,Accidental Insurance,2021-07-02,2022-07-02,646,Expired,2
TXN-59257e77,C360-100366,Accidental Insurance,2022-07-02,2023-07-02,670,Expired,2
TXN-89b6bb38,C360-100366,Accidental Insurance,2023-07-02,2024-07-01,674,Expired,0
TXN-abe6ba4a,C360-100366,Accidental Insurance,2024-07-01,2025-07-01,700,Expired,0
TXN-5710700e,C360-100366,Accidental Insurance,2025-07-01,2026-07-01,778,Active,1
TXN-039f0add,C360-100367,Motor Insurance,2021-07-02,2022-07-02,405,Expired,0
TXN-c8c52c49,C360-100367,Motor Insurance,2022-07-02,2023-07-02,421,Expired,1
TXN-d69f9465,C360-100367,Motor Insurance,2023-07-02,2024-07-01,495,Expired,0
TXN-cad5d561,C360-100367,Motor Insurance,2024-07-01,2025-07-01,522,Expired,0
TXN-3f23f225,C360-100367,Motor Insurance,2025-07-01,2026-07-01,457,Active,1
TXN-8a26e019,C360-100367,Accidental Insurance,2021-07-02,2022-07-02,357,Expired,0
TXN-c1c09d8d,C360-100367,Accidental Insurance,2022-07-02,2023-07-02,386,Expired,0
TXN-17cdde8c,C360-100367,Accidental Insurance,2023-07-02,2024-07-01,427,Expired,1
TXN-c50c1e16,C360-100367,Accidental Insurance,2024-07-01,2025-07-01,501,Expired,0
TXN-5afa9f89,C360-100367,Accidental Insurance,2025-07-01,2026-07-01,553,Cancelled,1
TXN-42f2b080,C360-100368,Accidental Insurance,2021-07-02,2022-07-02,1259,Expired,1
TXN-89325b2a,C360-100368,Accidental Insurance,2022-07-02,2023-07-02,1296,Expired,0
TXN-b75786ec,C360-100368,Accidental Insurance,2023-07-02,2024-07-01,1313,Expired,0
TXN-fbba80b7,C360-100368,Accidental Insurance,2024-07-01,2025-07-01,1400,Expired,0
TXN-36a3afc7,C360-100368,Accidental Insurance,2025-07-01,2026-07-01,1395,Active,0
TXN-39a1ad4c,C360-100368,Motor Insurance,2021-07-02,2022-07-02,816,Expired,0
TXN-9cd2772a,C360-100368,Motor Insurance,2022-07-02,2023-07-02,847,Expired,0
TXN-8c0c25f4,C360-100368,Motor Insurance,2023-07-02,2024-07-01,856,Expired,0
TXN-360a976c,C360-100368,Motor Insurance,2024-07-01,2025-07-01,954,Expired,0
TXN-d87cd5d5,C360-100368,Motor Insurance,2025-07-01,2026-07-01,940,Active,0
TXN-60af92ae,C360-100369,Health Insurance,2021-07-02,2022-07-02,889,Expired,1
TXN-1f793f29,C360-100369,Health Insurance,2022-07-02,2023-07-02,906,Expired,0
TXN-495f4048,C360-100369,Life Insurance,2021-07-02,2022-07-02,1354,Expired,0
TXN-f4d4ad40,C360-100369,Life Insurance,2022-07-02,2023-07-02,1386,Expired,0
TXN-1ff6d042,C360-100369,Life Insurance,2023-07-02,2024-07-01,1404,Expired,0
TXN-a21d0e82,C360-100369,Life Insurance,2024-07-01,2025-07-01,1447,Expired,0
TXN-eade80ec,C360-100369,Life Insurance,2025-07-01,2026-07-01,1462,Active,0
TXN-efda9ff6,C360-100369,Accidental Insurance,2021-07-02,2022-07-02,1121,Expired,1
TXN-c69abd58,C360-100369,Accidental Insurance,2022-07-02,2023-07-02,1151,Expired,0
TXN-2786f436,C360-100369,Accidental Insurance,2023-07-02,2024-07-01,1165,Expired,0
TXN-7c280366,C360-100369,Accidental Insurance,2024-07-01,2025-07-01,1166,Expired,0
TXN-5741d696,C360-100369,Accidental Insurance,2025-07-01,2026-07-01,1177,Active,0
TXN-a8df12f0,C360-100370,Health Insurance,2021-07-02,2022-07-02,363,Expired,0
TXN-62e318d8,C360-100370,Life Insurance,2021-07-02,2022-07-02,500,Expired,0
TXN-3680f272,C360-100370,Life Insurance,2022-07-02,2023-07-02,518,Expired,1
TXN-f9d25fa0,C360-100370,Life Insurance,2023-07-02,2024-07-01,554,Expired,0
TXN-ffd89240,C360-100370,Life Insurance,2024-07-01,2025-07-01,539,Expired,2
TXN-34f51e50,C360-100370,Life Insurance,2025-07-01,2026-07-01,564,Cancelled,0
TXN-534cdf47,C360-100370,Motor Insurance,2021-07-02,2022-07-02,1164,Expired,0
TXN-1fe97dfe,C360-100370,Motor Insurance,2022-07-02,2023-07-02,1207,Expired,0
TXN-866fe8fe,C360-100370,Motor Insurance,2023-07-02,2024-07-01,1228,Expired,0
TXN-7a34e1a3,C360-100370,Motor Insurance,2024-07-01,2025-07-01,1233,Expired,0
TXN-6c853bbf,C360-100370,Motor Insurance,2025-07-01,2026-07-01,1212,Cancelled,0
TXN-613ebbaa,C360-100370,Accidental Insurance,2021-07-02,2022-07-02,1135,Expired,0
TXN-23b80220,C360-100371,Health Insurance,2021-07-02,2022-07-02,1043,Expired,0
TXN-3f49f0d7,C360-100371,Health Insurance,2022-07-02,2023-07-02,1076,Expired,1
TXN-30c1e115,C360-100371,Health Insurance,2023-07-02,2024-07-01,1113,Expired,0
TXN-d7fb443b,C360-100371,Health Insurance,2024-07-01,2025-07-01,1088,Expired,0
TXN-3f557d8d,C360-100371,Health Insurance,2025-07-01,2026-07-01,1211,Cancelled,0
TXN-e4ce8260,C360-100371,Accidental Insurance,2021-07-02,2022-07-02,974,Expired,0
TXN-676567ee,C360-100371,Accidental Insurance,2022-07-02,2023-07-02,1003,Expired,0
TXN-8a596f7b,C360-100371,Accidental Insurance,2023-07-02,2024-07-01,1022,Expired,0
TXN-ede17fea,C360-100371,Accidental Insurance,2024-07-01,2025-07-01,1061,Expired,0
TXN-76aebbc4,C360-100371,Accidental Insurance,2025-07-01,2026-07-01,1026,Active,0
TXN-9e902713,C360-100372,Health Insurance,2021-07-02,2022-07-02,1493,Expired,0
TXN-5ac876fb,C360-100372,Health Insurance,2022-07-02,2023-07-02,1530,Expired,0
TXN-85ad8fce,C360-100372,Health Insurance,2023-07-02,2024-07-01,1571,Expired,1
TXN-67f34fbc,C360-100372,Health Insurance,2024-07-01,2025-07-01,1559,Expired,0
TXN-60846292,C360-100372,Health Insurance,2025-07-01,2026-07-01,1589,Active,0
TXN-18769c46,C360-100372,Life Insurance,2021-07-02,2022-07-02,1453,Expired,0
TXN-c0164439,C360-100372,Motor Insurance,2021-07-02,2022-07-02,660,Expired,1
TXN-d6504516,C360-100372,Motor Insurance,2022-07-02,2023-07-02,688,Expired,0
TXN-100c8e9a,C360-100373,Life Insurance,2021-07-02,2022-07-02,914,Expired,0
TXN-639a1c73,C360-100373,Life Insurance,2022-07-02,2023-07-02,963,Expired,2
TXN-5c34f6ca,C360-100373,Life Insurance,2023-07-02,2024-07-01,970,Expired,0
TXN-47de1960,C360-100373,Life Insurance,2024-07-01,2025-07-01,1064,Expired,1
TXN-f3608f14,C360-100373,Life Insurance,2025-07-01,2026-07-01,1042,Active,0
TXN-58e80d31,C360-100374,Motor Insurance,2021-07-02,2022-07-02,616,Expired,0
TXN-9db1978c,C360-100374,Motor Insurance,2022-07-02,2023-07-02,649,Expired,0
TXN-22a0d285,C360-100374,Motor Insurance,2023-07-02,2024-07-01,638,Expired,1
TXN-afb708ed,C360-100374,Accidental Insurance,2021-07-02,2022-07-02,867,Expired,0
TXN-ad8a63b6,C360-100374,Accidental Insurance,2022-07-02,2023-07-02,890,Expired,0
TXN-8fd79a3f,C360-100374,Accidental Insurance,2023-07-02,2024-07-01,943,Expired,0
TXN-fc0ee470,C360-100374,Accidental Insurance,2024-07-01,2025-07-01,981,Expired,1
TXN-b68875c8,C360-100374,Accidental Insurance,2025-07-01,2026-07-01,947,Active,0
TXN-fbd057a3,C360-100375,Health Insurance,2021-07-02,2022-07-02,740,Expired,0
TXN-25c6a9be,C360-100375,Health Insurance,2022-07-02,2023-07-02,783,Expired,0
TXN-894a7474,C360-100375,Health Insurance,2023-07-02,2024-07-01,838,Expired,1
TXN-d93023f2,C360-100375,Health Insurance,2024-07-01,2025-07-01,824,Expired,1
TXN-7d65aa3d,C360-100375,Health Insurance,2025-07-01,2026-07-01,808,Cancelled,0
TXN-149f7e50,C360-100375,Life Insurance,2021-07-02,2022-07-02,1410,Expired,0
TXN-a7775831,C360-100375,Life Insurance,2022-07-02,2023-07-02,1447,Expired,0
TXN-89d4d0ee,C360-100375,Life Insurance,2023-07-02,2024-07-01,1498,Expired,0
TXN-e4f4b97e,C360-100375,Life Insurance,2024-07-01,2025-07-01,1461,Expired,0
TXN-d1454591,C360-100375,Life Insurance,2025-07-01,2026-07-01,1530,Active,0
TXN-2e978f8a,C360-100375,Motor Insurance,2021-07-02,2022-07-02,1316,Expired,0
TXN-edec33fa,C360-100375,Motor Insurance,2022-07-02,2023-07-02,1329,Expired,0
TXN-6ce4e0b5,C360-100375,Motor Insurance,2023-07-02,2024-07-01,1358,Expired,0
TXN-0d57e771,C360-100375,Motor Insurance,2024-07-01,2025-07-01,1358,Expired,0
TXN-5e10f381,C360-100375,Motor Insurance,2025-07-01,2026-07-01,1388,Active,0
TXN-e8b09992,C360-100375,Accidental Insurance,2021-07-02,2022-07-02,821,Expired,1
TXN-18e34e8a,C360-100376,Life Insurance,2021-07-02,2022-07-02,1146,Expired,0
TXN-a27af295,C360-100376,Life Insurance,2022-07-02,2023-07-02,1185,Expired,0
TXN-6c0454d3,C360-100376,Life Insurance,2023-07-02,2024-07-01,1244,Expired,0
TXN-c9cae0cf,C360-100376,Life Insurance,2024-07-01,2025-07-01,1230,Expired,0
TXN-64229b4e,C360-100376,Life Insurance,2025-07-01,2026-07-01,1270,Active,1
TXN-91c06434,C360-100377,Health Insurance,2021-07-02,2022-07-02,926,Expired,1
TXN-54c896b3,C360-100377,Health Insurance,2022-07-02,2023-07-02,946,Expired,0
TXN-0a5b18f8,C360-100377,Health Insurance,2023-07-02,2024-07-01,1010,Expired,0
TXN-4ba54b78,C360-100377,Health Insurance,2024-07-01,2025-07-01,986,Expired,0
TXN-7a730bc6,C360-100377,Health Insurance,2025-07-01,2026-07-01,1090,Active,0
TXN-8e379635,C360-100377,Life Insurance,2021-07-02,2022-07-02,482,Expired,0
TXN-4843aa23,C360-100377,Motor Insurance,2021-07-02,2022-07-02,585,Expired,0
TXN-28f976b3,C360-100377,Accidental Insurance,2021-07-02,2022-07-02,758,Expired,0
TXN-0dfa766e,C360-100377,Accidental Insurance,2022-07-02,2023-07-02,795,Expired,0
TXN-fe1036a8,C360-100377,Accidental Insurance,2023-07-02,2024-07-01,792,Expired,0
TXN-fbd41b04,C360-100377,Accidental Insurance,2024-07-01,2025-07-01,863,Expired,2
TXN-0866173f,C360-100377,Accidental Insurance,2025-07-01,2026-07-01,906,Cancelled,1
TXN-003dae9c,C360-100378,Life Insurance,2021-07-02,2022-07-02,1268,Expired,0
TXN-4595ecb6,C360-100378,Life Insurance,2022-07-02,2023-07-02,1288,Expired,0
TXN-691531a0,C360-100378,Life Insurance,2023-07-02,2024-07-01,1368,Expired,0
TXN-d0f08ab3,C360-100378,Life Insurance,2024-07-01,2025-07-01,1322,Expired,0
TXN-7daec393,C360-100378,Life Insurance,2025-07-01,2026-07-01,1308,Active,0
TXN-dcea632e,C360-100378,Accidental Insurance,2021-07-02,2022-07-02,1010,Expired,0
TXN-6f150437,C360-100378,Accidental Insurance,2022-07-02,2023-07-02,1027,Expired,0
TXN-5c1ef83a,C360-100378,Accidental Insurance,2023-07-02,2024-07-01,1108,Expired,0
TXN-b7fa3808,C360-100378,Accidental Insurance,2024-07-01,2025-07-01,1118,Expired,0
TXN-d86e541e,C360-100378,Accidental Insurance,2025-07-01,2026-07-01,1098,Active,0
TXN-4f6acb89,C360-100379,Motor Insurance,2021-07-02,2022-07-02,713,Expired,0
TXN-607915fe,C360-100379,Motor Insurance,2022-07-02,2023-07-02,728,Expired,0
TXN-93daeb29,C360-100379,Motor Insurance,2023-07-02,2024-07-01,783,Expired,0
TXN-74255308,C360-100380,Health Insurance,2021-07-02,2022-07-02,417,Expired,0
TXN-2e407fde,C360-100380,Health Insurance,2022-07-02,2023-07-02,435,Expired,0
TXN-a0026d06,C360-100380,Health Insurance,2023-07-02,2024-07-01,503,Expired,1
TXN-c588acd8,C360-100380,Health Insurance,2024-07-01,2025-07-01,495,Expired,0
TXN-cc5217e1,C360-100380,Health Insurance,2025-07-01,2026-07-01,521,Active,1
TXN-1b026747,C360-100380,Life Insurance,2021-07-02,2022-07-02,948,Expired,0
TXN-32b0a5d0,C360-100380,Life Insurance,2022-07-02,2023-07-02,982,Expired,0
TXN-345186da,C360-100380,Life Insurance,2023-07-02,2024-07-01,992,Expired,0
TXN-3d4898db,C360-100380,Life Insurance,2024-07-01,2025-07-01,1029,Expired,2
TXN-159f5177,C360-100380,Life Insurance,2025-07-01,2026-07-01,1148,Active,0
TXN-ee66f57e,C360-100380,Motor Insurance,2021-07-02,2022-07-02,1016,Expired,0
TXN-176a1356,C360-100380,Motor Insurance,2022-07-02,2023-07-02,1055,Expired,0
TXN-05bda4fe,C360-100380,Motor Insurance,2023-07-02,2024-07-01,1096,Expired,0
TXN-bdd4e57e,C360-100380,Motor Insurance,2024-07-01,2025-07-01,1103,Expired,0
TXN-66d9bed9,C360-100380,Motor Insurance,2025-07-01,2026-07-01,1180,Active,1
TXN-2243afe0,C360-100380,Accidental Insurance,2021-07-02,2022-07-02,1405,Expired,0
TXN-89854f5a,C360-100380,Accidental Insurance,2022-07-02,2023-07-02,1453,Expired,0
TXN-9c9d7b9b,C360-100380,Accidental Insurance,2023-07-02,2024-07-01,1493,Expired,2
TXN-2bdd28ae,C360-100380,Accidental Insurance,2024-07-01,2025-07-01,1540,Expired,0
TXN-8590e1a7,C360-100380,Accidental Insurance,2025-07-01,2026-07-01,1581,Active,0
TXN-7ca42816,C360-100381,Accidental Insurance,2021-07-02,2022-07-02,1209,Expired,0
TXN-2d6eebdb,C360-100381,Accidental Insurance,2022-07-02,2023-07-02,1255,Expired,0
TXN-c72feac8,C360-100381,Accidental Insurance,2023-07-02,2024-07-01,1269,Expired,0
TXN-99c7d1f5,C360-100381,Accidental Insurance,2024-07-01,2025-07-01,1353,Expired,0
TXN-e95f53f9,C360-100381,Accidental Insurance,2025-07-01,2026-07-01,1281,Active,0
TXN-58f06813,C360-100382,Health Insurance,2021-07-02,2022-07-02,1271,Expired,2
TXN-38da721f,C360-100382,Health Insurance,2022-07-02,2023-07-02,1303,Expired,0
TXN-86d00eb1,C360-100382,Motor Insurance,2021-07-02,2022-07-02,1254,Expired,0
TXN-ae59e27c,C360-100382,Motor Insurance,2022-07-02,2023-07-02,1270,Expired,0
TXN-9b0d7634,C360-100382,Motor Insurance,2023-07-02,2024-07-01,1278,Expired,0
TXN-a22991a4,C360-100382,Motor Insurance,2024-07-01,2025-07-01,1287,Expired,0
TXN-ab2ce196,C360-100382,Motor Insurance,2025-07-01,2026-07-01,1450,Active,0
TXN-d1bfc33d,C360-100383,Life Insurance,2021-07-02,2022-07-02,738,Expired,0
TXN-8145856a,C360-100383,Life Insurance,2022-07-02,2023-07-02,763,Expired,0
TXN-5a3788ba,C360-100383,Life Insurance,2023-07-02,2024-07-01,802,Expired,0
TXN-50b1157a,C360-100383,Life Insurance,2024-07-01,2025-07-01,855,Expired,1
TXN-80bc387f,C360-100383,Life Insurance,2025-07-01,2026-07-01,934,Active,1
TXN-38d1f5d9,C360-100385,Motor Insurance,2021-07-02,2022-07-02,1449,Expired,0
TXN-1df27595,C360-100385,Motor Insurance,2022-07-02,2023-07-02,1492,Expired,0
TXN-d54c0c80,C360-100386,Accidental Insurance,2021-07-02,2022-07-02,1066,Expired,0
TXN-e4a51462,C360-100386,Accidental Insurance,2022-07-02,2023-07-02,1090,Expired,1
TXN-963b9e4c,C360-100386,Accidental Insurance,2023-07-02,2024-07-01,1112,Expired,1
TXN-84d5f56d,C360-100386,Accidental Insurance,2024-07-01,2025-07-01,1147,Expired,1
TXN-38d29c05,C360-100386,Accidental Insurance,2025-07-01,2026-07-01,1182,Active,1
TXN-ab6d14ed,C360-100386,Motor Insurance,2021-07-02,2022-07-02,457,Expired,0
TXN-ef19afc5,C360-100386,Motor Insurance,2022-07-02,2023-07-02,491,Expired,0
TXN-cbcd0095,C360-100386,Motor Insurance,2023-07-02,2024-07-01,491,Expired,0
TXN-7ef4e2c3,C360-100386,Motor Insurance,2024-07-01,2025-07-01,493,Expired,0
TXN-fe3c7af3,C360-100386,Motor Insurance,2025-07-01,2026-07-01,653,Active,0
TXN-360596dd,C360-100387,Health Insurance,2021-07-02,2022-07-02,659,Expired,0
TXN-aa23f84e,C360-100387,Health Insurance,2022-07-02,2023-07-02,695,Expired,0
TXN-5d43fce4,C360-100387,Health Insurance,2023-07-02,2024-07-01,727,Expired,0
TXN-38be445e,C360-100387,Health Insurance,2024-07-01,2025-07-01,695,Expired,1
TXN-cf9a291e,C360-100387,Health Insurance,2025-07-01,2026-07-01,759,Active,1
TXN-c57ddd10,C360-100387,Life Insurance,2021-07-02,2022-07-02,821,Expired,0
TXN-b14a6f58,C360-100387,Life Insurance,2022-07-02,2023-07-02,850,Expired,1
TXN-911bc8c2,C360-100387,Life Insurance,2023-07-02,2024-07-01,909,Expired,0
TXN-03ac49a8,C360-100387,Life Insurance,2024-07-01,2025-07-01,905,Expired,0
TXN-0d934a97,C360-100387,Life Insurance,2025-07-01,2026-07-01,933,Active,0
TXN-ad0d1f55,C360-100387,Motor Insurance,2021-07-02,2022-07-02,865,Expired,0
TXN-2732f2de,C360-100387,Motor Insurance,2022-07-02,2023-07-02,886,Expired,0
TXN-46bd42ed,C360-100387,Motor Insurance,2023-07-02,2024-07-01,921,Expired,0
TXN-8cbd5c0b,C360-100387,Motor Insurance,2024-07-01,2025-07-01,943,Expired,0
TXN-cece83ea,C360-100387,Motor Insurance,2025-07-01,2026-07-01,945,Active,0
TXN-be3866f3,C360-100387,Accidental Insurance,2021-07-02,2022-07-02,832,Expired,0
TXN-e989dddf,C360-100387,Accidental Insurance,2022-07-02,2023-07-02,856,Expired,0
TXN-97e6596b,C360-100387,Accidental Insurance,2023-07-02,2024-07-01,868,Expired,0
TXN-12e1f9a1,C360-100387,Accidental Insurance,2024-07-01,2025-07-01,901,Expired,0
TXN-bac71614,C360-100387,Accidental Insurance,2025-07-01,2026-07-01,972,Active,0
TXN-8d0795dd,C360-100388,Health Insurance,2021-07-02,2022-07-02,544,Expired,1
TXN-a12bc57c,C360-100388,Health Insurance,2022-07-02,2023-07-02,590,Expired,1
TXN-f48f2dc4,C360-100388,Health Insurance,2023-07-02,2024-07-01,622,Expired,0
TXN-e739120d,C360-100389,Health Insurance,2021-07-02,2022-07-02,486,Expired,0
TXN-9aee6a2d,C360-100390,Health Insurance,2021-07-02,2022-07-02,1363,Expired,1
TXN-b5cab526,C360-100390,Health Insurance,2022-07-02,2023-07-02,1398,Expired,0
TXN-77fd322d,C360-100390,Health Insurance,2023-07-02,2024-07-01,1405,Expired,2
TXN-ae5165d2,C360-100390,Health Insurance,2024-07-01,2025-07-01,1426,Expired,0
TXN-b45f93bb,C360-100390,Health Insurance,2025-07-01,2026-07-01,1443,Cancelled,0
TXN-79457c30,C360-100391,Health Insurance,2021-07-02,2022-07-02,713,Expired,0
TXN-716ecb9e,C360-100391,Health Insurance,2022-07-02,2023-07-02,748,Expired,0
TXN-cfb73cf6,C360-100391,Health Insurance,2023-07-02,2024-07-01,737,Expired,0
TXN-373ad958,C360-100391,Health Insurance,2024-07-01,2025-07-01,797,Expired,0
TXN-6a38d58e,C360-100391,Health Insurance,2025-07-01,2026-07-01,865,Active,0
TXN-3a810c9e,C360-100392,Life Insurance,2021-07-02,2022-07-02,622,Expired,0
TXN-a8cd6728,C360-100392,Life Insurance,2022-07-02,2023-07-02,669,Expired,2
TXN-dbc36f94,C360-100392,Life Insurance,2023-07-02,2024-07-01,686,Expired,0
TXN-37d47053,C360-100392,Life Insurance,2024-07-01,2025-07-01,751,Expired,0
TXN-df7f047a,C360-100392,Life Insurance,2025-07-01,2026-07-01,682,Active,0
TXN-a8e7b4e6,C360-100393,Health Insurance,2021-07-02,2022-07-02,1431,Expired,0
TXN-8a45a6c9,C360-100393,Health Insurance,2022-07-02,2023-07-02,1461,Expired,0
TXN-3b38f06f,C360-100393,Health Insurance,2023-07-02,2024-07-01,1531,Expired,0
TXN-c3c14bcc,C360-100393,Health Insurance,2024-07-01,2025-07-01,1503,Expired,1
TXN-aa95f198,C360-100393,Health Insurance,2025-07-01,2026-07-01,1507,Active,0
TXN-c4c29a2a,C360-100393,Life Insurance,2021-07-02,2022-07-02,332,Expired,0
TXN-0eea6ebe,C360-100393,Life Insurance,2022-07-02,2023-07-02,364,Expired,0
TXN-d6bcc6b4,C360-100393,Life Insurance,2023-07-02,2024-07-01,352,Expired,0
TXN-d3b14c10,C360-100393,Life Insurance,2024-07-01,2025-07-01,470,Expired,0
TXN-f4575215,C360-100393,Life Insurance,2025-07-01,2026-07-01,512,Active,0
TXN-43f3a9b8,C360-100393,Motor Insurance,2021-07-02,2022-07-02,733,Expired,0
TXN-9a148053,C360-100393,Motor Insurance,2022-07-02,2023-07-02,766,Expired,0
TXN-7ae4b538,C360-100393,Motor Insurance,2023-07-02,2024-07-01,763,Expired,2
TXN-5ab8cf16,C360-100393,Motor Insurance,2024-07-01,2025-07-01,793,Expired,0
TXN-1f65be60,C360-100393,Motor Insurance,2025-07-01,2026-07-01,833,Active,0
TXN-f859092b,C360-100393,Accidental Insurance,2021-07-02,2022-07-02,1320,Expired,0
TXN-6d89bbfc,C360-100393,Accidental Insurance,2022-07-02,2023-07-02,1359,Expired,0
TXN-fe4e633f,C360-100393,Accidental Insurance,2023-07-02,2024-07-01,1348,Expired,2
TXN-d7af881d,C360-100393,Accidental Insurance,2024-07-01,2025-07-01,1365,Expired,0
TXN-b7c6a039,C360-100393,Accidental Insurance,2025-07-01,2026-07-01,1400,Active,0
TXN-8c0fed36,C360-100394,Motor Insurance,2021-07-02,2022-07-02,767,Expired,0
TXN-6c8972cb,C360-100394,Motor Insurance,2022-07-02,2023-07-02,794,Expired,0
TXN-3123e58a,C360-100394,Motor Insurance,2023-07-02,2024-07-01,809,Expired,0
TXN-ae1afd5f,C360-100394,Motor Insurance,2024-07-01,2025-07-01,848,Expired,0
TXN-c7167577,C360-100394,Motor Insurance,2025-07-01,2026-07-01,855,Cancelled,2
TXN-483be8ed,C360-100395,Motor Insurance,2021-07-02,2022-07-02,964,Expired,0
TXN-dd398294,C360-100395,Motor Insurance,2022-07-02,2023-07-02,1003,Expired,1
TXN-78cf447a,C360-100395,Motor Insurance,2023-07-02,2024-07-01,1030,Expired,2
TXN-d5de9ba3,C360-100395,Motor Insurance,2024-07-01,2025-07-01,1033,Expired,0
TXN-7e8fce1b,C360-100395,Motor Insurance,2025-07-01,2026-07-01,1152,Active,1
TXN-70a16f51,C360-100395,Health Insurance,2021-07-02,2022-07-02,988,Expired,0
TXN-1e57946e,C360-100395,Health Insurance,2022-07-02,2023-07-02,1025,Expired,0
TXN-44f816b3,C360-100395,Health Insurance,2023-07-02,2024-07-01,1054,Expired,2
TXN-ac309405,C360-100395,Health Insurance,2024-07-01,2025-07-01,1036,Expired,0
TXN-134998f5,C360-100395,Health Insurance,2025-07-01,2026-07-01,1184,Cancelled,0
TXN-9efbc29f,C360-100396,Health Insurance,2021-07-02,2022-07-02,1128,Expired,0
TXN-f419690a,C360-100396,Health Insurance,2022-07-02,2023-07-02,1160,Expired,0
TXN-171f51db,C360-100396,Health Insurance,2023-07-02,2024-07-01,1218,Expired,0
TXN-cfa4ebfa,C360-100396,Health Insurance,2024-07-01,2025-07-01,1221,Expired,0
TXN-6036c324,C360-100396,Health Insurance,2025-07-01,2026-07-01,1292,Active,0
TXN-0febf3ee,C360-100396,Life Insurance,2021-07-02,2022-07-02,1243,Expired,2
TXN-2271d661,C360-100396,Life Insurance,2022-07-02,2023-07-02,1290,Expired,0
TXN-472c8d41,C360-100396,Life Insurance,2023-07-02,2024-07-01,1337,Expired,0
TXN-dd3a00d5,C360-100396,Life Insurance,2024-07-01,2025-07-01,1291,Expired,0
TXN-37ebcc55,C360-100396,Life Insurance,2025-07-01,2026-07-01,1403,Active,0
TXN-6b803d08,C360-100396,Motor Insurance,2021-07-02,2022-07-02,971,Expired,0
TXN-5f2e2d5a,C360-100396,Motor Insurance,2022-07-02,2023-07-02,987,Expired,0
TXN-742117de,C360-100396,Motor Insurance,2023-07-02,2024-07-01,1009,Expired,0
TXN-be57959a,C360-100396,Motor Insurance,2024-07-01,2025-07-01,1109,Expired,0
TXN-ea366793,C360-100396,Motor Insurance,2025-07-01,2026-07-01,1119,Active,1
TXN-73795361,C360-100396,Accidental Insurance,2021-07-02,2022-07-02,941,Expired,0
TXN-7a1c1cdc,C360-100396,Accidental Insurance,2022-07-02,2023-07-02,951,Expired,0
TXN-a152fc71,C360-100396,Accidental Insurance,2023-07-02,2024-07-01,967,Expired,1
TXN-11949d84,C360-100396,Accidental Insurance,2024-07-01,2025-07-01,995,Expired,0
TXN-e90fd6fb,C360-100396,Accidental Insurance,2025-07-01,2026-07-01,1029,Active,0
TXN-4146a42d,C360-100397,Accidental Insurance,2021-07-02,2022-07-02,1382,Expired,0
TXN-e1d2aec2,C360-100397,Accidental Insurance,2022-07-02,2023-07-02,1419,Expired,0
TXN-f3a16f3c,C360-100397,Accidental Insurance,2023-07-02,2024-07-01,1410,Expired,0
TXN-e9d891d9,C360-100397,Accidental Insurance,2024-07-01,2025-07-01,1511,Expired,0
TXN-ab6c8204,C360-100397,Accidental Insurance,2025-07-01,2026-07-01,1522,Active,0
TXN-58542dd8,C360-100398,Health Insurance,2021-07-02,2022-07-02,1059,Expired,0
TXN-e22e2900,C360-100398,Health Insurance,2022-07-02,2023-07-02,1108,Expired,0
TXN-da0a10f8,C360-100398,Health Insurance,2023-07-02,2024-07-01,1153,Expired,0
TXN-3ea9933e,C360-100398,Health Insurance,2024-07-01,2025-07-01,1131,Expired,0
TXN-551b0d6a,C360-100398,Health Insurance,2025-07-01,2026-07-01,1163,Active,0
TXN-b47e28b7,C360-100399,Health Insurance,2021-07-02,2022-07-02,1338,Expired,2
TXN-dce34ab4,C360-100399,Health Insurance,2022-07-02,2023-07-02,1385,Expired,0
TXN-3b5f6aff,C360-100399,Health Insurance,2023-07-02,2024-07-01,1412,Expired,0
TXN-990b6071,C360-100399,Life Insurance,2021-07-02,2022-07-02,808,Expired,0
TXN-34682afc,C360-100399,Life Insurance,2022-07-02,2023-07-02,825,Expired,0
TXN-86a81210,C360-100399,Life Insurance,2023-07-02,2024-07-01,892,Expired,0
TXN-fc0927f6,C360-100399,Life Insurance,2024-07-01,2025-07-01,928,Expired,0
TXN-9132194f,C360-100399,Life Insurance,2025-07-01,2026-07-01,952,Cancelled,0
TXN-d3e60192,C360-100399,Motor Insurance,2021-07-02,2022-07-02,1142,Expired,0
TXN-9807336a,C360-100399,Motor Insurance,2022-07-02,2023-07-02,1167,Expired,1
TXN-16897038,C360-100399,Accidental Insurance,2021-07-02,2022-07-02,1210,Expired,2
TXN-7262833d,C360-100399,Accidental Insurance,2022-07-02,2023-07-02,1223,Expired,0
TXN-0c8b4c78,C360-100399,Accidental Insurance,2023-07-02,2024-07-01,1246,Expired,2
TXN-c73043c4,C360-100399,Accidental Insurance,2024-07-01,2025-07-01,1285,Expired,0
TXN-b93c3f0f,C360-100399,Accidental Insurance,2025-07-01,2026-07-01,1274,Cancelled,0
TXN-935d3cea,C360-100400,Accidental Insurance,2021-07-02,2022-07-02,1263,Expired,0
TXN-c27fffdf,C360-100400,Accidental Insurance,2022-07-02,2023-07-02,1291,Expired,0
TXN-c0cea2b8,C360-100400,Accidental Insurance,2023-07-02,2024-07-01,1355,Expired,0
TXN-0fc2eeee,C360-100400,Accidental Insurance,2024-07-01,2025-07-01,1332,Expired,0
TXN-524bc5d4,C360-100400,Accidental Insurance,2025-07-01,2026-07-01,1363,Active,0
TXN-2e33b2eb,C360-100400,Motor Insurance,2021-07-02,2022-07-02,1423,Expired,0
TXN-17b44072,C360-100400,Motor Insurance,2022-07-02,2023-07-02,1459,Expired,0
TXN-9d158508,C360-100400,Motor Insurance,2023-07-02,2024-07-01,1509,Expired,1
TXN-c19642cb,C360-100400,Motor Insurance,2024-07-01,2025-07-01,1465,Expired,0
TXN-e145cfaa,C360-100400,Motor Insurance,2025-07-01,2026-07-01,1495,Active,0
TXN-c756bf96,C360-100401,Health Insurance,2021-07-02,2022-07-02,1338,Expired,2
TXN-8ab70187,C360-100401,Health Insurance,2022-07-02,2023-07-02,1362,Expired,0
TXN-09ff540d,C360-100401,Life Insurance,2021-07-02,2022-07-02,451,Expired,0
TXN-16670315,C360-100401,Life Insurance,2022-07-02,2023-07-02,500,Expired,0
TXN-9560b3d7,C360-100401,Motor Insurance,2021-07-02,2022-07-02,451,Expired,1
TXN-2b83dab0,C360-100401,Motor Insurance,2022-07-02,2023-07-02,472,Expired,0
TXN-9aafeafd,C360-100401,Motor Insurance,2023-07-02,2024-07-01,523,Expired,0
TXN-19873ba5,C360-100401,Accidental Insurance,2021-07-02,2022-07-02,1151,Expired,1
TXN-66fd6e62,C360-100401,Accidental Insurance,2022-07-02,2023-07-02,1171,Expired,0
TXN-e4e27726,C360-100401,Accidental Insurance,2023-07-02,2024-07-01,1211,Expired,0
TXN-8e4dcf9d,C360-100401,Accidental Insurance,2024-07-01,2025-07-01,1292,Expired,0
TXN-ca0ff7af,C360-100401,Accidental Insurance,2025-07-01,2026-07-01,1195,Active,0
TXN-630cf06d,C360-100402,Health Insurance,2021-07-02,2022-07-02,1473,Expired,0
TXN-851cce16,C360-100402,Health Insurance,2022-07-02,2023-07-02,1491,Expired,0
TXN-f9834f60,C360-100402,Health Insurance,2023-07-02,2024-07-01,1507,Expired,0
TXN-600b0e97,C360-100402,Health Insurance,2024-07-01,2025-07-01,1575,Expired,0
TXN-f5feb070,C360-100402,Health Insurance,2025-07-01,2026-07-01,1601,Active,1
TXN-1be187dc,C360-100403,Health Insurance,2021-07-02,2022-07-02,948,Expired,0
TXN-97fc9a82,C360-100403,Health Insurance,2022-07-02,2023-07-02,967,Expired,2
TXN-c392f296,C360-100403,Health Insurance,2023-07-02,2024-07-01,1026,Expired,0
TXN-5a522e7f,C360-100403,Health Insurance,2024-07-01,2025-07-01,987,Expired,0
TXN-63b5a320,C360-100403,Health Insurance,2025-07-01,2026-07-01,1032,Active,0
TXN-df06a3b8,C360-100403,Life Insurance,2021-07-02,2022-07-02,772,Expired,0
TXN-86c76c31,C360-100403,Life Insurance,2022-07-02,2023-07-02,786,Expired,0
TXN-45841a1d,C360-100403,Life Insurance,2023-07-02,2024-07-01,862,Expired,0
TXN-3d0c55b1,C360-100403,Life Insurance,2024-07-01,2025-07-01,922,Expired,0
TXN-dd56a50a,C360-100403,Life Insurance,2025-07-01,2026-07-01,832,Active,0
TXN-2fb5166d,C360-100403,Motor Insurance,2021-07-02,2022-07-02,542,Expired,0
TXN-606ccee8,C360-100403,Motor Insurance,2022-07-02,2023-07-02,591,Expired,0
TXN-a8bf98b1,C360-100403,Motor Insurance,2023-07-02,2024-07-01,622,Expired,0
TXN-cf1061c5,C360-100403,Motor Insurance,2024-07-01,2025-07-01,665,Expired,0
TXN-50a7da28,C360-100403,Motor Insurance,2025-07-01,2026-07-01,626,Active,0
TXN-62eb5dd0,C360-100403,Accidental Insurance,2021-07-02,2022-07-02,723,Expired,0
TXN-fe4f48a1,C360-100403,Accidental Insurance,2022-07-02,2023-07-02,768,Expired,0
TXN-fa12d664,C360-100403,Accidental Insurance,2023-07-02,2024-07-01,799,Expired,0
TXN-ac4d7b89,C360-100403,Accidental Insurance,2024-07-01,2025-07-01,873,Expired,0
TXN-4dd06f1b,C360-100403,Accidental Insurance,2025-07-01,2026-07-01,883,Active,0
TXN-51429ae6,C360-100404,Health Insurance,2021-07-02,2022-07-02,329,Expired,0
TXN-1502dd8e,C360-100404,Motor Insurance,2021-07-02,2022-07-02,1035,Expired,0
TXN-1ce8ac62,C360-100404,Motor Insurance,2022-07-02,2023-07-02,1058,Expired,0
TXN-fd46f01c,C360-100404,Motor Insurance,2023-07-02,2024-07-01,1093,Expired,0
TXN-79c3f36c,C360-100404,Motor Insurance,2024-07-01,2025-07-01,1065,Expired,0
TXN-7a0fc592,C360-100404,Motor Insurance,2025-07-01,2026-07-01,1191,Active,0
TXN-753d7844,C360-100405,Health Insurance,2021-07-02,2022-07-02,1266,Expired,0
TXN-9254bd9c,C360-100406,Health Insurance,2021-07-02,2022-07-02,1456,Expired,0
TXN-c8762d75,C360-100406,Health Insurance,2022-07-02,2023-07-02,1476,Expired,0
TXN-5509dfc2,C360-100406,Health Insurance,2023-07-02,2024-07-01,1524,Expired,0
TXN-1518cd6e,C360-100406,Health Insurance,2024-07-01,2025-07-01,1591,Expired,0
TXN-97de67f9,C360-100406,Health Insurance,2025-07-01,2026-07-01,1648,Active,1
TXN-4088e645,C360-100406,Life Insurance,2021-07-02,2022-07-02,903,Expired,0
TXN-9ef06765,C360-100406,Life Insurance,2022-07-02,2023-07-02,941,Expired,0
TXN-1a2027ed,C360-100406,Life Insurance,2023-07-02,2024-07-01,971,Expired,0
TXN-24e6a3f3,C360-100406,Life Insurance,2024-07-01,2025-07-01,1047,Expired,0
TXN-87a96d76,C360-100406,Life Insurance,2025-07-01,2026-07-01,987,Active,0
TXN-f0f7b944,C360-100406,Motor Insurance,2021-07-02,2022-07-02,861,Expired,0
TXN-f8694bfa,C360-100406,Motor Insurance,2022-07-02,2023-07-02,905,Expired,0
TXN-83afbf66,C360-100406,Motor Insurance,2023-07-02,2024-07-01,885,Expired,0
TXN-c46b69c7,C360-100406,Motor Insurance,2024-07-01,2025-07-01,960,Expired,2
TXN-4d934bbb,C360-100406,Motor Insurance,2025-07-01,2026-07-01,1025,Active,1
TXN-0a80cf9f,C360-100406,Accidental Insurance,2021-07-02,2022-07-02,1217,Expired,1
TXN-f9579699,C360-100406,Accidental Insurance,2022-07-02,2023-07-02,1235,Expired,0
TXN-2ade049f,C360-100406,Accidental Insurance,2023-07-02,2024-07-01,1317,Expired,0
TXN-c3b717ff,C360-100406,Accidental Insurance,2024-07-01,2025-07-01,1346,Expired,1
TXN-78fee9cd,C360-100406,Accidental Insurance,2025-07-01,2026-07-01,1401,Active,0
TXN-769b7ade,C360-100407,Motor Insurance,2021-07-02,2022-07-02,636,Expired,0
TXN-e6dbabd3,C360-100407,Motor Insurance,2022-07-02,2023-07-02,651,Expired,2
TXN-b86ee326,C360-100407,Life Insurance,2021-07-02,2022-07-02,569,Expired,0
TXN-0eb9601b,C360-100408,Health Insurance,2021-07-02,2022-07-02,975,Expired,0
TXN-e579ee9a,C360-100408,Health Insurance,2022-07-02,2023-07-02,1011,Expired,0
TXN-09ecdba0,C360-100408,Health Insurance,2023-07-02,2024-07-01,1033,Expired,0
TXN-87f09933,C360-100408,Health Insurance,2024-07-01,2025-07-01,1050,Expired,0
TXN-4b5c3b45,C360-100408,Health Insurance,2025-07-01,2026-07-01,1051,Active,0
TXN-15525a8d,C360-100408,Motor Insurance,2021-07-02,2022-07-02,987,Expired,0
TXN-b12225f5,C360-100408,Motor Insurance,2022-07-02,2023-07-02,1015,Expired,1
TXN-5927ed89,C360-100408,Motor Insurance,2023-07-02,2024-07-01,1043,Expired,0
TXN-89884184,C360-100408,Motor Insurance,2024-07-01,2025-07-01,1035,Expired,0
TXN-a8cdd7b5,C360-100408,Motor Insurance,2025-07-01,2026-07-01,1111,Active,1
TXN-0d5d23ca,C360-100410,Accidental Insurance,2021-07-02,2022-07-02,921,Expired,1
TXN-7b5bef8f,C360-100411,Accidental Insurance,2021-07-02,2022-07-02,320,Expired,0
TXN-5ea91b79,C360-100412,Health Insurance,2021-07-02,2022-07-02,1461,Expired,0
TXN-772fe793,C360-100412,Health Insurance,2022-07-02,2023-07-02,1484,Expired,0
TXN-70fb9531,C360-100412,Health Insurance,2023-07-02,2024-07-01,1513,Expired,1
TXN-1f35c3a6,C360-100412,Health Insurance,2024-07-01,2025-07-01,1575,Expired,0
TXN-8b0accae,C360-100412,Health Insurance,2025-07-01,2026-07-01,1589,Active,0
TXN-b89785b3,C360-100412,Life Insurance,2021-07-02,2022-07-02,858,Expired,0
TXN-9d9c5bba,C360-100412,Life Insurance,2022-07-02,2023-07-02,905,Expired,0
TXN-fefb79e4,C360-100412,Life Insurance,2023-07-02,2024-07-01,930,Expired,1
TXN-4bdc7267,C360-100412,Life Insurance,2024-07-01,2025-07-01,933,Expired,0
TXN-e975498a,C360-100412,Life Insurance,2025-07-01,2026-07-01,1046,Active,0
TXN-83c1094e,C360-100412,Motor Insurance,2021-07-02,2022-07-02,563,Expired,0
TXN-fcceccd9,C360-100412,Motor Insurance,2022-07-02,2023-07-02,593,Expired,1
TXN-d529b105,C360-100412,Motor Insurance,2023-07-02,2024-07-01,641,Expired,2
TXN-3859c7fe,C360-100412,Motor Insurance,2024-07-01,2025-07-01,644,Expired,0
TXN-ac3a1c92,C360-100412,Motor Insurance,2025-07-01,2026-07-01,715,Active,0
TXN-dcddd368,C360-100412,Accidental Insurance,2021-07-02,2022-07-02,1021,Expired,0
TXN-7defc72f,C360-100412,Accidental Insurance,2022-07-02,2023-07-02,1047,Expired,1
TXN-e046b64a,C360-100412,Accidental Insurance,2023-07-02,2024-07-01,1057,Expired,0
TXN-20d14155,C360-100412,Accidental Insurance,2024-07-01,2025-07-01,1165,Expired,0
TXN-35a38419,C360-100412,Accidental Insurance,2025-07-01,2026-07-01,1133,Active,0
TXN-3b52c2ef,C360-100413,Health Insurance,2021-07-02,2022-07-02,623,Expired,0
TXN-9d3cfbf0,C360-100413,Health Insurance,2022-07-02,2023-07-02,657,Expired,0
TXN-b5879fd1,C360-100413,Health Insurance,2023-07-02,2024-07-01,677,Expired,1
TXN-ae011b2f,C360-100413,Health Insurance,2024-07-01,2025-07-01,653,Expired,1
TXN-4010dc08,C360-100413,Health Insurance,2025-07-01,2026-07-01,759,Active,0
TXN-8ed79e5e,C360-100413,Life Insurance,2021-07-02,2022-07-02,1163,Expired,0
TXN-0fddd7a4,C360-100413,Life Insurance,2022-07-02,2023-07-02,1183,Expired,0
TXN-a6b8090a,C360-100413,Life Insurance,2023-07-02,2024-07-01,1263,Expired,0
TXN-04b6fed1,C360-100413,Life Insurance,2024-07-01,2025-07-01,1286,Expired,1
TXN-09136e45,C360-100413,Life Insurance,2025-07-01,2026-07-01,1319,Active,0
TXN-3afed4eb,C360-100413,Motor Insurance,2021-07-02,2022-07-02,967,Expired,0
TXN-527519a4,C360-100413,Motor Insurance,2022-07-02,2023-07-02,987,Expired,0
TXN-1e594b58,C360-100413,Motor Insurance,2023-07-02,2024-07-01,1029,Expired,0
TXN-79bc24d6,C360-100413,Motor Insurance,2024-07-01,2025-07-01,1003,Expired,1
TXN-e64b5b00,C360-100413,Motor Insurance,2025-07-01,2026-07-01,1123,Active,0
TXN-4d73863d,C360-100413,Accidental Insurance,2021-07-02,2022-07-02,489,Expired,0
TXN-fd106ac2,C360-100413,Accidental Insurance,2022-07-02,2023-07-02,518,Expired,0
TXN-82503389,C360-100413,Accidental Insurance,2023-07-02,2024-07-01,561,Expired,0
TXN-a4508c17,C360-100413,Accidental Insurance,2024-07-01,2025-07-01,558,Expired,0
TXN-34ca8599,C360-100413,Accidental Insurance,2025-07-01,2026-07-01,593,Active,1
TXN-67fee3d7,C360-100414,Health Insurance,2021-07-02,2022-07-02,1114,Expired,0
TXN-14a0b573,C360-100414,Health Insurance,2022-07-02,2023-07-02,1160,Expired,0
TXN-e5c92ac8,C360-100414,Health Insurance,2023-07-02,2024-07-01,1204,Expired,0
TXN-5212c37b,C360-100414,Health Insurance,2024-07-01,2025-07-01,1219,Expired,2
TXN-6484caf2,C360-100414,Health Insurance,2025-07-01,2026-07-01,1210,Active,0
TXN-51a6e84f,C360-100414,Life Insurance,2021-07-02,2022-07-02,782,Expired,0
TXN-b11df33d,C360-100414,Life Insurance,2022-07-02,2023-07-02,809,Expired,1
TXN-ac966910,C360-100414,Life Insurance,2023-07-02,2024-07-01,874,Expired,0
TXN-bdeec30b,C360-100414,Life Insurance,2024-07-01,2025-07-01,827,Expired,0
TXN-32f4f4fb,C360-100414,Life Insurance,2025-07-01,2026-07-01,898,Active,1
TXN-2096a5e9,C360-100414,Motor Insurance,2021-07-02,2022-07-02,1419,Expired,0
TXN-e6de59bd,C360-100414,Motor Insurance,2022-07-02,2023-07-02,1450,Expired,0
TXN-645313dd,C360-100414,Motor Insurance,2023-07-02,2024-07-01,1449,Expired,0
TXN-118bfc2e,C360-100414,Motor Insurance,2024-07-01,2025-07-01,1560,Expired,0
TXN-639154be,C360-100414,Motor Insurance,2025-07-01,2026-07-01,1471,Active,0
TXN-a3a0532e,C360-100414,Accidental Insurance,2021-07-02,2022-07-02,642,Expired,0
TXN-498f2112,C360-100414,Accidental Insurance,2022-07-02,2023-07-02,682,Expired,0
TXN-2d21c71c,C360-100414,Accidental Insurance,2023-07-02,2024-07-01,736,Expired,1
TXN-e47d7d50,C360-100414,Accidental Insurance,2024-07-01,2025-07-01,759,Expired,1
TXN-dbb1135b,C360-100414,Accidental Insurance,2025-07-01,2026-07-01,690,Active,0
TXN-e54d0c80,C360-100415,Life Insurance,2021-07-02,2022-07-02,434,Expired,1
TXN-9e815121,C360-100415,Life Insurance,2022-07-02,2023-07-02,473,Expired,0
TXN-3cf172f4,C360-100415,Life Insurance,2023-07-02,2024-07-01,502,Expired,0
TXN-1ca80a14,C360-100415,Life Insurance,2024-07-01,2025-07-01,467,Expired,0
TXN-3a288ba3,C360-100415,Life Insurance,2025-07-01,2026-07-01,490,Active,0
TXN-fc93211d,C360-100415,Accidental Insurance,2021-07-02,2022-07-02,438,Expired,0
TXN-da0bebaa,C360-100415,Accidental Insurance,2022-07-02,2023-07-02,467,Expired,0
TXN-e743741b,C360-100415,Accidental Insurance,2023-07-02,2024-07-01,492,Expired,0
TXN-c067973a,C360-100415,Accidental Insurance,2024-07-01,2025-07-01,522,Expired,0
TXN-d9834fa4,C360-100415,Accidental Insurance,2025-07-01,2026-07-01,562,Active,2
TXN-7e53aa08,C360-100416,Health Insurance,2021-07-02,2022-07-02,519,Expired,0
TXN-85ace0d3,C360-100416,Health Insurance,2022-07-02,2023-07-02,549,Expired,0
TXN-047810ad,C360-100416,Health Insurance,2023-07-02,2024-07-01,543,Expired,0
TXN-f5e35d8e,C360-100416,Health Insurance,2024-07-01,2025-07-01,585,Expired,0
TXN-74f9d25c,C360-100416,Health Insurance,2025-07-01,2026-07-01,687,Active,0
TXN-2f8638ce,C360-100416,Life Insurance,2021-07-02,2022-07-02,1100,Expired,0
TXN-ca4c2733,C360-100416,Life Insurance,2022-07-02,2023-07-02,1122,Expired,1
TXN-0cd74b44,C360-100416,Life Insurance,2023-07-02,2024-07-01,1192,Expired,0
TXN-5aaaa1d1,C360-100416,Life Insurance,2024-07-01,2025-07-01,1175,Expired,0
TXN-9f8f4873,C360-100416,Life Insurance,2025-07-01,2026-07-01,1296,Active,0
TXN-1c5ed577,C360-100416,Motor Insurance,2021-07-02,2022-07-02,689,Expired,0
TXN-16bc270b,C360-100416,Motor Insurance,2022-07-02,2023-07-02,705,Expired,0
TXN-15751e91,C360-100416,Motor Insurance,2023-07-02,2024-07-01,727,Expired,1
TXN-566e177d,C360-100416,Motor Insurance,2024-07-01,2025-07-01,779,Expired,1
TXN-bb22a4de,C360-100416,Motor Insurance,2025-07-01,2026-07-01,857,Active,0
TXN-8e89b880,C360-100416,Accidental Insurance,2021-07-02,2022-07-02,1027,Expired,1
TXN-01815f8a,C360-100416,Accidental Insurance,2022-07-02,2023-07-02,1046,Expired,1
TXN-a9ec6e63,C360-100416,Accidental Insurance,2023-07-02,2024-07-01,1079,Expired,0
TXN-1ca17241,C360-100416,Accidental Insurance,2024-07-01,2025-07-01,1090,Expired,0
TXN-cfdb1a6c,C360-100416,Accidental Insurance,2025-07-01,2026-07-01,1071,Active,0
TXN-35ecd722,C360-100417,Health Insurance,2021-07-02,2022-07-02,1383,Expired,0
TXN-f23d5a0b,C360-100417,Health Insurance,2022-07-02,2023-07-02,1403,Expired,0
TXN-0dd62106,C360-100417,Health Insurance,2023-07-02,2024-07-01,1453,Expired,0
TXN-17baf8b9,C360-100417,Health Insurance,2024-07-01,2025-07-01,1419,Expired,0
TXN-f77212da,C360-100417,Health Insurance,2025-07-01,2026-07-01,1507,Active,0
TXN-1994b96c,C360-100418,Health Insurance,2021-07-02,2022-07-02,734,Expired,0
TXN-0e39486e,C360-100418,Health Insurance,2022-07-02,2023-07-02,761,Expired,0
TXN-f2c1477b,C360-100418,Health Insurance,2023-07-02,2024-07-01,808,Expired,0
TXN-bedb6d91,C360-100418,Health Insurance,2024-07-01,2025-07-01,857,Expired,0
TXN-cdb56c8a,C360-100418,Health Insurance,2025-07-01,2026-07-01,842,Active,0
TXN-75d2dceb,C360-100419,Motor Insurance,2021-07-02,2022-07-02,1004,Expired,1
TXN-726ca38a,C360-100419,Motor Insurance,2022-07-02,2023-07-02,1050,Expired,0
TXN-d8704a24,C360-100419,Motor Insurance,2023-07-02,2024-07-01,1036,Expired,0
TXN-ce926e53,C360-100419,Motor Insurance,2024-07-01,2025-07-01,1118,Expired,1
TXN-5b1c6bb8,C360-100419,Motor Insurance,2025-07-01,2026-07-01,1048,Active,0
TXN-5e9298b4,C360-100420,Accidental Insurance,2021-07-02,2022-07-02,637,Expired,1
TXN-1c63c49d,C360-100420,Accidental Insurance,2022-07-02,2023-07-02,670,Expired,1
TXN-7779b0b4,C360-100420,Accidental Insurance,2023-07-02,2024-07-01,669,Expired,0
TXN-7bee02da,C360-100420,Accidental Insurance,2024-07-01,2025-07-01,673,Expired,0
TXN-b1066e70,C360-100420,Accidental Insurance,2025-07-01,2026-07-01,825,Active,0
TXN-0d8320f8,C360-100421,Motor Insurance,2021-07-02,2022-07-02,652,Expired,0
TXN-5dc7f770,C360-100421,Motor Insurance,2022-07-02,2023-07-02,690,Expired,1
TXN-a0946a1a,C360-100421,Motor Insurance,2023-07-02,2024-07-01,740,Expired,1
TXN-2bd70923,C360-100421,Motor Insurance,2024-07-01,2025-07-01,766,Expired,0
TXN-fb1b435a,C360-100421,Motor Insurance,2025-07-01,2026-07-01,720,Active,0
TXN-57a52299,C360-100421,Health Insurance,2021-07-02,2022-07-02,619,Expired,0
TXN-19aca9b1,C360-100421,Health Insurance,2022-07-02,2023-07-02,635,Expired,0
TXN-71ff6cdf,C360-100421,Health Insurance,2023-07-02,2024-07-01,711,Expired,0
TXN-5da7b904,C360-100421,Health Insurance,2024-07-01,2025-07-01,721,Expired,0
TXN-a4b05075,C360-100421,Health Insurance,2025-07-01,2026-07-01,759,Active,0
TXN-64cd423e,C360-100422,Health Insurance,2021-07-02,2022-07-02,598,Expired,2
TXN-f69a53f8,C360-100422,Accidental Insurance,2021-07-02,2022-07-02,306,Expired,1
TXN-cb4f8c2c,C360-100422,Accidental Insurance,2022-07-02,2023-07-02,337,Expired,1
TXN-40b55ff0,C360-100422,Accidental Insurance,2023-07-02,2024-07-01,334,Expired,0
TXN-504cf23e,C360-100422,Accidental Insurance,2024-07-01,2025-07-01,411,Expired,0
TXN-184b29d3,C360-100422,Accidental Insurance,2025-07-01,2026-07-01,346,Cancelled,1
TXN-bd7f1042,C360-100423,Health Insurance,2021-07-02,2022-07-02,313,Expired,0
TXN-87486418,C360-100423,Health Insurance,2022-07-02,2023-07-02,326,Expired,0
TXN-09cd2049,C360-100423,Health Insurance,2023-07-02,2024-07-01,379,Expired,0
TXN-677319c2,C360-100423,Health Insurance,2024-07-01,2025-07-01,394,Expired,0
TXN-569c7f71,C360-100423,Health Insurance,2025-07-01,2026-07-01,429,Active,0
TXN-56fc60f5,C360-100423,Life Insurance,2021-07-02,2022-07-02,1407,Expired,0
TXN-1dc61fd1,C360-100423,Life Insurance,2022-07-02,2023-07-02,1440,Expired,1
TXN-63cc1c41,C360-100423,Life Insurance,2023-07-02,2024-07-01,1501,Expired,0
TXN-66b223b8,C360-100423,Life Insurance,2024-07-01,2025-07-01,1467,Expired,0
TXN-1c4bc86c,C360-100423,Life Insurance,2025-07-01,2026-07-01,1575,Active,0
TXN-3ca40c98,C360-100423,Motor Insurance,2021-07-02,2022-07-02,1390,Expired,0
TXN-33750e6c,C360-100423,Motor Insurance,2022-07-02,2023-07-02,1416,Expired,0
TXN-bac98c85,C360-100423,Motor Insurance,2023-07-02,2024-07-01,1484,Expired,0
TXN-c18e543a,C360-100423,Motor Insurance,2024-07-01,2025-07-01,1480,Expired,1
TXN-13140d78,C360-100423,Motor Insurance,2025-07-01,2026-07-01,1470,Active,0
TXN-f6607484,C360-100423,Accidental Insurance,2021-07-02,2022-07-02,982,Expired,0
TXN-73b64176,C360-100423,Accidental Insurance,2022-07-02,2023-07-02,1004,Expired,0
TXN-1306cce6,C360-100423,Accidental Insurance,2023-07-02,2024-07-01,1010,Expired,0
TXN-c604b1e8,C360-100423,Accidental Insurance,2024-07-01,2025-07-01,1129,Expired,0
TXN-147ed96e,C360-100423,Accidental Insurance,2025-07-01,2026-07-01,1082,Active,1
TXN-c7d9cf96,C360-100424,Health Insurance,2021-07-02,2022-07-02,1206,Expired,0
TXN-0c336b24,C360-100424,Health Insurance,2022-07-02,2023-07-02,1217,Expired,0
TXN-4b6ec792,C360-100424,Life Insurance,2021-07-02,2022-07-02,1441,Expired,0
TXN-a182ec1c,C360-100424,Life Insurance,2022-07-02,2023-07-02,1472,Expired,0
TXN-daf08986,C360-100424,Motor Insurance,2021-07-02,2022-07-02,1226,Expired,0
TXN-9fdb0a55,C360-100424,Motor Insurance,2022-07-02,2023-07-02,1267,Expired,0
TXN-eccb1bea,C360-100424,Accidental Insurance,2021-07-02,2022-07-02,619,Expired,0
TXN-c8d683c7,C360-100425,Health Insurance,2021-07-02,2022-07-02,1207,Expired,0
TXN-3dcf9a5e,C360-100425,Health Insurance,2022-07-02,2023-07-02,1233,Expired,0
TXN-74311d42,C360-100425,Health Insurance,2023-07-02,2024-07-01,1301,Expired,0
TXN-4e2d7957,C360-100425,Health Insurance,2024-07-01,2025-07-01,1255,Expired,0
TXN-b860603a,C360-100425,Health Insurance,2025-07-01,2026-07-01,1251,Active,1
TXN-2987d75f,C360-100426,Life Insurance,2021-07-02,2022-07-02,1373,Expired,0
TXN-268181eb,C360-100426,Life Insurance,2022-07-02,2023-07-02,1391,Expired,0
TXN-a5e00ebc,C360-100426,Life Insurance,2023-07-02,2024-07-01,1423,Expired,0
TXN-672195e1,C360-100426,Life Insurance,2024-07-01,2025-07-01,1475,Expired,0
TXN-6860182d,C360-100426,Life Insurance,2025-07-01,2026-07-01,1445,Active,0
TXN-5eec0ae0,C360-100427,Accidental Insurance,2021-07-02,2022-07-02,1213,Expired,0
TXN-de0d039f,C360-100427,Accidental Insurance,2022-07-02,2023-07-02,1243,Expired,0
TXN-d8d39883,C360-100427,Accidental Insurance,2023-07-02,2024-07-01,1309,Expired,0
TXN-01687020,C360-100427,Accidental Insurance,2024-07-01,2025-07-01,1330,Expired,1
TXN-f4c4652e,C360-100427,Accidental Insurance,2025-07-01,2026-07-01,1369,Cancelled,1
TXN-00c43cd0,C360-100428,Motor Insurance,2021-07-02,2022-07-02,1340,Expired,0
TXN-7c42f3e6,C360-100428,Motor Insurance,2022-07-02,2023-07-02,1383,Expired,0
TXN-06e678ef,C360-100428,Motor Insurance,2023-07-02,2024-07-01,1364,Expired,0
TXN-8e3161a9,C360-100428,Motor Insurance,2024-07-01,2025-07-01,1421,Expired,0
TXN-87872685,C360-100428,Motor Insurance,2025-07-01,2026-07-01,1464,Active,0
TXN-75ae9ce1,C360-100428,Accidental Insurance,2021-07-02,2022-07-02,560,Expired,0
TXN-1335b750,C360-100428,Accidental Insurance,2022-07-02,2023-07-02,575,Expired,0
TXN-8fbdcbac,C360-100428,Accidental Insurance,2023-07-02,2024-07-01,610,Expired,0
TXN-1de7fd06,C360-100428,Accidental Insurance,2024-07-01,2025-07-01,704,Expired,0
TXN-fd5d77bd,C360-100428,Accidental Insurance,2025-07-01,2026-07-01,604,Active,0
TXN-f39d54bc,C360-100429,Life Insurance,2021-07-02,2022-07-02,410,Expired,0
TXN-99e3840a,C360-100429,Life Insurance,2022-07-02,2023-07-02,432,Expired,0
TXN-25e8ee02,C360-100429,Life Insurance,2023-07-02,2024-07-01,462,Expired,0
TXN-8a1f1777,C360-100429,Life Insurance,2024-07-01,2025-07-01,536,Expired,0
TXN-b0eba9a6,C360-100429,Life Insurance,2025-07-01,2026-07-01,494,Active,0
TXN-324c1a62,C360-100430,Life Insurance,2021-07-02,2022-07-02,981,Expired,0
TXN-c89aab66,C360-100430,Life Insurance,2022-07-02,2023-07-02,1025,Expired,0
TXN-ba4fcd8f,C360-100430,Life Insurance,2023-07-02,2024-07-01,1003,Expired,0
TXN-6c8dc632,C360-100430,Life Insurance,2024-07-01,2025-07-01,1086,Expired,0
TXN-f5faebd7,C360-100430,Life Insurance,2025-07-01,2026-07-01,1105,Cancelled,0
TXN-447b3ebf,C360-100431,Life Insurance,2021-07-02,2022-07-02,1227,Expired,0
TXN-a0bd6898,C360-100431,Life Insurance,2022-07-02,2023-07-02,1268,Expired,0
TXN-147f8c38,C360-100431,Accidental Insurance,2021-07-02,2022-07-02,1031,Expired,0
TXN-4e18f08e,C360-100431,Accidental Insurance,2022-07-02,2023-07-02,1077,Expired,0
TXN-ee7e9fef,C360-100431,Accidental Insurance,2023-07-02,2024-07-01,1089,Expired,0
TXN-0e39bc52,C360-100432,Accidental Insurance,2021-07-02,2022-07-02,380,Expired,0
TXN-3cdc2be6,C360-100432,Accidental Insurance,2022-07-02,2023-07-02,415,Expired,0
TXN-5662cf6c,C360-100432,Accidental Insurance,2023-07-02,2024-07-01,414,Expired,2
TXN-5192f462,C360-100432,Accidental Insurance,2024-07-01,2025-07-01,419,Expired,0
TXN-72b820d0,C360-100432,Accidental Insurance,2025-07-01,2026-07-01,436,Active,0
TXN-3455e348,C360-100432,Health Insurance,2021-07-02,2022-07-02,331,Expired,0
TXN-78e4eed3,C360-100432,Health Insurance,2022-07-02,2023-07-02,379,Expired,0
TXN-0dc1410e,C360-100432,Health Insurance,2023-07-02,2024-07-01,413,Expired,0
TXN-156ba77e,C360-100432,Health Insurance,2024-07-01,2025-07-01,388,Expired,0
TXN-d00acb39,C360-100432,Health Insurance,2025-07-01,2026-07-01,463,Active,0
TXN-8ba076b5,C360-100433,Health Insurance,2021-07-02,2022-07-02,1306,Expired,0
TXN-9fb0b749,C360-100434,Life Insurance,2021-07-02,2022-07-02,1015,Expired,0
TXN-28e9a4eb,C360-100434,Life Insurance,2022-07-02,2023-07-02,1046,Expired,0
TXN-e76cc45b,C360-100434,Life Insurance,2023-07-02,2024-07-01,1079,Expired,0
TXN-d0595dac,C360-100434,Life Insurance,2024-07-01,2025-07-01,1069,Expired,1
TXN-8c41e9d0,C360-100434,Life Insurance,2025-07-01,2026-07-01,1075,Active,0
TXN-45cf3d7b,C360-100434,Accidental Insurance,2021-07-02,2022-07-02,926,Expired,0
TXN-166a195a,C360-100434,Accidental Insurance,2022-07-02,2023-07-02,962,Expired,0
TXN-6f30baa0,C360-100434,Accidental Insurance,2023-07-02,2024-07-01,990,Expired,0
TXN-0d8d5dac,C360-100434,Accidental Insurance,2024-07-01,2025-07-01,1070,Expired,0
TXN-8f3778ef,C360-100434,Accidental Insurance,2025-07-01,2026-07-01,982,Active,0
TXN-320652bb,C360-100435,Health Insurance,2021-07-02,2022-07-02,786,Expired,0
TXN-5d34ade4,C360-100435,Life Insurance,2021-07-02,2022-07-02,410,Expired,0
TXN-8d0f9acc,C360-100435,Life Insurance,2022-07-02,2023-07-02,428,Expired,1
TXN-30975880,C360-100435,Life Insurance,2023-07-02,2024-07-01,504,Expired,0
TXN-db4f2d9f,C360-100435,Accidental Insurance,2021-07-02,2022-07-02,1160,Expired,0
TXN-f927cb61,C360-100436,Accidental Insurance,2021-07-02,2022-07-02,1207,Expired,0
TXN-df078a3b,C360-100436,Accidental Insurance,2022-07-02,2023-07-02,1247,Expired,0
TXN-53569c7f,C360-100436,Accidental Insurance,2023-07-02,2024-07-01,1277,Expired,1
TXN-3958c04e,C360-100436,Accidental Insurance,2024-07-01,2025-07-01,1270,Expired,0
TXN-e3343eb8,C360-100436,Accidental Insurance,2025-07-01,2026-07-01,1343,Active,0
TXN-ce04f2b2,C360-100437,Motor Insurance,2021-07-02,2022-07-02,404,Expired,0
TXN-ac1a82ae,C360-100437,Motor Insurance,2022-07-02,2023-07-02,419,Expired,2
TXN-bbcadd3c,C360-100437,Life Insurance,2021-07-02,2022-07-02,949,Expired,0
TXN-80dddf8e,C360-100437,Life Insurance,2022-07-02,2023-07-02,995,Expired,0
TXN-7d411e77,C360-100437,Life Insurance,2023-07-02,2024-07-01,979,Expired,0
TXN-1059640e,C360-100437,Life Insurance,2024-07-01,2025-07-01,1006,Expired,0
TXN-59d3bda5,C360-100437,Life Insurance,2025-07-01,2026-07-01,1005,Active,1
TXN-4ef0d4c1,C360-100438,Health Insurance,2021-07-02,2022-07-02,448,Expired,0
TXN-23e4f728,C360-100438,Health Insurance,2022-07-02,2023-07-02,464,Expired,0
TXN-86eaa37b,C360-100438,Health Insurance,2023-07-02,2024-07-01,524,Expired,0
TXN-41ee8d73,C360-100438,Health Insurance,2024-07-01,2025-07-01,583,Expired,0
TXN-249bb1df,C360-100438,Health Insurance,2025-07-01,2026-07-01,520,Active,0
TXN-d9499332,C360-100438,Accidental Insurance,2021-07-02,2022-07-02,466,Expired,0
TXN-25c8797d,C360-100438,Accidental Insurance,2022-07-02,2023-07-02,506,Expired,2
TXN-a1c480fe,C360-100438,Accidental Insurance,2023-07-02,2024-07-01,524,Expired,0
TXN-4922dca6,C360-100438,Accidental Insurance,2024-07-01,2025-07-01,571,Expired,0
TXN-893c70c8,C360-100438,Accidental Insurance,2025-07-01,2026-07-01,542,Active,0
TXN-f13c0f46,C360-100439,Health Insurance,2021-07-02,2022-07-02,1175,Expired,0
TXN-1ddfea32,C360-100439,Health Insurance,2022-07-02,2023-07-02,1188,Expired,1
TXN-d3903743,C360-100439,Health Insurance,2023-07-02,2024-07-01,1267,Expired,0
TXN-a3832e80,C360-100439,Health Insurance,2024-07-01,2025-07-01,1259,Expired,0
TXN-5fb774cd,C360-100439,Health Insurance,2025-07-01,2026-07-01,1235,Active,0
TXN-93c725af,C360-100439,Motor Insurance,2021-07-02,2022-07-02,597,Expired,0
TXN-83e5bfa3,C360-100439,Motor Insurance,2022-07-02,2023-07-02,633,Expired,0
TXN-9a60c1b2,C360-100439,Motor Insurance,2023-07-02,2024-07-01,631,Expired,0
TXN-6ee815b5,C360-100439,Motor Insurance,2024-07-01,2025-07-01,669,Expired,1
TXN-57f57534,C360-100439,Motor Insurance,2025-07-01,2026-07-01,793,Cancelled,0
TXN-a490cfd9,C360-100439,Accidental Insurance,2021-07-02,2022-07-02,1310,Expired,0
TXN-b1d18e7e,C360-100439,Accidental Insurance,2022-07-02,2023-07-02,1358,Expired,0
TXN-b1a61d32,C360-100439,Accidental Insurance,2023-07-02,2024-07-01,1410,Expired,0
TXN-b7180328,C360-100439,Accidental Insurance,2024-07-01,2025-07-01,1400,Expired,0
TXN-2ce2c18e,C360-100439,Accidental Insurance,2025-07-01,2026-07-01,1458,Active,0
TXN-b965af2a,C360-100440,Health Insurance,2021-07-02,2022-07-02,383,Expired,1
TXN-86d90865,C360-100440,Health Insurance,2022-07-02,2023-07-02,419,Expired,0
TXN-e67c51ad,C360-100440,Health Insurance,2023-07-02,2024-07-01,467,Expired,1
TXN-4ed7cb99,C360-100440,Health Insurance,2024-07-01,2025-07-01,440,Expired,2
TXN-02218869,C360-100440,Health Insurance,2025-07-01,2026-07-01,503,Active,0
TXN-c809bd01,C360-100440,Life Insurance,2021-07-02,2022-07-02,1271,Expired,0
TXN-3ae275c0,C360-100440,Life Insurance,2022-07-02,2023-07-02,1295,Expired,0
TXN-3d24372f,C360-100440,Life Insurance,2023-07-02,2024-07-01,1309,Expired,0
TXN-81624e82,C360-100440,Life Insurance,2024-07-01,2025-07-01,1325,Expired,0
TXN-2029b57a,C360-100440,Life Insurance,2025-07-01,2026-07-01,1411,Active,0
TXN-035aea44,C360-100440,Motor Insurance,2021-07-02,2022-07-02,647,Expired,0
TXN-35899b69,C360-100440,Motor Insurance,2022-07-02,2023-07-02,694,Expired,0
TXN-38fc9f64,C360-100440,Motor Insurance,2023-07-02,2024-07-01,703,Expired,2
TXN-4cbc34ca,C360-100440,Motor Insurance,2024-07-01,2025-07-01,770,Expired,2
TXN-aea741b3,C360-100440,Motor Insurance,2025-07-01,2026-07-01,779,Active,0
TXN-04b21ac0,C360-100440,Accidental Insurance,2021-07-02,2022-07-02,732,Expired,0
TXN-ea89b425,C360-100440,Accidental Insurance,2022-07-02,2023-07-02,766,Expired,1
TXN-6adfc3b3,C360-100440,Accidental Insurance,2023-07-02,2024-07-01,772,Expired,0
TXN-962e0a70,C360-100440,Accidental Insurance,2024-07-01,2025-07-01,882,Expired,0
TXN-50f14d03,C360-100440,Accidental Insurance,2025-07-01,2026-07-01,932,Active,0
TXN-3fe97e9e,C360-100443,Health Insurance,2021-07-02,2022-07-02,1349,Expired,1
TXN-33f3a147,C360-100443,Life Insurance,2021-07-02,2022-07-02,1306,Expired,0
TXN-19329d9d,C360-100443,Life Insurance,2022-07-02,2023-07-02,1330,Expired,0
TXN-7a9c152a,C360-100443,Life Insurance,2023-07-02,2024-07-01,1334,Expired,0
TXN-51c86af5,C360-100443,Life Insurance,2024-07-01,2025-07-01,1366,Expired,0
TXN-edc54c62,C360-100443,Life Insurance,2025-07-01,2026-07-01,1490,Active,0
TXN-c52f21b1,C360-100443,Motor Insurance,2021-07-02,2022-07-02,727,Expired,0
TXN-3546bd98,C360-100443,Motor Insurance,2022-07-02,2023-07-02,746,Expired,0
TXN-9f8dd624,C360-100443,Motor Insurance,2023-07-02,2024-07-01,797,Expired,0
TXN-0fa223c9,C360-100443,Motor Insurance,2024-07-01,2025-07-01,865,Expired,0
TXN-d5ea372a,C360-100443,Motor Insurance,2025-07-01,2026-07-01,887,Cancelled,0
TXN-85dc35e9,C360-100443,Accidental Insurance,2021-07-02,2022-07-02,860,Expired,0
TXN-53f61c1e,C360-100443,Accidental Insurance,2022-07-02,2023-07-02,877,Expired,0
TXN-53f514cd,C360-100443,Accidental Insurance,2023-07-02,2024-07-01,954,Expired,0
TXN-b94b47af,C360-100444,Life Insurance,2021-07-02,2022-07-02,637,Expired,0
TXN-7b304169,C360-100444,Life Insurance,2022-07-02,2023-07-02,681,Expired,0
TXN-e4e178c3,C360-100444,Life Insurance,2023-07-02,2024-07-01,691,Expired,0
TXN-9df7fe3f,C360-100445,Health Insurance,2021-07-02,2022-07-02,1301,Expired,1
TXN-b61ae55f,C360-100445,Health Insurance,2022-07-02,2023-07-02,1344,Expired,1
TXN-e3c80bd1,C360-100445,Health Insurance,2023-07-02,2024-07-01,1325,Expired,0
TXN-29757437,C360-100445,Health Insurance,2024-07-01,2025-07-01,1355,Expired,0
TXN-88a96830,C360-100445,Health Insurance,2025-07-01,2026-07-01,1385,Active,0
TXN-d0d90a09,C360-100445,Motor Insurance,2021-07-02,2022-07-02,529,Expired,0
TXN-f78db4f1,C360-100445,Motor Insurance,2022-07-02,2023-07-02,545,Expired,0
TXN-a5bbbc09,C360-100445,Motor Insurance,2023-07-02,2024-07-01,621,Expired,0
TXN-493ebad6,C360-100445,Motor Insurance,2024-07-01,2025-07-01,577,Expired,0
TXN-da95a6fd,C360-100445,Motor Insurance,2025-07-01,2026-07-01,721,Active,1
TXN-fe8b8938,C360-100446,Health Insurance,2021-07-02,2022-07-02,1169,Expired,0
TXN-2dd7730c,C360-100446,Health Insurance,2022-07-02,2023-07-02,1212,Expired,0
TXN-6c7807ae,C360-100446,Life Insurance,2021-07-02,2022-07-02,536,Expired,0
TXN-25eef0fb,C360-100446,Life Insurance,2022-07-02,2023-07-02,550,Expired,0
TXN-94a107e1,C360-100447,Motor Insurance,2021-07-02,2022-07-02,809,Expired,2
TXN-29ed8d7e,C360-100447,Motor Insurance,2022-07-02,2023-07-02,829,Expired,0
TXN-b9c946dd,C360-100447,Motor Insurance,2023-07-02,2024-07-01,845,Expired,0
TXN-b68a7dc8,C360-100447,Motor Insurance,2024-07-01,2025-07-01,845,Expired,0
TXN-9cf95004,C360-100447,Motor Insurance,2025-07-01,2026-07-01,901,Active,1
TXN-03a17b0f,C360-100447,Accidental Insurance,2021-07-02,2022-07-02,1054,Expired,0
TXN-e4e37d9e,C360-100447,Accidental Insurance,2022-07-02,2023-07-02,1084,Expired,0
TXN-4ebd9ae0,C360-100447,Accidental Insurance,2023-07-02,2024-07-01,1080,Expired,0
TXN-2ed1dc28,C360-100447,Accidental Insurance,2024-07-01,2025-07-01,1117,Expired,1
TXN-d53c3c28,C360-100447,Accidental Insurance,2025-07-01,2026-07-01,1118,Active,0
TXN-fda21b9f,C360-100448,Health Insurance,2021-07-02,2022-07-02,697,Expired,0
TXN-a9257eb5,C360-100448,Health Insurance,2022-07-02,2023-07-02,712,Expired,0
TXN-0196aa39,C360-100448,Health Insurance,2023-07-02,2024-07-01,747,Expired,0
TXN-4ae0e175,C360-100448,Accidental Insurance,2021-07-02,2022-07-02,332,Expired,0
TXN-0ca43181,C360-100448,Accidental Insurance,2022-07-02,2023-07-02,363,Expired,0
TXN-74fd560d,C360-100450,Health Insurance,2021-07-02,2022-07-02,928,Expired,0
TXN-2de3078a,C360-100450,Health Insurance,2022-07-02,2023-07-02,973,Expired,1
TXN-cea07d1e,C360-100450,Health Insurance,2023-07-02,2024-07-01,956,Expired,0
TXN-eba13f2f,C360-100450,Health Insurance,2024-07-01,2025-07-01,1045,Expired,0
TXN-069694d1,C360-100450,Health Insurance,2025-07-01,2026-07-01,1080,Active,1
TXN-d8ec523a,C360-100450,Life Insurance,2021-07-02,2022-07-02,497,Expired,0
TXN-6351b8e3,C360-100450,Life Insurance,2022-07-02,2023-07-02,532,Expired,1
TXN-3dedee11,C360-100450,Life Insurance,2023-07-02,2024-07-01,543,Expired,0
TXN-5a6501c1,C360-100450,Life Insurance,2024-07-01,2025-07-01,578,Expired,1
TXN-f13dfbbd,C360-100450,Life Insurance,2025-07-01,2026-07-01,669,Active,0
TXN-1cc30e42,C360-100450,Motor Insurance,2021-07-02,2022-07-02,530,Expired,0
TXN-c13a03d6,C360-100450,Motor Insurance,2022-07-02,2023-07-02,545,Expired,0
TXN-146d3fa7,C360-100450,Motor Insurance,2023-07-02,2024-07-01,574,Expired,1
TXN-228af7dd,C360-100450,Motor Insurance,2024-07-01,2025-07-01,659,Expired,0
TXN-c6b81aff,C360-100450,Motor Insurance,2025-07-01,2026-07-01,658,Active,0
TXN-f0ab9c68,C360-100450,Accidental Insurance,2021-07-02,2022-07-02,917,Expired,0
TXN-a7a042d7,C360-100450,Accidental Insurance,2022-07-02,2023-07-02,940,Expired,0
TXN-f053d74e,C360-100450,Accidental Insurance,2023-07-02,2024-07-01,977,Expired,2
TXN-4f1d0dd8,C360-100450,Accidental Insurance,2024-07-01,2025-07-01,1055,Expired,1
TXN-5fec7266,C360-100450,Accidental Insurance,2025-07-01,2026-07-01,1089,Active,0
TXN-6abc21ff,C360-100451,Motor Insurance,2021-07-02,2022-07-02,1109,Expired,1
TXN-5987191c,C360-100451,Motor Insurance,2022-07-02,2023-07-02,1133,Expired,0
TXN-276d3472,C360-100451,Motor Insurance,2023-07-02,2024-07-01,1141,Expired,0
TXN-0e4d0a42,C360-100451,Motor Insurance,2024-07-01,2025-07-01,1211,Expired,2
TXN-32fcf4a4,C360-100451,Motor Insurance,2025-07-01,2026-07-01,1165,Active,0
TXN-1ccf4cdf,C360-100451,Health Insurance,2021-07-02,2022-07-02,1409,Expired,0
TXN-0b25200f,C360-100451,Health Insurance,2022-07-02,2023-07-02,1431,Expired,0
TXN-3702c73a,C360-100451,Health Insurance,2023-07-02,2024-07-01,1495,Expired,0
TXN-7d81937d,C360-100451,Health Insurance,2024-07-01,2025-07-01,1493,Expired,0
TXN-fa0079d5,C360-100451,Health Insurance,2025-07-01,2026-07-01,1521,Active,2
TXN-6af9aba0,C360-100452,Health Insurance,2021-07-02,2022-07-02,1477,Expired,0
TXN-2ad55183,C360-100452,Health Insurance,2022-07-02,2023-07-02,1508,Expired,0
TXN-41646326,C360-100452,Health Insurance,2023-07-02,2024-07-01,1501,Expired,0
TXN-bce01d4e,C360-100452,Health Insurance,2024-07-01,2025-07-01,1531,Expired,0
TXN-ca560468,C360-100452,Health Insurance,2025-07-01,2026-07-01,1605,Active,1
TXN-ddabe5dd,C360-100453,Health Insurance,2021-07-02,2022-07-02,885,Expired,0
TXN-12a9df1c,C360-100453,Health Insurance,2022-07-02,2023-07-02,912,Expired,0
TXN-7e27a040,C360-100453,Health Insurance,2023-07-02,2024-07-01,943,Expired,0
TXN-55f4abe2,C360-100453,Health Insurance,2024-07-01,2025-07-01,930,Expired,1
TXN-09f38d8c,C360-100453,Health Insurance,2025-07-01,2026-07-01,977,Active,2
TXN-b01de22b,C360-100453,Life Insurance,2021-07-02,2022-07-02,330,Expired,0
TXN-f5723251,C360-100453,Life Insurance,2022-07-02,2023-07-02,352,Expired,0
TXN-6cbb4e7a,C360-100453,Life Insurance,2023-07-02,2024-07-01,428,Expired,1
TXN-81038d54,C360-100453,Life Insurance,2024-07-01,2025-07-01,393,Expired,0
TXN-d1cc76c9,C360-100453,Life Insurance,2025-07-01,2026-07-01,482,Active,0
TXN-f8fcfa24,C360-100453,Motor Insurance,2021-07-02,2022-07-02,854,Expired,1
TXN-f8f97f8b,C360-100453,Motor Insurance,2022-07-02,2023-07-02,899,Expired,0
TXN-c56cd4e6,C360-100453,Motor Insurance,2023-07-02,2024-07-01,890,Expired,0
TXN-8524a897,C360-100453,Motor Insurance,2024-07-01,2025-07-01,884,Expired,0
TXN-2708c163,C360-100453,Motor Insurance,2025-07-01,2026-07-01,918,Active,0
TXN-83ff45d0,C360-100453,Accidental Insurance,2021-07-02,2022-07-02,893,Expired,0
TXN-3db2183a,C360-100453,Accidental Insurance,2022-07-02,2023-07-02,911,Expired,0
TXN-e544b4c2,C360-100453,Accidental Insurance,2023-07-02,2024-07-01,935,Expired,1
TXN-218d2b45,C360-100453,Accidental Insurance,2024-07-01,2025-07-01,989,Expired,0
TXN-4bf8114c,C360-100453,Accidental Insurance,2025-07-01,2026-07-01,945,Active,0
TXN-a96dfc55,C360-100454,Accidental Insurance,2021-07-02,2022-07-02,991,Expired,0
TXN-b527ca9d,C360-100454,Accidental Insurance,2022-07-02,2023-07-02,1034,Expired,0
TXN-6f5e1a1d,C360-100454,Accidental Insurance,2023-07-02,2024-07-01,1087,Expired,1
TXN-ccb4f09f,C360-100454,Accidental Insurance,2024-07-01,2025-07-01,1051,Expired,2
TXN-5592f934,C360-100454,Accidental Insurance,2025-07-01,2026-07-01,1091,Active,1
TXN-04ff6418,C360-100455,Health Insurance,2021-07-02,2022-07-02,329,Expired,0
TXN-970accac,C360-100455,Health Insurance,2022-07-02,2023-07-02,352,Expired,0
TXN-be3424e5,C360-100455,Health Insurance,2023-07-02,2024-07-01,429,Expired,0
TXN-1d22b2b2,C360-100455,Health Insurance,2024-07-01,2025-07-01,449,Expired,0
TXN-e6a2e755,C360-100455,Health Insurance,2025-07-01,2026-07-01,417,Active,0
TXN-3170f7c9,C360-100455,Life Insurance,2021-07-02,2022-07-02,579,Expired,1
TXN-e1d1ab80,C360-100455,Life Insurance,2022-07-02,2023-07-02,593,Expired,0
TXN-fb64863b,C360-100455,Life Insurance,2023-07-02,2024-07-01,671,Expired,1
TXN-0d40aca5,C360-100455,Life Insurance,2024-07-01,2025-07-01,651,Expired,0
TXN-a72c3322,C360-100455,Life Insurance,2025-07-01,2026-07-01,687,Active,0
TXN-3e3fc670,C360-100455,Motor Insurance,2021-07-02,2022-07-02,1372,Expired,0
TXN-61e5415f,C360-100455,Motor Insurance,2022-07-02,2023-07-02,1405,Expired,0
TXN-5b2fd095,C360-100455,Motor Insurance,2023-07-02,2024-07-01,1416,Expired,0
TXN-e7483b1d,C360-100455,Motor Insurance,2024-07-01,2025-07-01,1417,Expired,1
TXN-8b9d6ab2,C360-100455,Motor Insurance,2025-07-01,2026-07-01,1452,Active,0
TXN-650be4be,C360-100455,Accidental Insurance,2021-07-02,2022-07-02,883,Expired,0
TXN-543434e4,C360-100455,Accidental Insurance,2022-07-02,2023-07-02,903,Expired,0
TXN-6c787155,C360-100455,Accidental Insurance,2023-07-02,2024-07-01,981,Expired,1
TXN-71b1a21f,C360-100455,Accidental Insurance,2024-07-01,2025-07-01,949,Expired,0
TXN-8211ad09,C360-100455,Accidental Insurance,2025-07-01,2026-07-01,1043,Active,1
TXN-3068dc69,C360-100456,Health Insurance,2021-07-02,2022-07-02,1089,Expired,0
TXN-a3fe36c4,C360-100456,Health Insurance,2022-07-02,2023-07-02,1135,Expired,0
TXN-16036a7b,C360-100456,Health Insurance,2023-07-02,2024-07-01,1181,Expired,1
TXN-85be647c,C360-100456,Health Insurance,2024-07-01,2025-07-01,1203,Expired,0
TXN-5d8d4c4b,C360-100456,Health Insurance,2025-07-01,2026-07-01,1137,Active,0
TXN-1dd83193,C360-100456,Life Insurance,2021-07-02,2022-07-02,382,Expired,1
TXN-d58cefcd,C360-100456,Life Insurance,2022-07-02,2023-07-02,410,Expired,0
TXN-61de764a,C360-100456,Life Insurance,2023-07-02,2024-07-01,432,Expired,0
TXN-002c0aec,C360-100456,Life Insurance,2024-07-01,2025-07-01,466,Expired,0
TXN-44367543,C360-100456,Life Insurance,2025-07-01,2026-07-01,530,Active,0
TXN-5c84c14a,C360-100456,Motor Insurance,2021-07-02,2022-07-02,461,Expired,0
TXN-576a771b,C360-100456,Motor Insurance,2022-07-02,2023-07-02,495,Expired,0
TXN-014b82ad,C360-100456,Motor Insurance,2023-07-02,2024-07-01,541,Expired,0
TXN-b975dee3,C360-100456,Motor Insurance,2024-07-01,2025-07-01,575,Expired,0
TXN-6bfc3a36,C360-100456,Motor Insurance,2025-07-01,2026-07-01,621,Active,0
TXN-ab8e3a2e,C360-100456,Accidental Insurance,2021-07-02,2022-07-02,1117,Expired,0
TXN-4f0d7e8f,C360-100456,Accidental Insurance,2022-07-02,2023-07-02,1159,Expired,2
TXN-c22819dd,C360-100456,Accidental Insurance,2023-07-02,2024-07-01,1143,Expired,0
TXN-b5fc8af4,C360-100456,Accidental Insurance,2024-07-01,2025-07-01,1264,Expired,1
TXN-021e5144,C360-100456,Accidental Insurance,2025-07-01,2026-07-01,1301,Active,1
TXN-561d7479,C360-100458,Health Insurance,2021-07-02,2022-07-02,832,Expired,0
TXN-38944190,C360-100458,Health Insurance,2022-07-02,2023-07-02,856,Expired,0
TXN-eb642d04,C360-100458,Health Insurance,2023-07-02,2024-07-01,866,Expired,0
TXN-442d2496,C360-100458,Health Insurance,2024-07-01,2025-07-01,886,Expired,0
TXN-8940465f,C360-100458,Health Insurance,2025-07-01,2026-07-01,1020,Active,0
TXN-6dd40bc6,C360-100458,Life Insurance,2021-07-02,2022-07-02,1415,Expired,0
TXN-f7ca0637,C360-100458,Life Insurance,2022-07-02,2023-07-02,1457,Expired,0
TXN-ed81005b,C360-100458,Life Insurance,2023-07-02,2024-07-01,1489,Expired,0
TXN-d27dad21,C360-100458,Life Insurance,2024-07-01,2025-07-01,1562,Expired,0
TXN-c7d5c48d,C360-100458,Life Insurance,2025-07-01,2026-07-01,1455,Active,0
TXN-5442ef6e,C360-100458,Motor Insurance,2021-07-02,2022-07-02,1304,Expired,1
TXN-92a2b818,C360-100458,Motor Insurance,2022-07-02,2023-07-02,1317,Expired,0
TXN-c1db78ae,C360-100458,Motor Insurance,2023-07-02,2024-07-01,1352,Expired,0
TXN-a5a8967f,C360-100458,Motor Insurance,2024-07-01,2025-07-01,1409,Expired,0
TXN-c738c680,C360-100458,Motor Insurance,2025-07-01,2026-07-01,1432,Active,0
TXN-e3a5cb92,C360-100458,Accidental Insurance,2021-07-02,2022-07-02,1274,Expired,0
TXN-e873f04e,C360-100458,Accidental Insurance,2022-07-02,2023-07-02,1296,Expired,0
TXN-c3170f61,C360-100458,Accidental Insurance,2023-07-02,2024-07-01,1344,Expired,0
TXN-98b4e166,C360-100458,Accidental Insurance,2024-07-01,2025-07-01,1349,Expired,0
TXN-08c45f0a,C360-100458,Accidental Insurance,2025-07-01,2026-07-01,1442,Active,1
TXN-05da1c9a,C360-100459,Accidental Insurance,2021-07-02,2022-07-02,1418,Expired,0
TXN-2c2b4232,C360-100459,Accidental Insurance,2022-07-02,2023-07-02,1449,Expired,0
TXN-452137b1,C360-100459,Accidental Insurance,2023-07-02,2024-07-01,1450,Expired,0
TXN-b2c02bb7,C360-100459,Accidental Insurance,2024-07-01,2025-07-01,1502,Expired,1
TXN-194f2d11,C360-100459,Accidental Insurance,2025-07-01,2026-07-01,1578,Active,0
TXN-387d2773,C360-100459,Life Insurance,2021-07-02,2022-07-02,1397,Expired,1
TXN-677ba931,C360-100459,Life Insurance,2022-07-02,2023-07-02,1427,Expired,0
TXN-1d3a9654,C360-100459,Life Insurance,2023-07-02,2024-07-01,1429,Expired,1
TXN-5c22ed90,C360-100459,Life Insurance,2024-07-01,2025-07-01,1445,Expired,0
TXN-416d6d31,C360-100459,Life Insurance,2025-07-01,2026-07-01,1445,Active,0
TXN-e4d1e118,C360-100460,Accidental Insurance,2021-07-02,2022-07-02,347,Expired,0
TXN-c2af4f61,C360-100460,Accidental Insurance,2022-07-02,2023-07-02,364,Expired,1
TXN-842b1de2,C360-100460,Accidental Insurance,2023-07-02,2024-07-01,417,Expired,0
TXN-cdf91358,C360-100460,Accidental Insurance,2024-07-01,2025-07-01,419,Expired,0
TXN-3645c8c7,C360-100460,Accidental Insurance,2025-07-01,2026-07-01,535,Active,0
TXN-ae99afe3,C360-100460,Life Insurance,2021-07-02,2022-07-02,735,Expired,0
TXN-128f81e8,C360-100460,Life Insurance,2022-07-02,2023-07-02,769,Expired,0
TXN-23c54ccf,C360-100460,Life Insurance,2023-07-02,2024-07-01,819,Expired,0
TXN-0f68ec6d,C360-100460,Life Insurance,2024-07-01,2025-07-01,792,Expired,0
TXN-05192302,C360-100460,Life Insurance,2025-07-01,2026-07-01,803,Active,1
TXN-c3fac19a,C360-100461,Motor Insurance,2021-07-02,2022-07-02,1157,Expired,0
TXN-ecd804a0,C360-100461,Motor Insurance,2022-07-02,2023-07-02,1200,Expired,0
TXN-d85510e5,C360-100461,Motor Insurance,2023-07-02,2024-07-01,1213,Expired,0
TXN-0086e9a7,C360-100462,Life Insurance,2021-07-02,2022-07-02,1026,Expired,0
TXN-fa3b80a8,C360-100462,Life Insurance,2022-07-02,2023-07-02,1041,Expired,1
TXN-cc18cf75,C360-100462,Life Insurance,2023-07-02,2024-07-01,1100,Expired,0
TXN-944eca0e,C360-100462,Life Insurance,2024-07-01,2025-07-01,1176,Expired,0
TXN-7e0681d9,C360-100462,Life Insurance,2025-07-01,2026-07-01,1142,Active,0
TXN-6c768216,C360-100463,Life Insurance,2021-07-02,2022-07-02,1323,Expired,0
TXN-0984b0ce,C360-100463,Life Insurance,2022-07-02,2023-07-02,1349,Expired,0
TXN-e83ef67d,C360-100463,Life Insurance,2023-07-02,2024-07-01,1421,Expired,1
TXN-fef6e7b1,C360-100463,Life Insurance,2024-07-01,2025-07-01,1383,Expired,0
TXN-bede7d5a,C360-100463,Life Insurance,2025-07-01,2026-07-01,1467,Active,0
TXN-ac9681b3,C360-100463,Accidental Insurance,2021-07-02,2022-07-02,1435,Expired,0
TXN-c9100a27,C360-100463,Accidental Insurance,2022-07-02,2023-07-02,1466,Expired,1
TXN-73e3c61f,C360-100463,Accidental Insurance,2023-07-02,2024-07-01,1527,Expired,0
TXN-65edbb9b,C360-100463,Accidental Insurance,2024-07-01,2025-07-01,1558,Expired,2
TXN-b6d7d88b,C360-100463,Accidental Insurance,2025-07-01,2026-07-01,1499,Active,0
TXN-62e143a8,C360-100464,Accidental Insurance,2021-07-02,2022-07-02,1384,Expired,1
TXN-4b299cb9,C360-100464,Accidental Insurance,2022-07-02,2023-07-02,1420,Expired,0
TXN-ff21bdbe,C360-100464,Accidental Insurance,2023-07-02,2024-07-01,1484,Expired,0
TXN-579d2279,C360-100464,Accidental Insurance,2024-07-01,2025-07-01,1531,Expired,0
TXN-da321ae3,C360-100464,Accidental Insurance,2025-07-01,2026-07-01,1556,Active,0
TXN-bb3b8eda,C360-100465,Health Insurance,2021-07-02,2022-07-02,1252,Expired,0
TXN-fe9a5095,C360-100465,Health Insurance,2022-07-02,2023-07-02,1286,Expired,1
TXN-072a3a5f,C360-100465,Health Insurance,2023-07-02,2024-07-01,1340,Expired,0
TXN-e5e5488e,C360-100465,Health Insurance,2024-07-01,2025-07-01,1390,Expired,0
TXN-87379a33,C360-100465,Health Insurance,2025-07-01,2026-07-01,1408,Active,0
TXN-09359673,C360-100465,Life Insurance,2021-07-02,2022-07-02,1051,Expired,0
TXN-a03fe480,C360-100465,Life Insurance,2022-07-02,2023-07-02,1083,Expired,0
TXN-ab956aea,C360-100465,Life Insurance,2023-07-02,2024-07-01,1073,Expired,2
TXN-a4110137,C360-100465,Life Insurance,2024-07-01,2025-07-01,1165,Expired,0
TXN-60fcc0d9,C360-100465,Life Insurance,2025-07-01,2026-07-01,1095,Active,1
TXN-813eb4d6,C360-100465,Motor Insurance,2021-07-02,2022-07-02,1232,Expired,0
TXN-1ade687e,C360-100465,Motor Insurance,2022-07-02,2023-07-02,1273,Expired,2
TXN-48477756,C360-100465,Motor Insurance,2023-07-02,2024-07-01,1304,Expired,0
TXN-29c33510,C360-100465,Motor Insurance,2024-07-01,2025-07-01,1331,Expired,0
TXN-7bd2e330,C360-100465,Motor Insurance,2025-07-01,2026-07-01,1376,Active,0
TXN-cb651c1f,C360-100465,Accidental Insurance,2021-07-02,2022-07-02,530,Expired,0
TXN-cc95eded,C360-100465,Accidental Insurance,2022-07-02,2023-07-02,554,Expired,0
TXN-0b565c46,C360-100465,Accidental Insurance,2023-07-02,2024-07-01,610,Expired,0
TXN-fd7f259e,C360-100465,Accidental Insurance,2024-07-01,2025-07-01,623,Expired,0
TXN-d1928dcb,C360-100465,Accidental Insurance,2025-07-01,2026-07-01,642,Active,1
TXN-5b6acd4a,C360-100466,Health Insurance,2021-07-02,2022-07-02,535,Expired,0
TXN-a2a2e8d0,C360-100466,Health Insurance,2022-07-02,2023-07-02,555,Expired,0
TXN-bb29a00b,C360-100466,Health Insurance,2023-07-02,2024-07-01,563,Expired,0
TXN-7be67084,C360-100466,Health Insurance,2024-07-01,2025-07-01,592,Expired,0
TXN-5ba593c6,C360-100466,Health Insurance,2025-07-01,2026-07-01,731,Active,0
TXN-5927fcae,C360-100466,Life Insurance,2021-07-02,2022-07-02,317,Expired,0
TXN-ee68dd6a,C360-100466,Life Insurance,2022-07-02,2023-07-02,343,Expired,0
TXN-c2b8738e,C360-100466,Life Insurance,2023-07-02,2024-07-01,377,Expired,0
TXN-a51e6212,C360-100466,Life Insurance,2024-07-01,2025-07-01,398,Expired,0
TXN-4544d080,C360-100466,Life Insurance,2025-07-01,2026-07-01,357,Active,0
TXN-4168a245,C360-100466,Motor Insurance,2021-07-02,2022-07-02,530,Expired,2
TXN-7cb0b622,C360-100466,Motor Insurance,2022-07-02,2023-07-02,553,Expired,0
TXN-d9393fe9,C360-100466,Motor Insurance,2023-07-02,2024-07-01,612,Expired,0
TXN-8ebccbb6,C360-100466,Motor Insurance,2024-07-01,2025-07-01,623,Expired,0
TXN-07ea6da2,C360-100466,Motor Insurance,2025-07-01,2026-07-01,702,Active,0
TXN-444b995a,C360-100466,Accidental Insurance,2021-07-02,2022-07-02,693,Expired,1
TXN-f22d0ac0,C360-100466,Accidental Insurance,2022-07-02,2023-07-02,718,Expired,0
TXN-521496ae,C360-100466,Accidental Insurance,2023-07-02,2024-07-01,779,Expired,0
TXN-564bafb8,C360-100466,Accidental Insurance,2024-07-01,2025-07-01,813,Expired,0
TXN-285d7aed,C360-100466,Accidental Insurance,2025-07-01,2026-07-01,749,Active,0
TXN-76a2ba8d,C360-100467,Health Insurance,2021-07-02,2022-07-02,1430,Expired,1
TXN-0220067a,C360-100467,Health Insurance,2022-07-02,2023-07-02,1452,Expired,0
TXN-eac5d311,C360-100467,Health Insurance,2023-07-02,2024-07-01,1506,Expired,1
TXN-43bc9e8e,C360-100467,Health Insurance,2024-07-01,2025-07-01,1562,Expired,0
TXN-1105c8fa,C360-100467,Health Insurance,2025-07-01,2026-07-01,1482,Active,0
TXN-1a56d5f7,C360-100467,Life Insurance,2021-07-02,2022-07-02,305,Expired,0
TXN-e396142f,C360-100467,Life Insurance,2022-07-02,2023-07-02,339,Expired,2
TXN-c523d299,C360-100467,Life Insurance,2023-07-02,2024-07-01,353,Expired,0
TXN-04b6a8c3,C360-100467,Life Insurance,2024-07-01,2025-07-01,434,Expired,0
TXN-25f09b0a,C360-100467,Life Insurance,2025-07-01,2026-07-01,501,Cancelled,0
TXN-efbd7d35,C360-100467,Motor Insurance,2021-07-02,2022-07-02,1171,Expired,1
TXN-4806b800,C360-100467,Motor Insurance,2022-07-02,2023-07-02,1192,Expired,1
TXN-fd5cbafa,C360-100467,Motor Insurance,2023-07-02,2024-07-01,1263,Expired,0
TXN-4e9b7f75,C360-100467,Motor Insurance,2024-07-01,2025-07-01,1243,Expired,0
TXN-c225ea13,C360-100467,Motor Insurance,2025-07-01,2026-07-01,1295,Cancelled,0
TXN-65c64f9b,C360-100467,Accidental Insurance,2021-07-02,2022-07-02,392,Expired,0
TXN-743847db,C360-100467,Accidental Insurance,2022-07-02,2023-07-02,408,Expired,0
TXN-4b8c70c8,C360-100468,Accidental Insurance,2021-07-02,2022-07-02,1441,Expired,0
TXN-3fcb3d57,C360-100468,Accidental Insurance,2022-07-02,2023-07-02,1479,Expired,0
TXN-2acdf59d,C360-100468,Accidental Insurance,2023-07-02,2024-07-01,1521,Expired,0
TXN-ee691c1b,C360-100468,Accidental Insurance,2024-07-01,2025-07-01,1579,Expired,0
TXN-89f700dc,C360-100468,Accidental Insurance,2025-07-01,2026-07-01,1589,Active,1
TXN-f0bf51be,C360-100469,Accidental Insurance,2021-07-02,2022-07-02,971,Expired,0
TXN-b1b16328,C360-100469,Accidental Insurance,2022-07-02,2023-07-02,1009,Expired,0
TXN-0ff15716,C360-100469,Accidental Insurance,2023-07-02,2024-07-01,1029,Expired,0
TXN-3e1ae7ff,C360-100469,Accidental Insurance,2024-07-01,2025-07-01,1070,Expired,0
TXN-c9712e92,C360-100469,Accidental Insurance,2025-07-01,2026-07-01,1079,Active,0
TXN-6a2c00e9,C360-100469,Health Insurance,2021-07-02,2022-07-02,400,Expired,0
TXN-c4a164c5,C360-100469,Health Insurance,2022-07-02,2023-07-02,411,Expired,1
TXN-be6919c5,C360-100469,Health Insurance,2023-07-02,2024-07-01,500,Expired,0
TXN-60a7cca6,C360-100469,Health Insurance,2024-07-01,2025-07-01,520,Expired,0
TXN-cb3b0570,C360-100469,Health Insurance,2025-07-01,2026-07-01,480,Active,1
TXN-d4af91fa,C360-100470,Health Insurance,2021-07-02,2022-07-02,324,Expired,0
TXN-2afb0044,C360-100470,Health Insurance,2022-07-02,2023-07-02,369,Expired,2
TXN-7a7be580,C360-100470,Health Insurance,2023-07-02,2024-07-01,424,Expired,1
TXN-e5853a9e,C360-100470,Health Insurance,2024-07-01,2025-07-01,402,Expired,1
TXN-3394157f,C360-100470,Health Insurance,2025-07-01,2026-07-01,412,Active,0
TXN-043faed5,C360-100470,Life Insurance,2021-07-02,2022-07-02,661,Expired,0
TXN-4757ff79,C360-100470,Life Insurance,2022-07-02,2023-07-02,707,Expired,0
TXN-a4e2e742,C360-100470,Life Insurance,2023-07-02,2024-07-01,741,Expired,0
TXN-bbee669b,C360-100470,Life Insurance,2024-07-01,2025-07-01,769,Expired,0
TXN-cfef10af,C360-100470,Life Insurance,2025-07-01,2026-07-01,789,Active,0
TXN-7c22080d,C360-100470,Motor Insurance,2021-07-02,2022-07-02,1082,Expired,1
TXN-eec8ce07,C360-100470,Motor Insurance,2022-07-02,2023-07-02,1118,Expired,0
TXN-75330404,C360-100470,Motor Insurance,2023-07-02,2024-07-01,1164,Expired,0
TXN-ef0ae5ee,C360-100470,Motor Insurance,2024-07-01,2025-07-01,1178,Expired,0
TXN-f829c451,C360-100470,Motor Insurance,2025-07-01,2026-07-01,1154,Active,1
TXN-8ac6cb3b,C360-100470,Accidental Insurance,2021-07-02,2022-07-02,786,Expired,0
TXN-060d5471,C360-100470,Accidental Insurance,2022-07-02,2023-07-02,806,Expired,0
TXN-0eaa3e7d,C360-100470,Accidental Insurance,2023-07-02,2024-07-01,812,Expired,0
TXN-cd1093fb,C360-100470,Accidental Insurance,2024-07-01,2025-07-01,888,Expired,0
TXN-07ce5211,C360-100470,Accidental Insurance,2025-07-01,2026-07-01,930,Active,0
TXN-8c1b2b9e,C360-100471,Health Insurance,2021-07-02,2022-07-02,480,Expired,0
TXN-9844c673,C360-100471,Health Insurance,2022-07-02,2023-07-02,490,Expired,2
TXN-9a4b3c74,C360-100471,Health Insurance,2023-07-02,2024-07-01,564,Expired,0
TXN-ce1aedc9,C360-100471,Health Insurance,2024-07-01,2025-07-01,552,Expired,0
TXN-669aceba,C360-100471,Health Insurance,2025-07-01,2026-07-01,648,Active,0
TXN-01a8e25d,C360-100471,Motor Insurance,2021-07-02,2022-07-02,502,Expired,0
TXN-7f276ccc,C360-100471,Motor Insurance,2022-07-02,2023-07-02,546,Expired,1
TXN-38cf85a8,C360-100471,Motor Insurance,2023-07-02,2024-07-01,558,Expired,0
TXN-d9700d56,C360-100471,Motor Insurance,2024-07-01,2025-07-01,601,Expired,1
TXN-376fd581,C360-100471,Motor Insurance,2025-07-01,2026-07-01,694,Active,0
TXN-dcaad6dc,C360-100472,Life Insurance,2021-07-02,2022-07-02,479,Expired,0
TXN-ae16ee6b,C360-100472,Life Insurance,2022-07-02,2023-07-02,492,Expired,0
TXN-ba11d24e,C360-100472,Life Insurance,2023-07-02,2024-07-01,549,Expired,0
TXN-17114f52,C360-100472,Life Insurance,2024-07-01,2025-07-01,629,Expired,0
TXN-3814116d,C360-100472,Life Insurance,2025-07-01,2026-07-01,595,Active,0
TXN-57d0e15a,C360-100472,Health Insurance,2021-07-02,2022-07-02,711,Expired,0
TXN-3cb77db5,C360-100473,Health Insurance,2021-07-02,2022-07-02,368,Expired,1
TXN-24d166bf,C360-100473,Health Insurance,2022-07-02,2023-07-02,411,Expired,0
TXN-b661dd8f,C360-100473,Health Insurance,2023-07-02,2024-07-01,446,Expired,0
TXN-6a25b4d2,C360-100473,Health Insurance,2024-07-01,2025-07-01,401,Expired,0
TXN-921ad389,C360-100473,Health Insurance,2025-07-01,2026-07-01,464,Active,0
TXN-c8e8c415,C360-100473,Life Insurance,2021-07-02,2022-07-02,1445,Expired,0
TXN-b8c7a8fa,C360-100473,Life Insurance,2022-07-02,2023-07-02,1469,Expired,0
TXN-4996c44b,C360-100473,Life Insurance,2023-07-02,2024-07-01,1467,Expired,0
TXN-5174d33c,C360-100473,Life Insurance,2024-07-01,2025-07-01,1508,Expired,1
TXN-7ee59441,C360-100473,Life Insurance,2025-07-01,2026-07-01,1645,Active,1
TXN-082be7b1,C360-100473,Motor Insurance,2021-07-02,2022-07-02,724,Expired,2
TXN-49a7e518,C360-100473,Motor Insurance,2022-07-02,2023-07-02,745,Expired,0
TXN-70d2363a,C360-100473,Motor Insurance,2023-07-02,2024-07-01,752,Expired,0
TXN-60227e74,C360-100473,Motor Insurance,2024-07-01,2025-07-01,775,Expired,0
TXN-1913c789,C360-100473,Motor Insurance,2025-07-01,2026-07-01,860,Active,0
TXN-ed30fd82,C360-100473,Accidental Insurance,2021-07-02,2022-07-02,387,Expired,0
TXN-1ee6da26,C360-100473,Accidental Insurance,2022-07-02,2023-07-02,418,Expired,1
TXN-ea67ffbc,C360-100473,Accidental Insurance,2023-07-02,2024-07-01,413,Expired,0
TXN-09a94412,C360-100473,Accidental Insurance,2024-07-01,2025-07-01,456,Expired,0
TXN-4ae93b45,C360-100473,Accidental Insurance,2025-07-01,2026-07-01,463,Active,0
TXN-e39d085e,C360-100474,Health Insurance,2021-07-02,2022-07-02,592,Expired,1
TXN-3e360f51,C360-100474,Health Insurance,2022-07-02,2023-07-02,617,Expired,1
TXN-90f2e850,C360-100474,Health Insurance,2023-07-02,2024-07-01,662,Expired,0
TXN-24ea603e,C360-100474,Health Insurance,2024-07-01,2025-07-01,721,Expired,0
TXN-de986b68,C360-100474,Health Insurance,2025-07-01,2026-07-01,684,Active,0
TXN-745195da,C360-100474,Life Insurance,2021-07-02,2022-07-02,671,Expired,0
TXN-c75b4a18,C360-100474,Life Insurance,2022-07-02,2023-07-02,716,Expired,0
TXN-cfa7050c,C360-100474,Life Insurance,2023-07-02,2024-07-01,731,Expired,0
TXN-4ebd7244,C360-100474,Life Insurance,2024-07-01,2025-07-01,770,Expired,0
TXN-12f36fbe,C360-100474,Life Insurance,2025-07-01,2026-07-01,819,Active,1
TXN-ed76b8ad,C360-100474,Motor Insurance,2021-07-02,2022-07-02,636,Expired,0
TXN-81c7e865,C360-100474,Motor Insurance,2022-07-02,2023-07-02,670,Expired,0
TXN-5460255d,C360-100474,Motor Insurance,2023-07-02,2024-07-01,704,Expired,0
TXN-99b90d47,C360-100474,Motor Insurance,2024-07-01,2025-07-01,726,Expired,0
TXN-6062b3f1,C360-100474,Motor Insurance,2025-07-01,2026-07-01,792,Active,2
TXN-6de4d612,C360-100474,Accidental Insurance,2021-07-02,2022-07-02,329,Expired,0
TXN-ed9aae0b,C360-100474,Accidental Insurance,2022-07-02,2023-07-02,341,Expired,0
TXN-da2fdd03,C360-100474,Accidental Insurance,2023-07-02,2024-07-01,417,Expired,0
TXN-cd753e66,C360-100474,Accidental Insurance,2024-07-01,2025-07-01,461,Expired,0
TXN-0169c1ef,C360-100474,Accidental Insurance,2025-07-01,2026-07-01,429,Active,0
TXN-93f7b3e5,C360-100475,Life Insurance,2021-07-02,2022-07-02,443,Expired,0
TXN-51018904,C360-100475,Life Insurance,2022-07-02,2023-07-02,482,Expired,1
TXN-ba6491e8,C360-100475,Life Insurance,2023-07-02,2024-07-01,505,Expired,0
TXN-80df6031,C360-100475,Life Insurance,2024-07-01,2025-07-01,479,Expired,0
TXN-0f57b2c8,C360-100475,Life Insurance,2025-07-01,2026-07-01,527,Active,0
TXN-b5c838b9,C360-100475,Accidental Insurance,2021-07-02,2022-07-02,755,Expired,0
TXN-981fff5f,C360-100475,Accidental Insurance,2022-07-02,2023-07-02,766,Expired,1
TXN-26e53f37,C360-100475,Accidental Insurance,2023-07-02,2024-07-01,839,Expired,0
TXN-a0f15806,C360-100475,Accidental Insurance,2024-07-01,2025-07-01,818,Expired,0
TXN-9788360b,C360-100475,Accidental Insurance,2025-07-01,2026-07-01,875,Active,0
TXN-f4364d29,C360-100476,Health Insurance,2021-07-02,2022-07-02,1315,Expired,0
TXN-78a95bd9,C360-100476,Health Insurance,2022-07-02,2023-07-02,1339,Expired,0
TXN-d7314f9d,C360-100479,Motor Insurance,2021-07-02,2022-07-02,1179,Expired,1
TXN-f4df7daa,C360-100479,Motor Insurance,2022-07-02,2023-07-02,1207,Expired,0
TXN-9e203ab8,C360-100479,Motor Insurance,2023-07-02,2024-07-01,1259,Expired,1
TXN-a2455878,C360-100479,Motor Insurance,2024-07-01,2025-07-01,1290,Expired,0
TXN-54b78c63,C360-100479,Motor Insurance,2025-07-01,2026-07-01,1323,Active,0
TXN-2d01d2ea,C360-100480,Accidental Insurance,2021-07-02,2022-07-02,695,Expired,0
TXN-78a0a305,C360-100480,Accidental Insurance,2022-07-02,2023-07-02,734,Expired,0
TXN-b7483799,C360-100481,Health Insurance,2021-07-02,2022-07-02,1477,Expired,0
TXN-36e011f5,C360-100481,Health Insurance,2022-07-02,2023-07-02,1488,Expired,0
TXN-645e4166,C360-100481,Health Insurance,2023-07-02,2024-07-01,1571,Expired,0
TXN-9016bcd0,C360-100481,Health Insurance,2024-07-01,2025-07-01,1627,Expired,0
TXN-01d16077,C360-100481,Health Insurance,2025-07-01,2026-07-01,1673,Cancelled,1
TXN-1eb7c280,C360-100482,Motor Insurance,2021-07-02,2022-07-02,959,Expired,2
TXN-c7457ea1,C360-100482,Motor Insurance,2022-07-02,2023-07-02,986,Expired,0
TXN-28bb66ec,C360-100482,Motor Insurance,2023-07-02,2024-07-01,1013,Expired,0
TXN-39539cf9,C360-100482,Motor Insurance,2024-07-01,2025-07-01,1100,Expired,0
TXN-73ae1776,C360-100482,Motor Insurance,2025-07-01,2026-07-01,1015,Active,0
TXN-182dfa60,C360-100482,Life Insurance,2021-07-02,2022-07-02,373,Expired,0
TXN-90c9477e,C360-100482,Life Insurance,2022-07-02,2023-07-02,410,Expired,0
TXN-7ba435a1,C360-100482,Life Insurance,2023-07-02,2024-07-01,411,Expired,0
TXN-726e08cd,C360-100482,Life Insurance,2024-07-01,2025-07-01,490,Expired,0
TXN-3a5db899,C360-100482,Life Insurance,2025-07-01,2026-07-01,433,Active,1
TXN-964dc0a1,C360-100483,Life Insurance,2021-07-02,2022-07-02,1397,Expired,0
TXN-feed7d61,C360-100483,Life Insurance,2022-07-02,2023-07-02,1416,Expired,1
TXN-9765fe0f,C360-100483,Life Insurance,2023-07-02,2024-07-01,1481,Expired,0
TXN-959d4f5d,C360-100483,Life Insurance,2024-07-01,2025-07-01,1427,Expired,0
TXN-6e51892e,C360-100483,Life Insurance,2025-07-01,2026-07-01,1581,Active,0
TXN-24026aaf,C360-100484,Health Insurance,2021-07-02,2022-07-02,1115,Expired,0
TXN-7d98320e,C360-100484,Health Insurance,2022-07-02,2023-07-02,1161,Expired,0
TXN-3a5b7e19,C360-100484,Health Insurance,2023-07-02,2024-07-01,1191,Expired,0
TXN-e0733dc3,C360-100484,Health Insurance,2024-07-01,2025-07-01,1241,Expired,0
TXN-6b69b409,C360-100484,Health Insurance,2025-07-01,2026-07-01,1311,Active,0
TXN-4a144721,C360-100484,Life Insurance,2021-07-02,2022-07-02,313,Expired,0
TXN-d2bd403b,C360-100484,Life Insurance,2022-07-02,2023-07-02,330,Expired,1
TXN-f1e1ae1d,C360-100484,Life Insurance,2023-07-02,2024-07-01,379,Expired,2
TXN-2e257cfb,C360-100484,Life Insurance,2024-07-01,2025-07-01,373,Expired,0
TXN-97d36cf7,C360-100484,Life Insurance,2025-07-01,2026-07-01,481,Active,0
TXN-7cc0ce2d,C360-100485,Life Insurance,2021-07-02,2022-07-02,1376,Expired,1
TXN-1d8e896c,C360-100485,Life Insurance,2022-07-02,2023-07-02,1419,Expired,1
TXN-5c9800cf,C360-100485,Life Insurance,2023-07-02,2024-07-01,1454,Expired,0
TXN-6d20bf93,C360-100485,Life Insurance,2024-07-01,2025-07-01,1433,Expired,0
TXN-1a581074,C360-100485,Life Insurance,2025-07-01,2026-07-01,1512,Active,0
TXN-f948b8af,C360-100486,Health Insurance,2021-07-02,2022-07-02,1407,Expired,0
TXN-14986aa4,C360-100486,Health Insurance,2022-07-02,2023-07-02,1433,Expired,0
TXN-3fdfd3c9,C360-100486,Health Insurance,2023-07-02,2024-07-01,1439,Expired,0
TXN-e9ddc377,C360-100486,Health Insurance,2024-07-01,2025-07-01,1545,Expired,0
TXN-a1af6453,C360-100486,Health Insurance,2025-07-01,2026-07-01,1563,Active,1
TXN-5966c366,C360-100486,Life Insurance,2021-07-02,2022-07-02,501,Expired,0
TXN-7060e8c9,C360-100486,Life Insurance,2022-07-02,2023-07-02,517,Expired,0
TXN-0ff11355,C360-100486,Life Insurance,2023-07-02,2024-07-01,589,Expired,0
TXN-2caa62c3,C360-100486,Life Insurance,2024-07-01,2025-07-01,558,Expired,1
TXN-82adc3ec,C360-100486,Life Insurance,2025-07-01,2026-07-01,565,Active,2
TXN-b94c2320,C360-100486,Motor Insurance,2021-07-02,2022-07-02,825,Expired,1
TXN-60c7820a,C360-100486,Motor Insurance,2022-07-02,2023-07-02,862,Expired,0
TXN-bc67764b,C360-100486,Motor Insurance,2023-07-02,2024-07-01,895,Expired,0
TXN-aaeb09b7,C360-100486,Motor Insurance,2024-07-01,2025-07-01,873,Expired,1
TXN-88b91ac6,C360-100486,Motor Insurance,2025-07-01,2026-07-01,933,Active,0
TXN-b88f21f2,C360-100486,Accidental Insurance,2021-07-02,2022-07-02,632,Expired,1
TXN-2a8fa4eb,C360-100486,Accidental Insurance,2022-07-02,2023-07-02,660,Expired,0
TXN-2c0f4994,C360-100486,Accidental Insurance,2023-07-02,2024-07-01,724,Expired,0
TXN-daeb1ebb,C360-100486,Accidental Insurance,2024-07-01,2025-07-01,752,Expired,0
TXN-c208762f,C360-100486,Accidental Insurance,2025-07-01,2026-07-01,764,Active,1
TXN-95c144e5,C360-100487,Accidental Insurance,2021-07-02,2022-07-02,476,Expired,0
TXN-d829533d,C360-100487,Accidental Insurance,2022-07-02,2023-07-02,504,Expired,0
TXN-bfc5f326,C360-100487,Accidental Insurance,2023-07-02,2024-07-01,504,Expired,2
TXN-e9104e89,C360-100487,Accidental Insurance,2024-07-01,2025-07-01,551,Expired,0
TXN-4fc041e5,C360-100487,Accidental Insurance,2025-07-01,2026-07-01,548,Active,0
TXN-973cfde6,C360-100487,Health Insurance,2021-07-02,2022-07-02,1460,Expired,2
TXN-0b82f9b5,C360-100487,Health Insurance,2022-07-02,2023-07-02,1500,Expired,0
TXN-0bc915bf,C360-100487,Health Insurance,2023-07-02,2024-07-01,1558,Expired,0
TXN-114602e7,C360-100487,Health Insurance,2024-07-01,2025-07-01,1571,Expired,0
TXN-882cf76b,C360-100487,Health Insurance,2025-07-01,2026-07-01,1608,Cancelled,1
TXN-85289456,C360-100488,Accidental Insurance,2021-07-02,2022-07-02,396,Expired,0
TXN-e85609e7,C360-100489,Health Insurance,2021-07-02,2022-07-02,1434,Expired,0
TXN-c12dc125,C360-100489,Health Insurance,2022-07-02,2023-07-02,1459,Expired,0
TXN-310a389e,C360-100489,Health Insurance,2023-07-02,2024-07-01,1520,Expired,0
TXN-333053af,C360-100489,Health Insurance,2024-07-01,2025-07-01,1491,Expired,0
TXN-063dc4a9,C360-100489,Health Insurance,2025-07-01,2026-07-01,1526,Active,0
TXN-9c9919a7,C360-100489,Life Insurance,2021-07-02,2022-07-02,780,Expired,0
TXN-e5f17ef6,C360-100489,Life Insurance,2022-07-02,2023-07-02,799,Expired,0
TXN-24237e6e,C360-100489,Life Insurance,2023-07-02,2024-07-01,870,Expired,1
TXN-987787d6,C360-100489,Life Insurance,2024-07-01,2025-07-01,888,Expired,0
TXN-a0c601bf,C360-100489,Life Insurance,2025-07-01,2026-07-01,976,Active,0
TXN-a074c940,C360-100489,Motor Insurance,2021-07-02,2022-07-02,627,Expired,0
TXN-8f5cdae8,C360-100489,Motor Insurance,2022-07-02,2023-07-02,637,Expired,0
TXN-f9a0d921,C360-100489,Motor Insurance,2023-07-02,2024-07-01,699,Expired,0
TXN-eb6f5291,C360-100489,Motor Insurance,2024-07-01,2025-07-01,693,Expired,0
TXN-39e40e5c,C360-100489,Motor Insurance,2025-07-01,2026-07-01,803,Active,0
TXN-e169ea70,C360-100489,Accidental Insurance,2021-07-02,2022-07-02,745,Expired,0
TXN-a9249305,C360-100489,Accidental Insurance,2022-07-02,2023-07-02,766,Expired,0
TXN-2bf3b8fc,C360-100489,Accidental Insurance,2023-07-02,2024-07-01,775,Expired,0
TXN-889775ea,C360-100489,Accidental Insurance,2024-07-01,2025-07-01,832,Expired,0
TXN-eb63f1f4,C360-100489,Accidental Insurance,2025-07-01,2026-07-01,793,Active,0
TXN-1c660a11,C360-100490,Health Insurance,2021-07-02,2022-07-02,1274,Expired,0
TXN-f9e9cb40,C360-100490,Health Insurance,2022-07-02,2023-07-02,1293,Expired,1
TXN-6b646890,C360-100490,Health Insurance,2023-07-02,2024-07-01,1318,Expired,0
TXN-721559e6,C360-100490,Health Insurance,2024-07-01,2025-07-01,1412,Expired,0
TXN-ca1653ae,C360-100490,Health Insurance,2025-07-01,2026-07-01,1422,Active,0
TXN-7b9bb4ad,C360-100491,Health Insurance,2021-07-02,2022-07-02,836,Expired,0
TXN-5744383a,C360-100491,Health Insurance,2022-07-02,2023-07-02,878,Expired,0
TXN-3b102dba,C360-100491,Health Insurance,2023-07-02,2024-07-01,928,Expired,0
TXN-f5865626,C360-100491,Health Insurance,2024-07-01,2025-07-01,923,Expired,0
TXN-d0e2b839,C360-100491,Health Insurance,2025-07-01,2026-07-01,908,Active,0
TXN-decd5e1d,C360-100492,Motor Insurance,2021-07-02,2022-07-02,1211,Expired,0
TXN-58a51e6b,C360-100492,Motor Insurance,2022-07-02,2023-07-02,1223,Expired,0
TXN-e2a08ca5,C360-100492,Motor Insurance,2023-07-02,2024-07-01,1291,Expired,0
TXN-70d192ea,C360-100492,Motor Insurance,2024-07-01,2025-07-01,1307,Expired,0
TXN-7dc211f0,C360-100492,Motor Insurance,2025-07-01,2026-07-01,1335,Cancelled,0
TXN-35481490,C360-100492,Accidental Insurance,2021-07-02,2022-07-02,543,Expired,0
TXN-a8dcda81,C360-100492,Accidental Insurance,2022-07-02,2023-07-02,575,Expired,2
TXN-0465a38f,C360-100492,Accidental Insurance,2023-07-02,2024-07-01,577,Expired,0
TXN-7106e505,C360-100493,Health Insurance,2021-07-02,2022-07-02,1065,Expired,0
TXN-8990f5e3,C360-100493,Health Insurance,2022-07-02,2023-07-02,1102,Expired,0
TXN-f3d82a2c,C360-100493,Health Insurance,2023-07-02,2024-07-01,1157,Expired,0
TXN-41a31773,C360-100493,Health Insurance,2024-07-01,2025-07-01,1146,Expired,0
TXN-42984104,C360-100493,Health Insurance,2025-07-01,2026-07-01,1153,Cancelled,0
TXN-1d4e457f,C360-100493,Motor Insurance,2021-07-02,2022-07-02,1482,Expired,1
TXN-88e165a8,C360-100493,Motor Insurance,2022-07-02,2023-07-02,1508,Expired,0
TXN-ed9389fa,C360-100493,Motor Insurance,2023-07-02,2024-07-01,1512,Expired,0
TXN-f804e8f5,C360-100494,Motor Insurance,2021-07-02,2022-07-02,1400,Expired,0
TXN-c46434bc,C360-100494,Motor Insurance,2022-07-02,2023-07-02,1443,Expired,0
TXN-1baa2c56,C360-100494,Motor Insurance,2023-07-02,2024-07-01,1430,Expired,0
TXN-12885e09,C360-100494,Motor Insurance,2024-07-01,2025-07-01,1445,Expired,1
TXN-b8a8dc34,C360-100494,Motor Insurance,2025-07-01,2026-07-01,1504,Active,0
TXN-96bb3439,C360-100494,Health Insurance,2021-07-02,2022-07-02,1042,Expired,0
TXN-03939937,C360-100494,Health Insurance,2022-07-02,2023-07-02,1074,Expired,0
TXN-83ccfe74,C360-100494,Health Insurance,2023-07-02,2024-07-01,1120,Expired,0
TXN-4283ad16,C360-100495,Life Insurance,2021-07-02,2022-07-02,464,Expired,0
TXN-73f94b62,C360-100495,Life Insurance,2022-07-02,2023-07-02,513,Expired,0
TXN-03c22a3a,C360-100495,Life Insurance,2023-07-02,2024-07-01,486,Expired,1
TXN-7df2319c,C360-100495,Life Insurance,2024-07-01,2025-07-01,602,Expired,0
TXN-de84b841,C360-100495,Life Insurance,2025-07-01,2026-07-01,600,Active,0
TXN-1a4dcb3c,C360-100495,Health Insurance,2021-07-02,2022-07-02,1186,Expired,0
TXN-078582f7,C360-100495,Health Insurance,2022-07-02,2023-07-02,1200,Expired,0
TXN-23b3b135,C360-100495,Health Insurance,2023-07-02,2024-07-01,1254,Expired,0
TXN-1c9137b9,C360-100495,Health Insurance,2024-07-01,2025-07-01,1291,Expired,0
TXN-c6930438,C360-100495,Health Insurance,2025-07-01,2026-07-01,1302,Active,0
TXN-cd203131,C360-100496,Health Insurance,2021-07-02,2022-07-02,610,Expired,0
TXN-ed8979fd,C360-100496,Health Insurance,2022-07-02,2023-07-02,630,Expired,0
TXN-951e6034,C360-100496,Health Insurance,2023-07-02,2024-07-01,650,Expired,0
TXN-36e5513e,C360-100496,Health Insurance,2024-07-01,2025-07-01,715,Expired,0
TXN-3506f56b,C360-100496,Health Insurance,2025-07-01,2026-07-01,694,Active,0
TXN-dd1a234f,C360-100496,Life Insurance,2021-07-02,2022-07-02,911,Expired,0
TXN-05b35bc3,C360-100496,Life Insurance,2022-07-02,2023-07-02,960,Expired,0
TXN-984d56bc,C360-100496,Life Insurance,2023-07-02,2024-07-01,975,Expired,0
TXN-1bea09fc,C360-100496,Life Insurance,2024-07-01,2025-07-01,986,Expired,0
TXN-ab539acf,C360-100496,Life Insurance,2025-07-01,2026-07-01,1039,Active,0
TXN-c2cc0d48,C360-100496,Motor Insurance,2021-07-02,2022-07-02,798,Expired,1
TXN-d818aca1,C360-100496,Motor Insurance,2022-07-02,2023-07-02,813,Expired,0
TXN-8b8298ca,C360-100496,Motor Insurance,2023-07-02,2024-07-01,856,Expired,0
TXN-06a2479d,C360-100496,Motor Insurance,2024-07-01,2025-07-01,882,Expired,0
TXN-72f53538,C360-100496,Motor Insurance,2025-07-01,2026-07-01,946,Active,1
TXN-797a1309,C360-100496,Accidental Insurance,2021-07-02,2022-07-02,727,Expired,0
TXN-e2c571e0,C360-100496,Accidental Insurance,2022-07-02,2023-07-02,759,Expired,0
TXN-213e83e7,C360-100496,Accidental Insurance,2023-07-02,2024-07-01,787,Expired,2
TXN-e18f7d0a,C360-100496,Accidental Insurance,2024-07-01,2025-07-01,877,Expired,0
TXN-56ed9ce2,C360-100496,Accidental Insurance,2025-07-01,2026-07-01,779,Active,0
TXN-368bb829,C360-100497,Health Insurance,2021-07-02,2022-07-02,448,Expired,0
TXN-09e4e265,C360-100497,Health Insurance,2022-07-02,2023-07-02,475,Expired,0
TXN-23d39183,C360-100497,Health Insurance,2023-07-02,2024-07-01,542,Expired,0
TXN-ff1740ad,C360-100497,Health Insurance,2024-07-01,2025-07-01,496,Expired,0
TXN-cc7a6b76,C360-100497,Health Insurance,2025-07-01,2026-07-01,548,Active,0
TXN-2c0957cf,C360-100497,Accidental Insurance,2021-07-02,2022-07-02,982,Expired,0
TXN-e851f1f4,C360-100497,Accidental Insurance,2022-07-02,2023-07-02,1029,Expired,0
TXN-7692309e,C360-100497,Accidental Insurance,2023-07-02,2024-07-01,1038,Expired,0
TXN-771b75ea,C360-100497,Accidental Insurance,2024-07-01,2025-07-01,1021,Expired,0
TXN-e216fab6,C360-100497,Accidental Insurance,2025-07-01,2026-07-01,1034,Active,0
TXN-59668afa,C360-100498,Health Insurance,2021-07-02,2022-07-02,547,Expired,0
TXN-bde56470,C360-100498,Health Insurance,2022-07-02,2023-07-02,569,Expired,0
TXN-0571408a,C360-100498,Health Insurance,2023-07-02,2024-07-01,613,Expired,0
TXN-270e054a,C360-100498,Health Insurance,2024-07-01,2025-07-01,679,Expired,0
TXN-872fbb40,C360-100498,Health Insurance,2025-07-01,2026-07-01,663,Active,0
TXN-022d0493,C360-100499,Motor Insurance,2021-07-02,2022-07-02,670,Expired,0
TXN-590f125f,C360-100499,Motor Insurance,2022-07-02,2023-07-02,691,Expired,0
TXN-2a143004,C360-100499,Motor Insurance,2023-07-02,2024-07-01,768,Expired,0
TXN-53c41135,C360-100499,Motor Insurance,2024-07-01,2025-07-01,787,Expired,0
TXN-f377abbe,C360-100499,Motor Insurance,2025-07-01,2026-07-01,782,Active,2
TXN-d54a9e02,C360-100499,Accidental Insurance,2021-07-02,2022-07-02,921,Expired,0
TXN-d0d36933,C360-100499,Accidental Insurance,2022-07-02,2023-07-02,962,Expired,0
TXN-1d956a61,C360-100499,Accidental Insurance,2023-07-02,2024-07-01,1021,Expired,0
TXN-7d52bd59,C360-100499,Accidental Insurance,2024-07-01,2025-07-01,966,Expired,0
TXN-99d9d658,C360-100499,Accidental Insurance,2025-07-01,2026-07-01,977,Active,0
