Date,Agency,Policy_Type,Coverage,Conversions
2022-01-01,Geico,Auto,Comprehensive,227
2022-01-01,Geico,Auto,Liability,311
2022-01-01,Geico,Home,Property,108
2022-01-01,Geico,Home,Renters,77
2022-01-01,Geico,Life,Term,257
2022-01-01,Geico,Life,Whole,146
2022-01-01,StateFarm,Auto,Comprehensive,190
2022-01-01,StateFarm,Auto,Liability,304
2022-01-01,StateFarm,Home,Property,109
2022-01-01,StateFarm,Home,Renters,239
2022-01-01,StateFarm,Life,Term,151
2022-01-01,StateFarm,Life,Whole,196
2022-01-01,Allstate,Auto,Comprehensive,136
2022-01-01,Allstate,Auto,Liability,252
2022-01-01,Allstate,Home,Property,103
2022-01-01,Allstate,Home,Renters,74
2022-01-01,Allstate,Life,Term,190
2022-01-01,Allstate,Life,Whole,295
2022-01-02,Geico,Auto,Comprehensive,280
2022-01-02,Geico,Auto,Liability,105
2022-01-02,Geico,Home,Property,167
2022-01-02,Geico,Home,Renters,193
2022-01-02,Geico,Life,Term,107
2022-01-02,Geico,Life,Whole,121
2022-01-02,StateFarm,Auto,Comprehensive,309
2022-01-02,StateFarm,Auto,Liability,242
2022-01-02,StateFarm,Home,Property,224
2022-01-02,StateFarm,Home,Renters,194
2022-01-02,StateFarm,Life,Term,235
2022-01-02,StateFarm,Life,Whole,232
2022-01-02,Allstate,Auto,Comprehensive,96
2022-01-02,Allstate,Auto,Liability,291
2022-01-02,Allstate,Home,Property,187
2022-01-02,Allstate,Home,Renters,81
2022-01-02,Allstate,Life,Term,252
2022-01-02,Allstate,Life,Whole,121
2022-01-03,Geico,Auto,Comprehensive,187
2022-01-03,Geico,Auto,Liability,283
2022-01-03,Geico,Home,Property,195
2022-01-03,Geico,Home,Renters,50
2022-01-03,Geico,Life,Term,58
2022-01-03,Geico,Life,Whole,183
2022-01-03,StateFarm,Auto,Comprehensive,162
2022-01-03,StateFarm,Auto,Liability,112
2022-01-03,StateFarm,Home,Property,276
2022-01-03,StateFarm,Home,Renters,88
2022-01-03,StateFarm,Life,Term,282
2022-01-03,StateFarm,Life,Whole,281
2022-01-03,Allstate,Auto,Comprehensive,305
2022-01-03,Allstate,Auto,Liability,126
2022-01-03,Allstate,Home,Property,218
2022-01-03,Allstate,Home,Renters,229
2022-01-03,Allstate,Life,Term,160
2022-01-03,Allstate,Life,Whole,236
2022-01-04,Geico,Auto,Comprehensive,186
2022-01-04,Geico,Auto,Liability,237
2022-01-04,Geico,Home,Property,111
2022-01-04,Geico,Home,Renters,111
2022-01-04,Geico,Life,Term,76
2022-01-04,Geico,Life,Whole,253
2022-01-04,StateFarm,Auto,Comprehensive,129
2022-01-04,StateFarm,Auto,Liability,201
2022-01-04,StateFarm,Home,Property,60
2022-01-04,StateFarm,Home,Renters,133
2022-01-04,StateFarm,Life,Term,205
2022-01-04,StateFarm,Life,Whole,200
2022-01-04,Allstate,Auto,Comprehensive,292
2022-01-04,Allstate,Auto,Liability,306
2022-01-04,Allstate,Home,Property,74
2022-01-04,Allstate,Home,Renters,299
2022-01-04,Allstate,Life,Term,272
2022-01-04,Allstate,Life,Whole,172
2022-01-05,Geico,Auto,Comprehensive,242
2022-01-05,Geico,Auto,Liability,301
2022-01-05,Geico,Home,Property,113
2022-01-05,Geico,Home,Renters,94
2022-01-05,Geico,Life,Term,133
2022-01-05,Geico,Life,Whole,136
2022-01-05,StateFarm,Auto,Comprehensive,290
2022-01-05,StateFarm,Auto,Liability,80
2022-01-05,StateFarm,Home,Property,241
2022-01-05,StateFarm,Home,Renters,192
2022-01-05,StateFarm,Life,Term,275
2022-01-05,StateFarm,Life,Whole,94
2022-01-05,Allstate,Auto,Comprehensive,175
2022-01-05,Allstate,Auto,Liability,259
2022-01-05,Allstate,Home,Property,73
2022-01-05,Allstate,Home,Renters,72
2022-01-05,Allstate,Life,Term,213
2022-01-05,Allstate,Life,Whole,103
2022-01-06,Geico,Auto,Comprehensive,237
2022-01-06,Geico,Auto,Liability,91
2022-01-06,Geico,Home,Property,67
2022-01-06,Geico,Home,Renters,132
2022-01-06,Geico,Life,Term,189
2022-01-06,Geico,Life,Whole,254
2022-01-06,StateFarm,Auto,Comprehensive,214
2022-01-06,StateFarm,Auto,Liability,135
2022-01-06,StateFarm,Home,Property,135
2022-01-06,StateFarm,Home,Renters,268
2022-01-06,StateFarm,Life,Term,114
2022-01-06,StateFarm,Life,Whole,137
2022-01-06,Allstate,Auto,Comprehensive,285
2022-01-06,Allstate,Auto,Liability,207
2022-01-06,Allstate,Home,Property,157
2022-01-06,Allstate,Home,Renters,118
2022-01-06,Allstate,Life,Term,119
2022-01-06,Allstate,Life,Whole,256
2022-01-07,Geico,Auto,Comprehensive,186
2022-01-07,Geico,Auto,Liability,219
2022-01-07,Geico,Home,Property,266
2022-01-07,Geico,Home,Renters,212
2022-01-07,Geico,Life,Term,280
2022-01-07,Geico,Life,Whole,273
2022-01-07,StateFarm,Auto,Comprehensive,263
2022-01-07,StateFarm,Auto,Liability,227
2022-01-07,StateFarm,Home,Property,259
2022-01-07,StateFarm,Home,Renters,83
2022-01-07,StateFarm,Life,Term,154
2022-01-07,StateFarm,Life,Whole,187
2022-01-07,Allstate,Auto,Comprehensive,267
2022-01-07,Allstate,Auto,Liability,168
2022-01-07,Allstate,Home,Property,177
2022-01-07,Allstate,Home,Renters,186
2022-01-07,Allstate,Life,Term,287
2022-01-07,Allstate,Life,Whole,253
2022-01-08,Geico,Auto,Comprehensive,241
2022-01-08,Geico,Auto,Liability,154
2022-01-08,Geico,Home,Property,61
2022-01-08,Geico,Home,Renters,212
2022-01-08,Geico,Life,Term,141
2022-01-08,Geico,Life,Whole,237
2022-01-08,StateFarm,Auto,Comprehensive,363
2022-01-08,StateFarm,Auto,Liability,294
2022-01-08,StateFarm,Home,Property,266
2022-01-08,StateFarm,Home,Renters,116
2022-01-08,StateFarm,Life,Term,159
2022-01-08,StateFarm,Life,Whole,218
2022-01-08,Allstate,Auto,Comprehensive,92
2022-01-08,Allstate,Auto,Liability,261
2022-01-08,Allstate,Home,Property,196
2022-01-08,Allstate,Home,Renters,180
2022-01-08,Allstate,Life,Term,138
2022-01-08,Allstate,Life,Whole,225
2022-01-09,Geico,Auto,Comprehensive,315
2022-01-09,Geico,Auto,Liability,165
2022-01-09,Geico,Home,Property,68
2022-01-09,Geico,Home,Renters,183
2022-01-09,Geico,Life,Term,96
2022-01-09,Geico,Life,Whole,204
2022-01-09,StateFarm,Auto,Comprehensive,127
2022-01-09,StateFarm,Auto,Liability,297
2022-01-09,StateFarm,Home,Property,180
2022-01-09,StateFarm,Home,Renters,158
2022-01-09,StateFarm,Life,Term,247
2022-01-09,StateFarm,Life,Whole,164
2022-01-09,Allstate,Auto,Comprehensive,114
2022-01-09,Allstate,Auto,Liability,230
2022-01-09,Allstate,Home,Property,96
2022-01-09,Allstate,Home,Renters,254
2022-01-09,Allstate,Life,Term,102
2022-01-09,Allstate,Life,Whole,137
2022-01-10,Geico,Auto,Comprehensive,265
2022-01-10,Geico,Auto,Liability,254
2022-01-10,Geico,Home,Property,177
2022-01-10,Geico,Home,Renters,276
2022-01-10,Geico,Life,Term,282
2022-01-10,Geico,Life,Whole,270
2022-01-10,StateFarm,Auto,Comprehensive,274
2022-01-10,StateFarm,Auto,Liability,204
2022-01-10,StateFarm,Home,Property,234
2022-01-10,StateFarm,Home,Renters,180
2022-01-10,StateFarm,Life,Term,263
2022-01-10,StateFarm,Life,Whole,225
2022-01-10,Allstate,Auto,Comprehensive,283
2022-01-10,Allstate,Auto,Liability,173
2022-01-10,Allstate,Home,Property,100
2022-01-10,Allstate,Home,Renters,61
2022-01-10,Allstate,Life,Term,85
2022-01-10,Allstate,Life,Whole,293
2022-01-11,Geico,Auto,Comprehensive,212
2022-01-11,Geico,Auto,Liability,215
2022-01-11,Geico,Home,Property,276
2022-01-11,Geico,Home,Renters,115
2022-01-11,Geico,Life,Term,263
2022-01-11,Geico,Life,Whole,110
2022-01-11,StateFarm,Auto,Comprehensive,202
2022-01-11,StateFarm,Auto,Liability,353
2022-01-11,StateFarm,Home,Property,252
2022-01-11,StateFarm,Home,Renters,236
2022-01-11,StateFarm,Life,Term,283
2022-01-11,StateFarm,Life,Whole,129
2022-01-11,Allstate,Auto,Comprehensive,318
2022-01-11,Allstate,Auto,Liability,257
2022-01-11,Allstate,Home,Property,192
2022-01-11,Allstate,Home,Renters,168
2022-01-11,Allstate,Life,Term,198
2022-01-11,Allstate,Life,Whole,70
2022-01-12,Geico,Auto,Comprehensive,303
2022-01-12,Geico,Auto,Liability,124
2022-01-12,Geico,Home,Property,221
2022-01-12,Geico,Home,Renters,132
2022-01-12,Geico,Life,Term,219
2022-01-12,Geico,Life,Whole,223
2022-01-12,StateFarm,Auto,Comprehensive,211
2022-01-12,StateFarm,Auto,Liability,210
2022-01-12,StateFarm,Home,Property,125
2022-01-12,StateFarm,Home,Renters,83
2022-01-12,StateFarm,Life,Term,277
2022-01-12,StateFarm,Life,Whole,260
2022-01-12,Allstate,Auto,Comprehensive,153
2022-01-12,Allstate,Auto,Liability,287
2022-01-12,Allstate,Home,Property,279
2022-01-12,Allstate,Home,Renters,95
2022-01-12,Allstate,Life,Term,175
2022-01-12,Allstate,Life,Whole,266
2022-01-13,Geico,Auto,Comprehensive,258
2022-01-13,Geico,Auto,Liability,286
2022-01-13,Geico,Home,Property,125
2022-01-13,Geico,Home,Renters,140
2022-01-13,Geico,Life,Term,151
2022-01-13,Geico,Life,Whole,160
2022-01-13,StateFarm,Auto,Comprehensive,354
2022-01-13,StateFarm,Auto,Liability,191
2022-01-13,StateFarm,Home,Property,99
2022-01-13,StateFarm,Home,Renters,83
2022-01-13,StateFarm,Life,Term,156
2022-01-13,StateFarm,Life,Whole,97
2022-01-13,Allstate,Auto,Comprehensive,94
2022-01-13,Allstate,Auto,Liability,163
2022-01-13,Allstate,Home,Property,217
2022-01-13,Allstate,Home,Renters,64
2022-01-13,Allstate,Life,Term,211
2022-01-13,Allstate,Life,Whole,209
2022-01-14,Geico,Auto,Comprehensive,232
2022-01-14,Geico,Auto,Liability,169
2022-01-14,Geico,Home,Property,163
2022-01-14,Geico,Home,Renters,154
2022-01-14,Geico,Life,Term,142
2022-01-14,Geico,Life,Whole,274
2022-01-14,StateFarm,Auto,Comprehensive,248
2022-01-14,StateFarm,Auto,Liability,330
2022-01-14,StateFarm,Home,Property,109
2022-01-14,StateFarm,Home,Renters,219
2022-01-14,StateFarm,Life,Term,173
2022-01-14,StateFarm,Life,Whole,296
2022-01-14,Allstate,Auto,Comprehensive,183
2022-01-14,Allstate,Auto,Liability,188
2022-01-14,Allstate,Home,Property,189
2022-01-14,Allstate,Home,Renters,59
2022-01-14,Allstate,Life,Term,224
2022-01-14,Allstate,Life,Whole,251
2022-01-15,Geico,Auto,Comprehensive,129
2022-01-15,Geico,Auto,Liability,247
2022-01-15,Geico,Home,Property,102
2022-01-15,Geico,Home,Renters,294
2022-01-15,Geico,Life,Term,81
2022-01-15,Geico,Life,Whole,123
2022-01-15,StateFarm,Auto,Comprehensive,146
2022-01-15,StateFarm,Auto,Liability,110
2022-01-15,StateFarm,Home,Property,299
2022-01-15,StateFarm,Home,Renters,209
2022-01-15,StateFarm,Life,Term,100
2022-01-15,StateFarm,Life,Whole,96
2022-01-15,Allstate,Auto,Comprehensive,202
2022-01-15,Allstate,Auto,Liability,140
2022-01-15,Allstate,Home,Property,231
2022-01-15,Allstate,Home,Renters,275
2022-01-15,Allstate,Life,Term,276
2022-01-15,Allstate,Life,Whole,135
2022-01-16,Geico,Auto,Comprehensive,279
2022-01-16,Geico,Auto,Liability,178
2022-01-16,Geico,Home,Property,253
2022-01-16,Geico,Home,Renters,163
2022-01-16,Geico,Life,Term,258
2022-01-16,Geico,Life,Whole,78
2022-01-16,StateFarm,Auto,Comprehensive,321
2022-01-16,StateFarm,Auto,Liability,240
2022-01-16,StateFarm,Home,Property,189
2022-01-16,StateFarm,Home,Renters,284
2022-01-16,StateFarm,Life,Term,239
2022-01-16,StateFarm,Life,Whole,201
2022-01-16,Allstate,Auto,Comprehensive,276
2022-01-16,Allstate,Auto,Liability,287
2022-01-16,Allstate,Home,Property,156
2022-01-16,Allstate,Home,Renters,50
2022-01-16,Allstate,Life,Term,147
2022-01-16,Allstate,Life,Whole,104
2022-01-17,Geico,Auto,Comprehensive,205
2022-01-17,Geico,Auto,Liability,231
2022-01-17,Geico,Home,Property,115
2022-01-17,Geico,Home,Renters,135
2022-01-17,Geico,Life,Term,247
2022-01-17,Geico,Life,Whole,92
2022-01-17,StateFarm,Auto,Comprehensive,301
2022-01-17,StateFarm,Auto,Liability,281
2022-01-17,StateFarm,Home,Property,74
2022-01-17,StateFarm,Home,Renters,208
2022-01-17,StateFarm,Life,Term,171
2022-01-17,StateFarm,Life,Whole,259
2022-01-17,Allstate,Auto,Comprehensive,218
2022-01-17,Allstate,Auto,Liability,236
2022-01-17,Allstate,Home,Property,111
2022-01-17,Allstate,Home,Renters,118
2022-01-17,Allstate,Life,Term,139
2022-01-17,Allstate,Life,Whole,183
2022-01-18,Geico,Auto,Comprehensive,314
2022-01-18,Geico,Auto,Liability,295
2022-01-18,Geico,Home,Property,218
2022-01-18,Geico,Home,Renters,150
2022-01-18,Geico,Life,Term,78
2022-01-18,Geico,Life,Whole,202
2022-01-18,StateFarm,Auto,Comprehensive,129
2022-01-18,StateFarm,Auto,Liability,162
2022-01-18,StateFarm,Home,Property,269
2022-01-18,StateFarm,Home,Renters,142
2022-01-18,StateFarm,Life,Term,87
2022-01-18,StateFarm,Life,Whole,166
2022-01-18,Allstate,Auto,Comprehensive,155
2022-01-18,Allstate,Auto,Liability,235
2022-01-18,Allstate,Home,Property,98
2022-01-18,Allstate,Home,Renters,185
2022-01-18,Allstate,Life,Term,64
2022-01-18,Allstate,Life,Whole,191
2022-01-19,Geico,Auto,Comprehensive,321
2022-01-19,Geico,Auto,Liability,298
2022-01-19,Geico,Home,Property,269
2022-01-19,Geico,Home,Renters,77
2022-01-19,Geico,Life,Term,87
2022-01-19,Geico,Life,Whole,289
2022-01-19,StateFarm,Auto,Comprehensive,111
2022-01-19,StateFarm,Auto,Liability,181
2022-01-19,StateFarm,Home,Property,206
2022-01-19,StateFarm,Home,Renters,222
2022-01-19,StateFarm,Life,Term,84
2022-01-19,StateFarm,Life,Whole,101
2022-01-19,Allstate,Auto,Comprehensive,299
2022-01-19,Allstate,Auto,Liability,130
2022-01-19,Allstate,Home,Property,251
2022-01-19,Allstate,Home,Renters,272
2022-01-19,Allstate,Life,Term,292
2022-01-19,Allstate,Life,Whole,213
2022-01-20,Geico,Auto,Comprehensive,184
2022-01-20,Geico,Auto,Liability,365
2022-01-20,Geico,Home,Property,160
2022-01-20,Geico,Home,Renters,93
2022-01-20,Geico,Life,Term,209
2022-01-20,Geico,Life,Whole,167
2022-01-20,StateFarm,Auto,Comprehensive,144
2022-01-20,StateFarm,Auto,Liability,134
2022-01-20,StateFarm,Home,Property,250
2022-01-20,StateFarm,Home,Renters,239
2022-01-20,StateFarm,Life,Term,279
2022-01-20,StateFarm,Life,Whole,89
2022-01-20,Allstate,Auto,Comprehensive,251
2022-01-20,Allstate,Auto,Liability,153
2022-01-20,Allstate,Home,Property,254
2022-01-20,Allstate,Home,Renters,99
2022-01-20,Allstate,Life,Term,80
2022-01-20,Allstate,Life,Whole,284
2022-01-21,Geico,Auto,Comprehensive,143
2022-01-21,Geico,Auto,Liability,182
2022-01-21,Geico,Home,Property,105
2022-01-21,Geico,Home,Renters,265
2022-01-21,Geico,Life,Term,125
2022-01-21,Geico,Life,Whole,129
2022-01-21,StateFarm,Auto,Comprehensive,202
2022-01-21,StateFarm,Auto,Liability,249
2022-01-21,StateFarm,Home,Property,90
2022-01-21,StateFarm,Home,Renters,65
2022-01-21,StateFarm,Life,Term,146
2022-01-21,StateFarm,Life,Whole,129
2022-01-21,Allstate,Auto,Comprehensive,344
2022-01-21,Allstate,Auto,Liability,195
2022-01-21,Allstate,Home,Property,106
2022-01-21,Allstate,Home,Renters,210
2022-01-21,Allstate,Life,Term,147
2022-01-21,Allstate,Life,Whole,184
2022-01-22,Geico,Auto,Comprehensive,166
2022-01-22,Geico,Auto,Liability,193
2022-01-22,Geico,Home,Property,84
2022-01-22,Geico,Home,Renters,155
2022-01-22,Geico,Life,Term,255
2022-01-22,Geico,Life,Whole,244
2022-01-22,StateFarm,Auto,Comprehensive,230
2022-01-22,StateFarm,Auto,Liability,229
2022-01-22,StateFarm,Home,Property,213
2022-01-22,StateFarm,Home,Renters,191
2022-01-22,StateFarm,Life,Term,243
2022-01-22,StateFarm,Life,Whole,58
2022-01-22,Allstate,Auto,Comprehensive,309
2022-01-22,Allstate,Auto,Liability,299
2022-01-22,Allstate,Home,Property,83
2022-01-22,Allstate,Home,Renters,144
2022-01-22,Allstate,Life,Term,103
2022-01-22,Allstate,Life,Whole,133
2022-01-23,Geico,Auto,Comprehensive,164
2022-01-23,Geico,Auto,Liability,233
2022-01-23,Geico,Home,Property,197
2022-01-23,Geico,Home,Renters,143
2022-01-23,Geico,Life,Term,196
2022-01-23,Geico,Life,Whole,263
2022-01-23,StateFarm,Auto,Comprehensive,195
2022-01-23,StateFarm,Auto,Liability,225
2022-01-23,StateFarm,Home,Property,222
2022-01-23,StateFarm,Home,Renters,274
2022-01-23,StateFarm,Life,Term,208
2022-01-23,StateFarm,Life,Whole,68
2022-01-23,Allstate,Auto,Comprehensive,194
2022-01-23,Allstate,Auto,Liability,243
2022-01-23,Allstate,Home,Property,162
2022-01-23,Allstate,Home,Renters,75
2022-01-23,Allstate,Life,Term,92
2022-01-23,Allstate,Life,Whole,284
2022-01-24,Geico,Auto,Comprehensive,361
2022-01-24,Geico,Auto,Liability,294
2022-01-24,Geico,Home,Property,173
2022-01-24,Geico,Home,Renters,87
2022-01-24,Geico,Life,Term,163
2022-01-24,Geico,Life,Whole,180
2022-01-24,StateFarm,Auto,Comprehensive,148
2022-01-24,StateFarm,Auto,Liability,156
2022-01-24,StateFarm,Home,Property,111
2022-01-24,StateFarm,Home,Renters,166
2022-01-24,StateFarm,Life,Term,120
2022-01-24,StateFarm,Life,Whole,259
2022-01-24,Allstate,Auto,Comprehensive,272
2022-01-24,Allstate,Auto,Liability,234
2022-01-24,Allstate,Home,Property,189
2022-01-24,Allstate,Home,Renters,116
2022-01-24,Allstate,Life,Term,138
2022-01-24,Allstate,Life,Whole,257
2022-01-25,Geico,Auto,Comprehensive,357
2022-01-25,Geico,Auto,Liability,305
2022-01-25,Geico,Home,Property,258
2022-01-25,Geico,Home,Renters,61
2022-01-25,Geico,Life,Term,273
2022-01-25,Geico,Life,Whole,66
2022-01-25,StateFarm,Auto,Comprehensive,265
2022-01-25,StateFarm,Auto,Liability,313
2022-01-25,StateFarm,Home,Property,222
2022-01-25,StateFarm,Home,Renters,272
2022-01-25,StateFarm,Life,Term,164
2022-01-25,StateFarm,Life,Whole,295
2022-01-25,Allstate,Auto,Comprehensive,153
2022-01-25,Allstate,Auto,Liability,278
2022-01-25,Allstate,Home,Property,86
2022-01-25,Allstate,Home,Renters,60
2022-01-25,Allstate,Life,Term,90
2022-01-25,Allstate,Life,Whole,143
2022-01-26,Geico,Auto,Comprehensive,128
2022-01-26,Geico,Auto,Liability,216
2022-01-26,Geico,Home,Property,158
2022-01-26,Geico,Home,Renters,90
2022-01-26,Geico,Life,Term,136
2022-01-26,Geico,Life,Whole,162
2022-01-26,StateFarm,Auto,Comprehensive,225
2022-01-26,StateFarm,Auto,Liability,215
2022-01-26,StateFarm,Home,Property,282
2022-01-26,StateFarm,Home,Renters,265
2022-01-26,StateFarm,Life,Term,242
2022-01-26,StateFarm,Life,Whole,215
2022-01-26,Allstate,Auto,Comprehensive,165
2022-01-26,Allstate,Auto,Liability,317
2022-01-26,Allstate,Home,Property,149
2022-01-26,Allstate,Home,Renters,284
2022-01-26,Allstate,Life,Term,160
2022-01-26,Allstate,Life,Whole,143
2022-01-27,Geico,Auto,Comprehensive,270
2022-01-27,Geico,Auto,Liability,340
2022-01-27,Geico,Home,Property,163
2022-01-27,Geico,Home,Renters,274
2022-01-27,Geico,Life,Term,126
2022-01-27,Geico,Life,Whole,226
2022-01-27,StateFarm,Auto,Comprehensive,320
2022-01-27,StateFarm,Auto,Liability,123
2022-01-27,StateFarm,Home,Property,239
2022-01-27,StateFarm,Home,Renters,133
2022-01-27,StateFarm,Life,Term,264
2022-01-27,StateFarm,Life,Whole,270
2022-01-27,Allstate,Auto,Comprehensive,123
2022-01-27,Allstate,Auto,Liability,179
2022-01-27,Allstate,Home,Property,70
2022-01-27,Allstate,Home,Renters,215
2022-01-27,Allstate,Life,Term,65
2022-01-27,Allstate,Life,Whole,63
2022-01-28,Geico,Auto,Comprehensive,108
2022-01-28,Geico,Auto,Liability,294
2022-01-28,Geico,Home,Property,160
2022-01-28,Geico,Home,Renters,140
2022-01-28,Geico,Life,Term,292
2022-01-28,Geico,Life,Whole,299
2022-01-28,StateFarm,Auto,Comprehensive,230
2022-01-28,StateFarm,Auto,Liability,358
2022-01-28,StateFarm,Home,Property,196
2022-01-28,StateFarm,Home,Renters,86
2022-01-28,StateFarm,Life,Term,112
2022-01-28,StateFarm,Life,Whole,93
2022-01-28,Allstate,Auto,Comprehensive,208
2022-01-28,Allstate,Auto,Liability,120
2022-01-28,Allstate,Home,Property,299
2022-01-28,Allstate,Home,Renters,139
2022-01-28,Allstate,Life,Term,222
2022-01-28,Allstate,Life,Whole,159
2022-01-29,Geico,Auto,Comprehensive,279
2022-01-29,Geico,Auto,Liability,309
2022-01-29,Geico,Home,Property,201
2022-01-29,Geico,Home,Renters,53
2022-01-29,Geico,Life,Term,75
2022-01-29,Geico,Life,Whole,89
2022-01-29,StateFarm,Auto,Comprehensive,209
2022-01-29,StateFarm,Auto,Liability,276
2022-01-29,StateFarm,Home,Property,119
2022-01-29,StateFarm,Home,Renters,278
2022-01-29,StateFarm,Life,Term,240
2022-01-29,StateFarm,Life,Whole,149
2022-01-29,Allstate,Auto,Comprehensive,201
2022-01-29,Allstate,Auto,Liability,251
2022-01-29,Allstate,Home,Property,102
2022-01-29,Allstate,Home,Renters,203
2022-01-29,Allstate,Life,Term,186
2022-01-29,Allstate,Life,Whole,108
2022-01-30,Geico,Auto,Comprehensive,108
2022-01-30,Geico,Auto,Liability,239
2022-01-30,Geico,Home,Property,214
2022-01-30,Geico,Home,Renters,189
2022-01-30,Geico,Life,Term,280
2022-01-30,Geico,Life,Whole,284
2022-01-30,StateFarm,Auto,Comprehensive,207
2022-01-30,StateFarm,Auto,Liability,144
2022-01-30,StateFarm,Home,Property,204
2022-01-30,StateFarm,Home,Renters,85
2022-01-30,StateFarm,Life,Term,118
2022-01-30,StateFarm,Life,Whole,55
2022-01-30,Allstate,Auto,Comprehensive,203
2022-01-30,Allstate,Auto,Liability,151
2022-01-30,Allstate,Home,Property,186
2022-01-30,Allstate,Home,Renters,193
2022-01-30,Allstate,Life,Term,63
2022-01-30,Allstate,Life,Whole,197
2022-01-31,Geico,Auto,Comprehensive,220
2022-01-31,Geico,Auto,Liability,281
2022-01-31,Geico,Home,Property,55
2022-01-31,Geico,Home,Renters,99
2022-01-31,Geico,Life,Term,72
2022-01-31,Geico,Life,Whole,205
2022-01-31,StateFarm,Auto,Comprehensive,217
2022-01-31,StateFarm,Auto,Liability,264
2022-01-31,StateFarm,Home,Property,269
2022-01-31,StateFarm,Home,Renters,252
2022-01-31,StateFarm,Life,Term,125
2022-01-31,StateFarm,Life,Whole,113
2022-01-31,Allstate,Auto,Comprehensive,349
2022-01-31,Allstate,Auto,Liability,348
2022-01-31,Allstate,Home,Property,51
2022-01-31,Allstate,Home,Renters,252
2022-01-31,Allstate,Life,Term,50
2022-01-31,Allstate,Life,Whole,125
2022-02-01,Geico,Auto,Comprehensive,206
2022-02-01,Geico,Auto,Liability,297
2022-02-01,Geico,Home,Property,136
2022-02-01,Geico,Home,Renters,160
2022-02-01,Geico,Life,Term,54
2022-02-01,Geico,Life,Whole,77
2022-02-01,StateFarm,Auto,Comprehensive,204
2022-02-01,StateFarm,Auto,Liability,193
2022-02-01,StateFarm,Home,Property,51
2022-02-01,StateFarm,Home,Renters,295
2022-02-01,StateFarm,Life,Term,103
2022-02-01,StateFarm,Life,Whole,83
2022-02-01,Allstate,Auto,Comprehensive,192
2022-02-01,Allstate,Auto,Liability,246
2022-02-01,Allstate,Home,Property,276
2022-02-01,Allstate,Home,Renters,288
2022-02-01,Allstate,Life,Term,258
2022-02-01,Allstate,Life,Whole,143
2022-02-02,Geico,Auto,Comprehensive,237
2022-02-02,Geico,Auto,Liability,213
2022-02-02,Geico,Home,Property,252
2022-02-02,Geico,Home,Renters,239
2022-02-02,Geico,Life,Term,124
2022-02-02,Geico,Life,Whole,262
2022-02-02,StateFarm,Auto,Comprehensive,339
2022-02-02,StateFarm,Auto,Liability,258
2022-02-02,StateFarm,Home,Property,182
2022-02-02,StateFarm,Home,Renters,54
2022-02-02,StateFarm,Life,Term,231
2022-02-02,StateFarm,Life,Whole,211
2022-02-02,Allstate,Auto,Comprehensive,337
2022-02-02,Allstate,Auto,Liability,157
2022-02-02,Allstate,Home,Property,296
2022-02-02,Allstate,Home,Renters,240
2022-02-02,Allstate,Life,Term,184
2022-02-02,Allstate,Life,Whole,259
2022-02-03,Geico,Auto,Comprehensive,175
2022-02-03,Geico,Auto,Liability,187
2022-02-03,Geico,Home,Property,215
2022-02-03,Geico,Home,Renters,296
2022-02-03,Geico,Life,Term,227
2022-02-03,Geico,Life,Whole,172
2022-02-03,StateFarm,Auto,Comprehensive,167
2022-02-03,StateFarm,Auto,Liability,240
2022-02-03,StateFarm,Home,Property,215
2022-02-03,StateFarm,Home,Renters,296
2022-02-03,StateFarm,Life,Term,207
2022-02-03,StateFarm,Life,Whole,258
2022-02-03,Allstate,Auto,Comprehensive,158
2022-02-03,Allstate,Auto,Liability,132
2022-02-03,Allstate,Home,Property,103
2022-02-03,Allstate,Home,Renters,189
2022-02-03,Allstate,Life,Term,210
2022-02-03,Allstate,Life,Whole,98
2022-02-04,Geico,Auto,Comprehensive,106
2022-02-04,Geico,Auto,Liability,164
2022-02-04,Geico,Home,Property,74
2022-02-04,Geico,Home,Renters,57
2022-02-04,Geico,Life,Term,165
2022-02-04,Geico,Life,Whole,101
2022-02-04,StateFarm,Auto,Comprehensive,271
2022-02-04,StateFarm,Auto,Liability,128
2022-02-04,StateFarm,Home,Property,290
2022-02-04,StateFarm,Home,Renters,55
2022-02-04,StateFarm,Life,Term,99
2022-02-04,StateFarm,Life,Whole,202
2022-02-04,Allstate,Auto,Comprehensive,320
2022-02-04,Allstate,Auto,Liability,271
2022-02-04,Allstate,Home,Property,169
2022-02-04,Allstate,Home,Renters,281
2022-02-04,Allstate,Life,Term,203
2022-02-04,Allstate,Life,Whole,136
2022-02-05,Geico,Auto,Comprehensive,171
2022-02-05,Geico,Auto,Liability,121
2022-02-05,Geico,Home,Property,93
2022-02-05,Geico,Home,Renters,272
2022-02-05,Geico,Life,Term,288
2022-02-05,Geico,Life,Whole,220
2022-02-05,StateFarm,Auto,Comprehensive,244
2022-02-05,StateFarm,Auto,Liability,147
2022-02-05,StateFarm,Home,Property,192
2022-02-05,StateFarm,Home,Renters,205
2022-02-05,StateFarm,Life,Term,272
2022-02-05,StateFarm,Life,Whole,204
2022-02-05,Allstate,Auto,Comprehensive,356
2022-02-05,Allstate,Auto,Liability,249
2022-02-05,Allstate,Home,Property,209
2022-02-05,Allstate,Home,Renters,242
2022-02-05,Allstate,Life,Term,67
2022-02-05,Allstate,Life,Whole,143
2022-02-06,Geico,Auto,Comprehensive,230
2022-02-06,Geico,Auto,Liability,184
2022-02-06,Geico,Home,Property,187
2022-02-06,Geico,Home,Renters,281
2022-02-06,Geico,Life,Term,288
2022-02-06,Geico,Life,Whole,286
2022-02-06,StateFarm,Auto,Comprehensive,318
2022-02-06,StateFarm,Auto,Liability,297
2022-02-06,StateFarm,Home,Property,256
2022-02-06,StateFarm,Home,Renters,65
2022-02-06,StateFarm,Life,Term,97
2022-02-06,StateFarm,Life,Whole,290
2022-02-06,Allstate,Auto,Comprehensive,111
2022-02-06,Allstate,Auto,Liability,105
2022-02-06,Allstate,Home,Property,119
2022-02-06,Allstate,Home,Renters,62
2022-02-06,Allstate,Life,Term,243
2022-02-06,Allstate,Life,Whole,299
2022-02-07,Geico,Auto,Comprehensive,167
2022-02-07,Geico,Auto,Liability,244
2022-02-07,Geico,Home,Property,282
2022-02-07,Geico,Home,Renters,290
2022-02-07,Geico,Life,Term,64
2022-02-07,Geico,Life,Whole,227
2022-02-07,StateFarm,Auto,Comprehensive,125
2022-02-07,StateFarm,Auto,Liability,152
2022-02-07,StateFarm,Home,Property,273
2022-02-07,StateFarm,Home,Renters,89
2022-02-07,StateFarm,Life,Term,122
2022-02-07,StateFarm,Life,Whole,297
2022-02-07,Allstate,Auto,Comprehensive,182
2022-02-07,Allstate,Auto,Liability,218
2022-02-07,Allstate,Home,Property,184
2022-02-07,Allstate,Home,Renters,262
2022-02-07,Allstate,Life,Term,135
2022-02-07,Allstate,Life,Whole,197
2022-02-08,Geico,Auto,Comprehensive,216
2022-02-08,Geico,Auto,Liability,135
2022-02-08,Geico,Home,Property,223
2022-02-08,Geico,Home,Renters,244
2022-02-08,Geico,Life,Term,56
2022-02-08,Geico,Life,Whole,57
2022-02-08,StateFarm,Auto,Comprehensive,148
2022-02-08,StateFarm,Auto,Liability,230
2022-02-08,StateFarm,Home,Property,289
2022-02-08,StateFarm,Home,Renters,77
2022-02-08,StateFarm,Life,Term,74
2022-02-08,StateFarm,Life,Whole,133
2022-02-08,Allstate,Auto,Comprehensive,101
2022-02-08,Allstate,Auto,Liability,297
2022-02-08,Allstate,Home,Property,95
2022-02-08,Allstate,Home,Renters,249
2022-02-08,Allstate,Life,Term,81
2022-02-08,Allstate,Life,Whole,262
2022-02-09,Geico,Auto,Comprehensive,328
2022-02-09,Geico,Auto,Liability,134
2022-02-09,Geico,Home,Property,190
2022-02-09,Geico,Home,Renters,197
2022-02-09,Geico,Life,Term,83
2022-02-09,Geico,Life,Whole,72
2022-02-09,StateFarm,Auto,Comprehensive,241
2022-02-09,StateFarm,Auto,Liability,210
2022-02-09,StateFarm,Home,Property,260
2022-02-09,StateFarm,Home,Renters,82
2022-02-09,StateFarm,Life,Term,279
2022-02-09,StateFarm,Life,Whole,218
2022-02-09,Allstate,Auto,Comprehensive,276
2022-02-09,Allstate,Auto,Liability,157
2022-02-09,Allstate,Home,Property,290
2022-02-09,Allstate,Home,Renters,213
2022-02-09,Allstate,Life,Term,216
2022-02-09,Allstate,Life,Whole,216
2022-02-10,Geico,Auto,Comprehensive,256
2022-02-10,Geico,Auto,Liability,308
2022-02-10,Geico,Home,Property,263
2022-02-10,Geico,Home,Renters,107
2022-02-10,Geico,Life,Term,130
2022-02-10,Geico,Life,Whole,198
2022-02-10,StateFarm,Auto,Comprehensive,124
2022-02-10,StateFarm,Auto,Liability,307
2022-02-10,StateFarm,Home,Property,103
2022-02-10,StateFarm,Home,Renters,287
2022-02-10,StateFarm,Life,Term,260
2022-02-10,StateFarm,Life,Whole,255
2022-02-10,Allstate,Auto,Comprehensive,192
2022-02-10,Allstate,Auto,Liability,322
2022-02-10,Allstate,Home,Property,289
2022-02-10,Allstate,Home,Renters,108
2022-02-10,Allstate,Life,Term,220
2022-02-10,Allstate,Life,Whole,204
2022-02-11,Geico,Auto,Comprehensive,281
2022-02-11,Geico,Auto,Liability,115
2022-02-11,Geico,Home,Property,178
2022-02-11,Geico,Home,Renters,296
2022-02-11,Geico,Life,Term,80
2022-02-11,Geico,Life,Whole,290
2022-02-11,StateFarm,Auto,Comprehensive,162
2022-02-11,StateFarm,Auto,Liability,168
2022-02-11,StateFarm,Home,Property,257
2022-02-11,StateFarm,Home,Renters,215
2022-02-11,StateFarm,Life,Term,295
2022-02-11,StateFarm,Life,Whole,139
2022-02-11,Allstate,Auto,Comprehensive,128
2022-02-11,Allstate,Auto,Liability,277
2022-02-11,Allstate,Home,Property,216
2022-02-11,Allstate,Home,Renters,236
2022-02-11,Allstate,Life,Term,160
2022-02-11,Allstate,Life,Whole,117
2022-02-12,Geico,Auto,Comprehensive,152
2022-02-12,Geico,Auto,Liability,91
2022-02-12,Geico,Home,Property,84
2022-02-12,Geico,Home,Renters,194
2022-02-12,Geico,Life,Term,298
2022-02-12,Geico,Life,Whole,187
2022-02-12,StateFarm,Auto,Comprehensive,171
2022-02-12,StateFarm,Auto,Liability,288
2022-02-12,StateFarm,Home,Property,249
2022-02-12,StateFarm,Home,Renters,112
2022-02-12,StateFarm,Life,Term,269
2022-02-12,StateFarm,Life,Whole,114
2022-02-12,Allstate,Auto,Comprehensive,346
2022-02-12,Allstate,Auto,Liability,313
2022-02-12,Allstate,Home,Property,225
2022-02-12,Allstate,Home,Renters,283
2022-02-12,Allstate,Life,Term,258
2022-02-12,Allstate,Life,Whole,210
2022-02-13,Geico,Auto,Comprehensive,169
2022-02-13,Geico,Auto,Liability,311
2022-02-13,Geico,Home,Property,170
2022-02-13,Geico,Home,Renters,112
2022-02-13,Geico,Life,Term,120
2022-02-13,Geico,Life,Whole,166
2022-02-13,StateFarm,Auto,Comprehensive,133
2022-02-13,StateFarm,Auto,Liability,205
2022-02-13,StateFarm,Home,Property,219
2022-02-13,StateFarm,Home,Renters,155
2022-02-13,StateFarm,Life,Term,239
2022-02-13,StateFarm,Life,Whole,224
2022-02-13,Allstate,Auto,Comprehensive,156
2022-02-13,Allstate,Auto,Liability,237
2022-02-13,Allstate,Home,Property,202
2022-02-13,Allstate,Home,Renters,273
2022-02-13,Allstate,Life,Term,96
2022-02-13,Allstate,Life,Whole,150
2022-02-14,Geico,Auto,Comprehensive,295
2022-02-14,Geico,Auto,Liability,230
2022-02-14,Geico,Home,Property,172
2022-02-14,Geico,Home,Renters,264
2022-02-14,Geico,Life,Term,217
2022-02-14,Geico,Life,Whole,265
2022-02-14,StateFarm,Auto,Comprehensive,199
2022-02-14,StateFarm,Auto,Liability,190
2022-02-14,StateFarm,Home,Property,212
2022-02-14,StateFarm,Home,Renters,250
2022-02-14,StateFarm,Life,Term,295
2022-02-14,StateFarm,Life,Whole,203
2022-02-14,Allstate,Auto,Comprehensive,274
2022-02-14,Allstate,Auto,Liability,297
2022-02-14,Allstate,Home,Property,113
2022-02-14,Allstate,Home,Renters,284
2022-02-14,Allstate,Life,Term,100
2022-02-14,Allstate,Life,Whole,201
2022-02-15,Geico,Auto,Comprehensive,318
2022-02-15,Geico,Auto,Liability,329
2022-02-15,Geico,Home,Property,90
2022-02-15,Geico,Home,Renters,271
2022-02-15,Geico,Life,Term,197
2022-02-15,Geico,Life,Whole,206
2022-02-15,StateFarm,Auto,Comprehensive,251
2022-02-15,StateFarm,Auto,Liability,304
2022-02-15,StateFarm,Home,Property,132
2022-02-15,StateFarm,Home,Renters,78
2022-02-15,StateFarm,Life,Term,119
2022-02-15,StateFarm,Life,Whole,52
2022-02-15,Allstate,Auto,Comprehensive,163
2022-02-15,Allstate,Auto,Liability,168
2022-02-15,Allstate,Home,Property,204
2022-02-15,Allstate,Home,Renters,66
2022-02-15,Allstate,Life,Term,93
2022-02-15,Allstate,Life,Whole,236
2022-02-16,Geico,Auto,Comprehensive,145
2022-02-16,Geico,Auto,Liability,212
2022-02-16,Geico,Home,Property,124
2022-02-16,Geico,Home,Renters,230
2022-02-16,Geico,Life,Term,135
2022-02-16,Geico,Life,Whole,192
2022-02-16,StateFarm,Auto,Comprehensive,171
2022-02-16,StateFarm,Auto,Liability,279
2022-02-16,StateFarm,Home,Property,160
2022-02-16,StateFarm,Home,Renters,223
2022-02-16,StateFarm,Life,Term,92
2022-02-16,StateFarm,Life,Whole,95
2022-02-16,Allstate,Auto,Comprehensive,342
2022-02-16,Allstate,Auto,Liability,94
2022-02-16,Allstate,Home,Property,275
2022-02-16,Allstate,Home,Renters,207
2022-02-16,Allstate,Life,Term,128
2022-02-16,Allstate,Life,Whole,168
2022-02-17,Geico,Auto,Comprehensive,125
2022-02-17,Geico,Auto,Liability,127
2022-02-17,Geico,Home,Property,254
2022-02-17,Geico,Home,Renters,106
2022-02-17,Geico,Life,Term,167
2022-02-17,Geico,Life,Whole,139
2022-02-17,StateFarm,Auto,Comprehensive,153
2022-02-17,StateFarm,Auto,Liability,317
2022-02-17,StateFarm,Home,Property,298
2022-02-17,StateFarm,Home,Renters,87
2022-02-17,StateFarm,Life,Term,133
2022-02-17,StateFarm,Life,Whole,128
2022-02-17,Allstate,Auto,Comprehensive,224
2022-02-17,Allstate,Auto,Liability,350
2022-02-17,Allstate,Home,Property,78
2022-02-17,Allstate,Home,Renters,65
2022-02-17,Allstate,Life,Term,248
2022-02-17,Allstate,Life,Whole,193
2022-02-18,Geico,Auto,Comprehensive,272
2022-02-18,Geico,Auto,Liability,134
2022-02-18,Geico,Home,Property,237
2022-02-18,Geico,Home,Renters,59
2022-02-18,Geico,Life,Term,197
2022-02-18,Geico,Life,Whole,67
2022-02-18,StateFarm,Auto,Comprehensive,104
2022-02-18,StateFarm,Auto,Liability,163
2022-02-18,StateFarm,Home,Property,80
2022-02-18,StateFarm,Home,Renters,215
2022-02-18,StateFarm,Life,Term,146
2022-02-18,StateFarm,Life,Whole,230
2022-02-18,Allstate,Auto,Comprehensive,302
2022-02-18,Allstate,Auto,Liability,203
2022-02-18,Allstate,Home,Property,123
2022-02-18,Allstate,Home,Renters,237
2022-02-18,Allstate,Life,Term,231
2022-02-18,Allstate,Life,Whole,222
2022-02-19,Geico,Auto,Comprehensive,257
2022-02-19,Geico,Auto,Liability,303
2022-02-19,Geico,Home,Property,93
2022-02-19,Geico,Home,Renters,167
2022-02-19,Geico,Life,Term,284
2022-02-19,Geico,Life,Whole,77
2022-02-19,StateFarm,Auto,Comprehensive,216
2022-02-19,StateFarm,Auto,Liability,309
2022-02-19,StateFarm,Home,Property,268
2022-02-19,StateFarm,Home,Renters,142
2022-02-19,StateFarm,Life,Term,294
2022-02-19,StateFarm,Life,Whole,215
2022-02-19,Allstate,Auto,Comprehensive,301
2022-02-19,Allstate,Auto,Liability,241
2022-02-19,Allstate,Home,Property,256
2022-02-19,Allstate,Home,Renters,64
2022-02-19,Allstate,Life,Term,132
2022-02-19,Allstate,Life,Whole,191
2022-02-20,Geico,Auto,Comprehensive,270
2022-02-20,Geico,Auto,Liability,322
2022-02-20,Geico,Home,Property,280
2022-02-20,Geico,Home,Renters,84
2022-02-20,Geico,Life,Term,93
2022-02-20,Geico,Life,Whole,272
2022-02-20,StateFarm,Auto,Comprehensive,223
2022-02-20,StateFarm,Auto,Liability,260
2022-02-20,StateFarm,Home,Property,213
2022-02-20,StateFarm,Home,Renters,180
2022-02-20,StateFarm,Life,Term,125
2022-02-20,StateFarm,Life,Whole,88
2022-02-20,Allstate,Auto,Comprehensive,207
2022-02-20,Allstate,Auto,Liability,115
2022-02-20,Allstate,Home,Property,265
2022-02-20,Allstate,Home,Renters,288
2022-02-20,Allstate,Life,Term,108
2022-02-20,Allstate,Life,Whole,143
2022-02-21,Geico,Auto,Comprehensive,319
2022-02-21,Geico,Auto,Liability,343
2022-02-21,Geico,Home,Property,274
2022-02-21,Geico,Home,Renters,185
2022-02-21,Geico,Life,Term,282
2022-02-21,Geico,Life,Whole,61
2022-02-21,StateFarm,Auto,Comprehensive,252
2022-02-21,StateFarm,Auto,Liability,316
2022-02-21,StateFarm,Home,Property,61
2022-02-21,StateFarm,Home,Renters,143
2022-02-21,StateFarm,Life,Term,245
2022-02-21,StateFarm,Life,Whole,126
2022-02-21,Allstate,Auto,Comprehensive,227
2022-02-21,Allstate,Auto,Liability,82
2022-02-21,Allstate,Home,Property,266
2022-02-21,Allstate,Home,Renters,186
2022-02-21,Allstate,Life,Term,252
2022-02-21,Allstate,Life,Whole,225
2022-02-22,Geico,Auto,Comprehensive,139
2022-02-22,Geico,Auto,Liability,120
2022-02-22,Geico,Home,Property,229
2022-02-22,Geico,Home,Renters,237
2022-02-22,Geico,Life,Term,190
2022-02-22,Geico,Life,Whole,131
2022-02-22,StateFarm,Auto,Comprehensive,328
2022-02-22,StateFarm,Auto,Liability,221
2022-02-22,StateFarm,Home,Property,285
2022-02-22,StateFarm,Home,Renters,74
2022-02-22,StateFarm,Life,Term,151
2022-02-22,StateFarm,Life,Whole,147
2022-02-22,Allstate,Auto,Comprehensive,95
2022-02-22,Allstate,Auto,Liability,263
2022-02-22,Allstate,Home,Property,283
2022-02-22,Allstate,Home,Renters,103
2022-02-22,Allstate,Life,Term,273
2022-02-22,Allstate,Life,Whole,217
2022-02-23,Geico,Auto,Comprehensive,229
2022-02-23,Geico,Auto,Liability,266
2022-02-23,Geico,Home,Property,121
2022-02-23,Geico,Home,Renters,129
2022-02-23,Geico,Life,Term,55
2022-02-23,Geico,Life,Whole,123
2022-02-23,StateFarm,Auto,Comprehensive,185
2022-02-23,StateFarm,Auto,Liability,286
2022-02-23,StateFarm,Home,Property,273
2022-02-23,StateFarm,Home,Renters,59
2022-02-23,StateFarm,Life,Term,221
2022-02-23,StateFarm,Life,Whole,69
2022-02-23,Allstate,Auto,Comprehensive,285
2022-02-23,Allstate,Auto,Liability,289
2022-02-23,Allstate,Home,Property,156
2022-02-23,Allstate,Home,Renters,286
2022-02-23,Allstate,Life,Term,167
2022-02-23,Allstate,Life,Whole,50
2022-02-24,Geico,Auto,Comprehensive,223
2022-02-24,Geico,Auto,Liability,317
2022-02-24,Geico,Home,Property,220
2022-02-24,Geico,Home,Renters,66
2022-02-24,Geico,Life,Term,175
2022-02-24,Geico,Life,Whole,157
2022-02-24,StateFarm,Auto,Comprehensive,213
2022-02-24,StateFarm,Auto,Liability,235
2022-02-24,StateFarm,Home,Property,158
2022-02-24,StateFarm,Home,Renters,274
2022-02-24,StateFarm,Life,Term,63
2022-02-24,StateFarm,Life,Whole,131
2022-02-24,Allstate,Auto,Comprehensive,190
2022-02-24,Allstate,Auto,Liability,133
2022-02-24,Allstate,Home,Property,297
2022-02-24,Allstate,Home,Renters,266
2022-02-24,Allstate,Life,Term,199
2022-02-24,Allstate,Life,Whole,157
2022-02-25,Geico,Auto,Comprehensive,212
2022-02-25,Geico,Auto,Liability,132
2022-02-25,Geico,Home,Property,87
2022-02-25,Geico,Home,Renters,253
2022-02-25,Geico,Life,Term,101
2022-02-25,Geico,Life,Whole,221
2022-02-25,StateFarm,Auto,Comprehensive,146
2022-02-25,StateFarm,Auto,Liability,198
2022-02-25,StateFarm,Home,Property,90
2022-02-25,StateFarm,Home,Renters,163
2022-02-25,StateFarm,Life,Term,183
2022-02-25,StateFarm,Life,Whole,243
2022-02-25,Allstate,Auto,Comprehensive,355
2022-02-25,Allstate,Auto,Liability,190
2022-02-25,Allstate,Home,Property,281
2022-02-25,Allstate,Home,Renters,101
2022-02-25,Allstate,Life,Term,106
2022-02-25,Allstate,Life,Whole,219
2022-02-26,Geico,Auto,Comprehensive,116
2022-02-26,Geico,Auto,Liability,109
2022-02-26,Geico,Home,Property,192
2022-02-26,Geico,Home,Renters,284
2022-02-26,Geico,Life,Term,196
2022-02-26,Geico,Life,Whole,159
2022-02-26,StateFarm,Auto,Comprehensive,290
2022-02-26,StateFarm,Auto,Liability,314
2022-02-26,StateFarm,Home,Property,266
2022-02-26,StateFarm,Home,Renters,248
2022-02-26,StateFarm,Life,Term,233
2022-02-26,StateFarm,Life,Whole,54
2022-02-26,Allstate,Auto,Comprehensive,171
2022-02-26,Allstate,Auto,Liability,278
2022-02-26,Allstate,Home,Property,128
2022-02-26,Allstate,Home,Renters,294
2022-02-26,Allstate,Life,Term,51
2022-02-26,Allstate,Life,Whole,295
2022-02-27,Geico,Auto,Comprehensive,124
2022-02-27,Geico,Auto,Liability,243
2022-02-27,Geico,Home,Property,183
2022-02-27,Geico,Home,Renters,77
2022-02-27,Geico,Life,Term,237
2022-02-27,Geico,Life,Whole,261
2022-02-27,StateFarm,Auto,Comprehensive,265
2022-02-27,StateFarm,Auto,Liability,290
2022-02-27,StateFarm,Home,Property,104
2022-02-27,StateFarm,Home,Renters,134
2022-02-27,StateFarm,Life,Term,296
2022-02-27,StateFarm,Life,Whole,232
2022-02-27,Allstate,Auto,Comprehensive,287
2022-02-27,Allstate,Auto,Liability,237
2022-02-27,Allstate,Home,Property,156
2022-02-27,Allstate,Home,Renters,80
2022-02-27,Allstate,Life,Term,122
2022-02-27,Allstate,Life,Whole,118
2022-02-28,Geico,Auto,Comprehensive,155
2022-02-28,Geico,Auto,Liability,325
2022-02-28,Geico,Home,Property,248
2022-02-28,Geico,Home,Renters,94
2022-02-28,Geico,Life,Term,224
2022-02-28,Geico,Life,Whole,180
2022-02-28,StateFarm,Auto,Comprehensive,295
2022-02-28,StateFarm,Auto,Liability,306
2022-02-28,StateFarm,Home,Property,103
2022-02-28,StateFarm,Home,Renters,238
2022-02-28,StateFarm,Life,Term,270
2022-02-28,StateFarm,Life,Whole,109
2022-02-28,Allstate,Auto,Comprehensive,201
2022-02-28,Allstate,Auto,Liability,209
2022-02-28,Allstate,Home,Property,183
2022-02-28,Allstate,Home,Renters,193
2022-02-28,Allstate,Life,Term,280
2022-02-28,Allstate,Life,Whole,174
2022-03-01,Geico,Auto,Comprehensive,274
2022-03-01,Geico,Auto,Liability,376
2022-03-01,Geico,Home,Property,208
2022-03-01,Geico,Home,Renters,56
2022-03-01,Geico,Life,Term,136
2022-03-01,Geico,Life,Whole,164
2022-03-01,StateFarm,Auto,Comprehensive,301
2022-03-01,StateFarm,Auto,Liability,155
2022-03-01,StateFarm,Home,Property,99
2022-03-01,StateFarm,Home,Renters,223
2022-03-01,StateFarm,Life,Term,81
2022-03-01,StateFarm,Life,Whole,294
2022-03-01,Allstate,Auto,Comprehensive,117
2022-03-01,Allstate,Auto,Liability,269
2022-03-01,Allstate,Home,Property,129
2022-03-01,Allstate,Home,Renters,135
2022-03-01,Allstate,Life,Term,263
2022-03-01,Allstate,Life,Whole,69
2022-03-02,Geico,Auto,Comprehensive,149
2022-03-02,Geico,Auto,Liability,298
2022-03-02,Geico,Home,Property,148
2022-03-02,Geico,Home,Renters,51
2022-03-02,Geico,Life,Term,298
2022-03-02,Geico,Life,Whole,254
2022-03-02,StateFarm,Auto,Comprehensive,179
2022-03-02,StateFarm,Auto,Liability,117
2022-03-02,StateFarm,Home,Property,295
2022-03-02,StateFarm,Home,Renters,236
2022-03-02,StateFarm,Life,Term,119
2022-03-02,StateFarm,Life,Whole,145
2022-03-02,Allstate,Auto,Comprehensive,111
2022-03-02,Allstate,Auto,Liability,216
2022-03-02,Allstate,Home,Property,63
2022-03-02,Allstate,Home,Renters,92
2022-03-02,Allstate,Life,Term,298
2022-03-02,Allstate,Life,Whole,160
2022-03-03,Geico,Auto,Comprehensive,285
2022-03-03,Geico,Auto,Liability,287
2022-03-03,Geico,Home,Property,91
2022-03-03,Geico,Home,Renters,287
2022-03-03,Geico,Life,Term,195
2022-03-03,Geico,Life,Whole,132
2022-03-03,StateFarm,Auto,Comprehensive,180
2022-03-03,StateFarm,Auto,Liability,153
2022-03-03,StateFarm,Home,Property,263
2022-03-03,StateFarm,Home,Renters,64
2022-03-03,StateFarm,Life,Term,66
2022-03-03,StateFarm,Life,Whole,279
2022-03-03,Allstate,Auto,Comprehensive,203
2022-03-03,Allstate,Auto,Liability,185
2022-03-03,Allstate,Home,Property,290
2022-03-03,Allstate,Home,Renters,66
2022-03-03,Allstate,Life,Term,231
2022-03-03,Allstate,Life,Whole,191
2022-03-04,Geico,Auto,Comprehensive,154
2022-03-04,Geico,Auto,Liability,142
2022-03-04,Geico,Home,Property,214
2022-03-04,Geico,Home,Renters,83
2022-03-04,Geico,Life,Term,286
2022-03-04,Geico,Life,Whole,219
2022-03-04,StateFarm,Auto,Comprehensive,176
2022-03-04,StateFarm,Auto,Liability,176
2022-03-04,StateFarm,Home,Property,139
2022-03-04,StateFarm,Home,Renters,64
2022-03-04,StateFarm,Life,Term,165
2022-03-04,StateFarm,Life,Whole,294
2022-03-04,Allstate,Auto,Comprehensive,299
2022-03-04,Allstate,Auto,Liability,241
2022-03-04,Allstate,Home,Property,237
2022-03-04,Allstate,Home,Renters,223
2022-03-04,Allstate,Life,Term,157
2022-03-04,Allstate,Life,Whole,203
2022-03-05,Geico,Auto,Comprehensive,193
2022-03-05,Geico,Auto,Liability,156
2022-03-05,Geico,Home,Property,92
2022-03-05,Geico,Home,Renters,170
2022-03-05,Geico,Life,Term,277
2022-03-05,Geico,Life,Whole,215
2022-03-05,StateFarm,Auto,Comprehensive,284
2022-03-05,StateFarm,Auto,Liability,147
2022-03-05,StateFarm,Home,Property,242
2022-03-05,StateFarm,Home,Renters,189
2022-03-05,StateFarm,Life,Term,289
2022-03-05,StateFarm,Life,Whole,137
2022-03-05,Allstate,Auto,Comprehensive,235
2022-03-05,Allstate,Auto,Liability,239
2022-03-05,Allstate,Home,Property,72
2022-03-05,Allstate,Home,Renters,86
2022-03-05,Allstate,Life,Term,133
2022-03-05,Allstate,Life,Whole,278
2022-03-06,Geico,Auto,Comprehensive,194
2022-03-06,Geico,Auto,Liability,296
2022-03-06,Geico,Home,Property,157
2022-03-06,Geico,Home,Renters,163
2022-03-06,Geico,Life,Term,102
2022-03-06,Geico,Life,Whole,284
2022-03-06,StateFarm,Auto,Comprehensive,236
2022-03-06,StateFarm,Auto,Liability,212
2022-03-06,StateFarm,Home,Property,250
2022-03-06,StateFarm,Home,Renters,202
2022-03-06,StateFarm,Life,Term,180
2022-03-06,StateFarm,Life,Whole,99
2022-03-06,Allstate,Auto,Comprehensive,302
2022-03-06,Allstate,Auto,Liability,257
2022-03-06,Allstate,Home,Property,183
2022-03-06,Allstate,Home,Renters,90
2022-03-06,Allstate,Life,Term,201
2022-03-06,Allstate,Life,Whole,284
2022-03-07,Geico,Auto,Comprehensive,216
2022-03-07,Geico,Auto,Liability,96
2022-03-07,Geico,Home,Property,287
2022-03-07,Geico,Home,Renters,69
2022-03-07,Geico,Life,Term,190
2022-03-07,Geico,Life,Whole,57
2022-03-07,StateFarm,Auto,Comprehensive,328
2022-03-07,StateFarm,Auto,Liability,135
2022-03-07,StateFarm,Home,Property,282
2022-03-07,StateFarm,Home,Renters,155
2022-03-07,StateFarm,Life,Term,221
2022-03-07,StateFarm,Life,Whole,113
2022-03-07,Allstate,Auto,Comprehensive,285
2022-03-07,Allstate,Auto,Liability,212
2022-03-07,Allstate,Home,Property,95
2022-03-07,Allstate,Home,Renters,146
2022-03-07,Allstate,Life,Term,227
2022-03-07,Allstate,Life,Whole,77
2022-03-08,Geico,Auto,Comprehensive,127
2022-03-08,Geico,Auto,Liability,198
2022-03-08,Geico,Home,Property,182
2022-03-08,Geico,Home,Renters,196
2022-03-08,Geico,Life,Term,117
2022-03-08,Geico,Life,Whole,208
2022-03-08,StateFarm,Auto,Comprehensive,305
2022-03-08,StateFarm,Auto,Liability,180
2022-03-08,StateFarm,Home,Property,60
2022-03-08,StateFarm,Home,Renters,260
2022-03-08,StateFarm,Life,Term,265
2022-03-08,StateFarm,Life,Whole,74
2022-03-08,Allstate,Auto,Comprehensive,346
2022-03-08,Allstate,Auto,Liability,142
2022-03-08,Allstate,Home,Property,199
2022-03-08,Allstate,Home,Renters,220
2022-03-08,Allstate,Life,Term,93
2022-03-08,Allstate,Life,Whole,299
2022-03-09,Geico,Auto,Comprehensive,160
2022-03-09,Geico,Auto,Liability,337
2022-03-09,Geico,Home,Property,81
2022-03-09,Geico,Home,Renters,50
2022-03-09,Geico,Life,Term,285
2022-03-09,Geico,Life,Whole,284
2022-03-09,StateFarm,Auto,Comprehensive,101
2022-03-09,StateFarm,Auto,Liability,300
2022-03-09,StateFarm,Home,Property,263
2022-03-09,StateFarm,Home,Renters,234
2022-03-09,StateFarm,Life,Term,57
2022-03-09,StateFarm,Life,Whole,113
2022-03-09,Allstate,Auto,Comprehensive,256
2022-03-09,Allstate,Auto,Liability,174
2022-03-09,Allstate,Home,Property,298
2022-03-09,Allstate,Home,Renters,249
2022-03-09,Allstate,Life,Term,190
2022-03-09,Allstate,Life,Whole,253
2022-03-10,Geico,Auto,Comprehensive,131
2022-03-10,Geico,Auto,Liability,283
2022-03-10,Geico,Home,Property,63
2022-03-10,Geico,Home,Renters,234
2022-03-10,Geico,Life,Term,104
2022-03-10,Geico,Life,Whole,83
2022-03-10,StateFarm,Auto,Comprehensive,317
2022-03-10,StateFarm,Auto,Liability,161
2022-03-10,StateFarm,Home,Property,53
2022-03-10,StateFarm,Home,Renters,228
2022-03-10,StateFarm,Life,Term,138
2022-03-10,StateFarm,Life,Whole,172
2022-03-10,Allstate,Auto,Comprehensive,349
2022-03-10,Allstate,Auto,Liability,282
2022-03-10,Allstate,Home,Property,206
2022-03-10,Allstate,Home,Renters,70
2022-03-10,Allstate,Life,Term,270
2022-03-10,Allstate,Life,Whole,79
2022-03-11,Geico,Auto,Comprehensive,213
2022-03-11,Geico,Auto,Liability,272
2022-03-11,Geico,Home,Property,178
2022-03-11,Geico,Home,Renters,117
2022-03-11,Geico,Life,Term,150
2022-03-11,Geico,Life,Whole,68
2022-03-11,StateFarm,Auto,Comprehensive,175
2022-03-11,StateFarm,Auto,Liability,155
2022-03-11,StateFarm,Home,Property,62
2022-03-11,StateFarm,Home,Renters,138
2022-03-11,StateFarm,Life,Term,84
2022-03-11,StateFarm,Life,Whole,53
2022-03-11,Allstate,Auto,Comprehensive,324
2022-03-11,Allstate,Auto,Liability,324
2022-03-11,Allstate,Home,Property,193
2022-03-11,Allstate,Home,Renters,52
2022-03-11,Allstate,Life,Term,105
2022-03-11,Allstate,Life,Whole,116
2022-03-12,Geico,Auto,Comprehensive,198
2022-03-12,Geico,Auto,Liability,147
2022-03-12,Geico,Home,Property,261
2022-03-12,Geico,Home,Renters,284
2022-03-12,Geico,Life,Term,147
2022-03-12,Geico,Life,Whole,98
2022-03-12,StateFarm,Auto,Comprehensive,276
2022-03-12,StateFarm,Auto,Liability,220
2022-03-12,StateFarm,Home,Property,295
2022-03-12,StateFarm,Home,Renters,177
2022-03-12,StateFarm,Life,Term,193
2022-03-12,StateFarm,Life,Whole,127
2022-03-12,Allstate,Auto,Comprehensive,294
2022-03-12,Allstate,Auto,Liability,151
2022-03-12,Allstate,Home,Property,110
2022-03-12,Allstate,Home,Renters,106
2022-03-12,Allstate,Life,Term,237
2022-03-12,Allstate,Life,Whole,222
2022-03-13,Geico,Auto,Comprehensive,338
2022-03-13,Geico,Auto,Liability,109
2022-03-13,Geico,Home,Property,80
2022-03-13,Geico,Home,Renters,74
2022-03-13,Geico,Life,Term,94
2022-03-13,Geico,Life,Whole,203
2022-03-13,StateFarm,Auto,Comprehensive,251
2022-03-13,StateFarm,Auto,Liability,312
2022-03-13,StateFarm,Home,Property,104
2022-03-13,StateFarm,Home,Renters,272
2022-03-13,StateFarm,Life,Term,83
2022-03-13,StateFarm,Life,Whole,245
2022-03-13,Allstate,Auto,Comprehensive,112
2022-03-13,Allstate,Auto,Liability,326
2022-03-13,Allstate,Home,Property,213
2022-03-13,Allstate,Home,Renters,73
2022-03-13,Allstate,Life,Term,55
2022-03-13,Allstate,Life,Whole,231
2022-03-14,Geico,Auto,Comprehensive,193
2022-03-14,Geico,Auto,Liability,309
2022-03-14,Geico,Home,Property,145
2022-03-14,Geico,Home,Renters,118
2022-03-14,Geico,Life,Term,114
2022-03-14,Geico,Life,Whole,246
2022-03-14,StateFarm,Auto,Comprehensive,318
2022-03-14,StateFarm,Auto,Liability,202
2022-03-14,StateFarm,Home,Property,262
2022-03-14,StateFarm,Home,Renters,113
2022-03-14,StateFarm,Life,Term,285
2022-03-14,StateFarm,Life,Whole,161
2022-03-14,Allstate,Auto,Comprehensive,195
2022-03-14,Allstate,Auto,Liability,149
2022-03-14,Allstate,Home,Property,241
2022-03-14,Allstate,Home,Renters,278
2022-03-14,Allstate,Life,Term,176
2022-03-14,Allstate,Life,Whole,94
2022-03-15,Geico,Auto,Comprehensive,177
2022-03-15,Geico,Auto,Liability,196
2022-03-15,Geico,Home,Property,265
2022-03-15,Geico,Home,Renters,260
2022-03-15,Geico,Life,Term,167
2022-03-15,Geico,Life,Whole,68
2022-03-15,StateFarm,Auto,Comprehensive,192
2022-03-15,StateFarm,Auto,Liability,208
2022-03-15,StateFarm,Home,Property,139
2022-03-15,StateFarm,Home,Renters,255
2022-03-15,StateFarm,Life,Term,229
2022-03-15,StateFarm,Life,Whole,92
2022-03-15,Allstate,Auto,Comprehensive,327
2022-03-15,Allstate,Auto,Liability,200
2022-03-15,Allstate,Home,Property,61
2022-03-15,Allstate,Home,Renters,129
2022-03-15,Allstate,Life,Term,231
2022-03-15,Allstate,Life,Whole,256
2022-03-16,Geico,Auto,Comprehensive,185
2022-03-16,Geico,Auto,Liability,255
2022-03-16,Geico,Home,Property,190
2022-03-16,Geico,Home,Renters,84
2022-03-16,Geico,Life,Term,274
2022-03-16,Geico,Life,Whole,257
2022-03-16,StateFarm,Auto,Comprehensive,212
2022-03-16,StateFarm,Auto,Liability,261
2022-03-16,StateFarm,Home,Property,117
2022-03-16,StateFarm,Home,Renters,265
2022-03-16,StateFarm,Life,Term,256
2022-03-16,StateFarm,Life,Whole,212
2022-03-16,Allstate,Auto,Comprehensive,264
2022-03-16,Allstate,Auto,Liability,116
2022-03-16,Allstate,Home,Property,169
2022-03-16,Allstate,Home,Renters,197
2022-03-16,Allstate,Life,Term,241
2022-03-16,Allstate,Life,Whole,120
2022-03-17,Geico,Auto,Comprehensive,153
2022-03-17,Geico,Auto,Liability,263
2022-03-17,Geico,Home,Property,204
2022-03-17,Geico,Home,Renters,257
2022-03-17,Geico,Life,Term,78
2022-03-17,Geico,Life,Whole,258
2022-03-17,StateFarm,Auto,Comprehensive,141
2022-03-17,StateFarm,Auto,Liability,121
2022-03-17,StateFarm,Home,Property,176
2022-03-17,StateFarm,Home,Renters,174
2022-03-17,StateFarm,Life,Term,252
2022-03-17,StateFarm,Life,Whole,240
2022-03-17,Allstate,Auto,Comprehensive,199
2022-03-17,Allstate,Auto,Liability,243
2022-03-17,Allstate,Home,Property,189
2022-03-17,Allstate,Home,Renters,87
2022-03-17,Allstate,Life,Term,183
2022-03-17,Allstate,Life,Whole,139
2022-03-18,Geico,Auto,Comprehensive,239
2022-03-18,Geico,Auto,Liability,139
2022-03-18,Geico,Home,Property,215
2022-03-18,Geico,Home,Renters,171
2022-03-18,Geico,Life,Term,159
2022-03-18,Geico,Life,Whole,265
2022-03-18,StateFarm,Auto,Comprehensive,125
2022-03-18,StateFarm,Auto,Liability,182
2022-03-18,StateFarm,Home,Property,181
2022-03-18,StateFarm,Home,Renters,163
2022-03-18,StateFarm,Life,Term,246
2022-03-18,StateFarm,Life,Whole,228
2022-03-18,Allstate,Auto,Comprehensive,189
2022-03-18,Allstate,Auto,Liability,106
2022-03-18,Allstate,Home,Property,83
2022-03-18,Allstate,Home,Renters,138
2022-03-18,Allstate,Life,Term,193
2022-03-18,Allstate,Life,Whole,225
2022-03-19,Geico,Auto,Comprehensive,302
2022-03-19,Geico,Auto,Liability,348
2022-03-19,Geico,Home,Property,161
2022-03-19,Geico,Home,Renters,248
2022-03-19,Geico,Life,Term,188
2022-03-19,Geico,Life,Whole,120
2022-03-19,StateFarm,Auto,Comprehensive,229
2022-03-19,StateFarm,Auto,Liability,100
2022-03-19,StateFarm,Home,Property,122
2022-03-19,StateFarm,Home,Renters,106
2022-03-19,StateFarm,Life,Term,285
2022-03-19,StateFarm,Life,Whole,91
2022-03-19,Allstate,Auto,Comprehensive,160
2022-03-19,Allstate,Auto,Liability,227
2022-03-19,Allstate,Home,Property,250
2022-03-19,Allstate,Home,Renters,67
2022-03-19,Allstate,Life,Term,289
2022-03-19,Allstate,Life,Whole,51
2022-03-20,Geico,Auto,Comprehensive,220
2022-03-20,Geico,Auto,Liability,204
2022-03-20,Geico,Home,Property,254
2022-03-20,Geico,Home,Renters,267
2022-03-20,Geico,Life,Term,139
2022-03-20,Geico,Life,Whole,128
2022-03-20,StateFarm,Auto,Comprehensive,142
2022-03-20,StateFarm,Auto,Liability,262
2022-03-20,StateFarm,Home,Property,119
2022-03-20,StateFarm,Home,Renters,279
2022-03-20,StateFarm,Life,Term,178
2022-03-20,StateFarm,Life,Whole,184
2022-03-20,Allstate,Auto,Comprehensive,370
2022-03-20,Allstate,Auto,Liability,355
2022-03-20,Allstate,Home,Property,174
2022-03-20,Allstate,Home,Renters,132
2022-03-20,Allstate,Life,Term,163
2022-03-20,Allstate,Life,Whole,215
2022-03-21,Geico,Auto,Comprehensive,331
2022-03-21,Geico,Auto,Liability,230
2022-03-21,Geico,Home,Property,256
2022-03-21,Geico,Home,Renters,116
2022-03-21,Geico,Life,Term,144
2022-03-21,Geico,Life,Whole,51
2022-03-21,StateFarm,Auto,Comprehensive,135
2022-03-21,StateFarm,Auto,Liability,192
2022-03-21,StateFarm,Home,Property,222
2022-03-21,StateFarm,Home,Renters,288
2022-03-21,StateFarm,Life,Term,290
2022-03-21,StateFarm,Life,Whole,114
2022-03-21,Allstate,Auto,Comprehensive,190
2022-03-21,Allstate,Auto,Liability,165
2022-03-21,Allstate,Home,Property,164
2022-03-21,Allstate,Home,Renters,272
2022-03-21,Allstate,Life,Term,283
2022-03-21,Allstate,Life,Whole,70
2022-03-22,Geico,Auto,Comprehensive,244
2022-03-22,Geico,Auto,Liability,264
2022-03-22,Geico,Home,Property,72
2022-03-22,Geico,Home,Renters,196
2022-03-22,Geico,Life,Term,77
2022-03-22,Geico,Life,Whole,227
2022-03-22,StateFarm,Auto,Comprehensive,312
2022-03-22,StateFarm,Auto,Liability,330
2022-03-22,StateFarm,Home,Property,117
2022-03-22,StateFarm,Home,Renters,146
2022-03-22,StateFarm,Life,Term,117
2022-03-22,StateFarm,Life,Whole,63
2022-03-22,Allstate,Auto,Comprehensive,134
2022-03-22,Allstate,Auto,Liability,352
2022-03-22,Allstate,Home,Property,168
2022-03-22,Allstate,Home,Renters,106
2022-03-22,Allstate,Life,Term,121
2022-03-22,Allstate,Life,Whole,217
2022-03-23,Geico,Auto,Comprehensive,143
2022-03-23,Geico,Auto,Liability,293
2022-03-23,Geico,Home,Property,178
2022-03-23,Geico,Home,Renters,106
2022-03-23,Geico,Life,Term,196
2022-03-23,Geico,Life,Whole,252
2022-03-23,StateFarm,Auto,Comprehensive,273
2022-03-23,StateFarm,Auto,Liability,255
2022-03-23,StateFarm,Home,Property,235
2022-03-23,StateFarm,Home,Renters,124
2022-03-23,StateFarm,Life,Term,273
2022-03-23,StateFarm,Life,Whole,183
2022-03-23,Allstate,Auto,Comprehensive,202
2022-03-23,Allstate,Auto,Liability,233
2022-03-23,Allstate,Home,Property,127
2022-03-23,Allstate,Home,Renters,147
2022-03-23,Allstate,Life,Term,99
2022-03-23,Allstate,Life,Whole,140
2022-03-24,Geico,Auto,Comprehensive,227
2022-03-24,Geico,Auto,Liability,221
2022-03-24,Geico,Home,Property,87
2022-03-24,Geico,Home,Renters,187
2022-03-24,Geico,Life,Term,215
2022-03-24,Geico,Life,Whole,181
2022-03-24,StateFarm,Auto,Comprehensive,287
2022-03-24,StateFarm,Auto,Liability,161
2022-03-24,StateFarm,Home,Property,82
2022-03-24,StateFarm,Home,Renters,240
2022-03-24,StateFarm,Life,Term,100
2022-03-24,StateFarm,Life,Whole,244
2022-03-24,Allstate,Auto,Comprehensive,161
2022-03-24,Allstate,Auto,Liability,332
2022-03-24,Allstate,Home,Property,207
2022-03-24,Allstate,Home,Renters,117
2022-03-24,Allstate,Life,Term,246
2022-03-24,Allstate,Life,Whole,50
2022-03-25,Geico,Auto,Comprehensive,267
2022-03-25,Geico,Auto,Liability,174
2022-03-25,Geico,Home,Property,220
2022-03-25,Geico,Home,Renters,254
2022-03-25,Geico,Life,Term,296
2022-03-25,Geico,Life,Whole,298
2022-03-25,StateFarm,Auto,Comprehensive,136
2022-03-25,StateFarm,Auto,Liability,294
2022-03-25,StateFarm,Home,Property,271
2022-03-25,StateFarm,Home,Renters,199
2022-03-25,StateFarm,Life,Term,281
2022-03-25,StateFarm,Life,Whole,275
2022-03-25,Allstate,Auto,Comprehensive,137
2022-03-25,Allstate,Auto,Liability,270
2022-03-25,Allstate,Home,Property,140
2022-03-25,Allstate,Home,Renters,125
2022-03-25,Allstate,Life,Term,53
2022-03-25,Allstate,Life,Whole,139
2022-03-26,Geico,Auto,Comprehensive,325
2022-03-26,Geico,Auto,Liability,272
2022-03-26,Geico,Home,Property,155
2022-03-26,Geico,Home,Renters,135
2022-03-26,Geico,Life,Term,56
2022-03-26,Geico,Life,Whole,246
2022-03-26,StateFarm,Auto,Comprehensive,139
2022-03-26,StateFarm,Auto,Liability,129
2022-03-26,StateFarm,Home,Property,98
2022-03-26,StateFarm,Home,Renters,76
2022-03-26,StateFarm,Life,Term,133
2022-03-26,StateFarm,Life,Whole,240
2022-03-26,Allstate,Auto,Comprehensive,147
2022-03-26,Allstate,Auto,Liability,317
2022-03-26,Allstate,Home,Property,195
2022-03-26,Allstate,Home,Renters,176
2022-03-26,Allstate,Life,Term,270
2022-03-26,Allstate,Life,Whole,131
2022-03-27,Geico,Auto,Comprehensive,260
2022-03-27,Geico,Auto,Liability,210
2022-03-27,Geico,Home,Property,181
2022-03-27,Geico,Home,Renters,162
2022-03-27,Geico,Life,Term,210
2022-03-27,Geico,Life,Whole,82
2022-03-27,StateFarm,Auto,Comprehensive,323
2022-03-27,StateFarm,Auto,Liability,128
2022-03-27,StateFarm,Home,Property,103
2022-03-27,StateFarm,Home,Renters,226
2022-03-27,StateFarm,Life,Term,77
2022-03-27,StateFarm,Life,Whole,64
2022-03-27,Allstate,Auto,Comprehensive,123
2022-03-27,Allstate,Auto,Liability,231
2022-03-27,Allstate,Home,Property,103
2022-03-27,Allstate,Home,Renters,214
2022-03-27,Allstate,Life,Term,216
2022-03-27,Allstate,Life,Whole,110
2022-03-28,Geico,Auto,Comprehensive,98
2022-03-28,Geico,Auto,Liability,186
2022-03-28,Geico,Home,Property,136
2022-03-28,Geico,Home,Renters,139
2022-03-28,Geico,Life,Term,98
2022-03-28,Geico,Life,Whole,181
2022-03-28,StateFarm,Auto,Comprehensive,175
2022-03-28,StateFarm,Auto,Liability,176
2022-03-28,StateFarm,Home,Property,79
2022-03-28,StateFarm,Home,Renters,107
2022-03-28,StateFarm,Life,Term,126
2022-03-28,StateFarm,Life,Whole,237
2022-03-28,Allstate,Auto,Comprehensive,166
2022-03-28,Allstate,Auto,Liability,326
2022-03-28,Allstate,Home,Property,186
2022-03-28,Allstate,Home,Renters,92
2022-03-28,Allstate,Life,Term,141
2022-03-28,Allstate,Life,Whole,289
2022-03-29,Geico,Auto,Comprehensive,114
2022-03-29,Geico,Auto,Liability,221
2022-03-29,Geico,Home,Property,252
2022-03-29,Geico,Home,Renters,138
2022-03-29,Geico,Life,Term,252
2022-03-29,Geico,Life,Whole,54
2022-03-29,StateFarm,Auto,Comprehensive,306
2022-03-29,StateFarm,Auto,Liability,255
2022-03-29,StateFarm,Home,Property,275
2022-03-29,StateFarm,Home,Renters,197
2022-03-29,StateFarm,Life,Term,273
2022-03-29,StateFarm,Life,Whole,62
2022-03-29,Allstate,Auto,Comprehensive,102
2022-03-29,Allstate,Auto,Liability,311
2022-03-29,Allstate,Home,Property,189
2022-03-29,Allstate,Home,Renters,100
2022-03-29,Allstate,Life,Term,156
2022-03-29,Allstate,Life,Whole,218
2022-03-30,Geico,Auto,Comprehensive,269
2022-03-30,Geico,Auto,Liability,233
2022-03-30,Geico,Home,Property,296
2022-03-30,Geico,Home,Renters,222
2022-03-30,Geico,Life,Term,88
2022-03-30,Geico,Life,Whole,164
2022-03-30,StateFarm,Auto,Comprehensive,285
2022-03-30,StateFarm,Auto,Liability,322
2022-03-30,StateFarm,Home,Property,65
2022-03-30,StateFarm,Home,Renters,248
2022-03-30,StateFarm,Life,Term,246
2022-03-30,StateFarm,Life,Whole,81
2022-03-30,Allstate,Auto,Comprehensive,297
2022-03-30,Allstate,Auto,Liability,134
2022-03-30,Allstate,Home,Property,170
2022-03-30,Allstate,Home,Renters,242
2022-03-30,Allstate,Life,Term,211
2022-03-30,Allstate,Life,Whole,192
2022-03-31,Geico,Auto,Comprehensive,95
2022-03-31,Geico,Auto,Liability,306
2022-03-31,Geico,Home,Property,146
2022-03-31,Geico,Home,Renters,195
2022-03-31,Geico,Life,Term,162
2022-03-31,Geico,Life,Whole,216
2022-03-31,StateFarm,Auto,Comprehensive,127
2022-03-31,StateFarm,Auto,Liability,243
2022-03-31,StateFarm,Home,Property,181
2022-03-31,StateFarm,Home,Renters,195
2022-03-31,StateFarm,Life,Term,112
2022-03-31,StateFarm,Life,Whole,62
2022-03-31,Allstate,Auto,Comprehensive,323
2022-03-31,Allstate,Auto,Liability,362
2022-03-31,Allstate,Home,Property,78
2022-03-31,Allstate,Home,Renters,256
2022-03-31,Allstate,Life,Term,288
2022-03-31,Allstate,Life,Whole,80
2022-04-01,Geico,Auto,Comprehensive,290
2022-04-01,Geico,Auto,Liability,238
2022-04-01,Geico,Home,Property,292
2022-04-01,Geico,Home,Renters,78
2022-04-01,Geico,Life,Term,252
2022-04-01,Geico,Life,Whole,291
2022-04-01,StateFarm,Auto,Comprehensive,138
2022-04-01,StateFarm,Auto,Liability,238
2022-04-01,StateFarm,Home,Property,199
2022-04-01,StateFarm,Home,Renters,229
2022-04-01,StateFarm,Life,Term,54
2022-04-01,StateFarm,Life,Whole,185
2022-04-01,Allstate,Auto,Comprehensive,355
2022-04-01,Allstate,Auto,Liability,312
2022-04-01,Allstate,Home,Property,102
2022-04-01,Allstate,Home,Renters,177
2022-04-01,Allstate,Life,Term,238
2022-04-01,Allstate,Life,Whole,211
2022-04-02,Geico,Auto,Comprehensive,267
2022-04-02,Geico,Auto,Liability,171
2022-04-02,Geico,Home,Property,75
2022-04-02,Geico,Home,Renters,250
2022-04-02,Geico,Life,Term,162
2022-04-02,Geico,Life,Whole,207
2022-04-02,StateFarm,Auto,Comprehensive,241
2022-04-02,StateFarm,Auto,Liability,169
2022-04-02,StateFarm,Home,Property,55
2022-04-02,StateFarm,Home,Renters,285
2022-04-02,StateFarm,Life,Term,119
2022-04-02,StateFarm,Life,Whole,169
2022-04-02,Allstate,Auto,Comprehensive,181
2022-04-02,Allstate,Auto,Liability,346
2022-04-02,Allstate,Home,Property,174
2022-04-02,Allstate,Home,Renters,103
2022-04-02,Allstate,Life,Term,66
2022-04-02,Allstate,Life,Whole,198
2022-04-03,Geico,Auto,Comprehensive,133
2022-04-03,Geico,Auto,Liability,155
2022-04-03,Geico,Home,Property,218
2022-04-03,Geico,Home,Renters,137
2022-04-03,Geico,Life,Term,288
2022-04-03,Geico,Life,Whole,123
2022-04-03,StateFarm,Auto,Comprehensive,198
2022-04-03,StateFarm,Auto,Liability,173
2022-04-03,StateFarm,Home,Property,282
2022-04-03,StateFarm,Home,Renters,252
2022-04-03,StateFarm,Life,Term,203
2022-04-03,StateFarm,Life,Whole,130
2022-04-03,Allstate,Auto,Comprehensive,318
2022-04-03,Allstate,Auto,Liability,290
2022-04-03,Allstate,Home,Property,241
2022-04-03,Allstate,Home,Renters,237
2022-04-03,Allstate,Life,Term,64
2022-04-03,Allstate,Life,Whole,281
2022-04-04,Geico,Auto,Comprehensive,345
2022-04-04,Geico,Auto,Liability,111
2022-04-04,Geico,Home,Property,155
2022-04-04,Geico,Home,Renters,161
2022-04-04,Geico,Life,Term,111
2022-04-04,Geico,Life,Whole,272
2022-04-04,StateFarm,Auto,Comprehensive,227
2022-04-04,StateFarm,Auto,Liability,101
2022-04-04,StateFarm,Home,Property,81
2022-04-04,StateFarm,Home,Renters,70
2022-04-04,StateFarm,Life,Term,64
2022-04-04,StateFarm,Life,Whole,92
2022-04-04,Allstate,Auto,Comprehensive,261
2022-04-04,Allstate,Auto,Liability,300
2022-04-04,Allstate,Home,Property,259
2022-04-04,Allstate,Home,Renters,92
2022-04-04,Allstate,Life,Term,85
2022-04-04,Allstate,Life,Whole,253
2022-04-05,Geico,Auto,Comprehensive,185
2022-04-05,Geico,Auto,Liability,247
2022-04-05,Geico,Home,Property,78
2022-04-05,Geico,Home,Renters,75
2022-04-05,Geico,Life,Term,156
2022-04-05,Geico,Life,Whole,276
2022-04-05,StateFarm,Auto,Comprehensive,182
2022-04-05,StateFarm,Auto,Liability,252
2022-04-05,StateFarm,Home,Property,274
2022-04-05,StateFarm,Home,Renters,88
2022-04-05,StateFarm,Life,Term,145
2022-04-05,StateFarm,Life,Whole,285
2022-04-05,Allstate,Auto,Comprehensive,221
2022-04-05,Allstate,Auto,Liability,346
2022-04-05,Allstate,Home,Property,158
2022-04-05,Allstate,Home,Renters,212
2022-04-05,Allstate,Life,Term,183
2022-04-05,Allstate,Life,Whole,51
2022-04-06,Geico,Auto,Comprehensive,73
2022-04-06,Geico,Auto,Liability,102
2022-04-06,Geico,Home,Property,267
2022-04-06,Geico,Home,Renters,285
2022-04-06,Geico,Life,Term,265
2022-04-06,Geico,Life,Whole,137
2022-04-06,StateFarm,Auto,Comprehensive,162
2022-04-06,StateFarm,Auto,Liability,296
2022-04-06,StateFarm,Home,Property,161
2022-04-06,StateFarm,Home,Renters,71
2022-04-06,StateFarm,Life,Term,103
2022-04-06,StateFarm,Life,Whole,160
2022-04-06,Allstate,Auto,Comprehensive,222
2022-04-06,Allstate,Auto,Liability,247
2022-04-06,Allstate,Home,Property,159
2022-04-06,Allstate,Home,Renters,176
2022-04-06,Allstate,Life,Term,294
2022-04-06,Allstate,Life,Whole,179
2022-04-07,Geico,Auto,Comprehensive,165
2022-04-07,Geico,Auto,Liability,305
2022-04-07,Geico,Home,Property,54
2022-04-07,Geico,Home,Renters,264
2022-04-07,Geico,Life,Term,75
2022-04-07,Geico,Life,Whole,141
2022-04-07,StateFarm,Auto,Comprehensive,238
2022-04-07,StateFarm,Auto,Liability,169
2022-04-07,StateFarm,Home,Property,125
2022-04-07,StateFarm,Home,Renters,279
2022-04-07,StateFarm,Life,Term,128
2022-04-07,StateFarm,Life,Whole,213
2022-04-07,Allstate,Auto,Comprehensive,169
2022-04-07,Allstate,Auto,Liability,252
2022-04-07,Allstate,Home,Property,90
2022-04-07,Allstate,Home,Renters,75
2022-04-07,Allstate,Life,Term,206
2022-04-07,Allstate,Life,Whole,218
2022-04-08,Geico,Auto,Comprehensive,352
2022-04-08,Geico,Auto,Liability,86
2022-04-08,Geico,Home,Property,75
2022-04-08,Geico,Home,Renters,138
2022-04-08,Geico,Life,Term,101
2022-04-08,Geico,Life,Whole,98
2022-04-08,StateFarm,Auto,Comprehensive,299
2022-04-08,StateFarm,Auto,Liability,154
2022-04-08,StateFarm,Home,Property,251
2022-04-08,StateFarm,Home,Renters,217
2022-04-08,StateFarm,Life,Term,234
2022-04-08,StateFarm,Life,Whole,274
2022-04-08,Allstate,Auto,Comprehensive,244
2022-04-08,Allstate,Auto,Liability,127
2022-04-08,Allstate,Home,Property,58
2022-04-08,Allstate,Home,Renters,166
2022-04-08,Allstate,Life,Term,103
2022-04-08,Allstate,Life,Whole,225
2022-04-09,Geico,Auto,Comprehensive,345
2022-04-09,Geico,Auto,Liability,266
2022-04-09,Geico,Home,Property,94
2022-04-09,Geico,Home,Renters,155
2022-04-09,Geico,Life,Term,94
2022-04-09,Geico,Life,Whole,178
2022-04-09,StateFarm,Auto,Comprehensive,246
2022-04-09,StateFarm,Auto,Liability,168
2022-04-09,StateFarm,Home,Property,61
2022-04-09,StateFarm,Home,Renters,129
2022-04-09,StateFarm,Life,Term,128
2022-04-09,StateFarm,Life,Whole,156
2022-04-09,Allstate,Auto,Comprehensive,188
2022-04-09,Allstate,Auto,Liability,276
2022-04-09,Allstate,Home,Property,79
2022-04-09,Allstate,Home,Renters,261
2022-04-09,Allstate,Life,Term,102
2022-04-09,Allstate,Life,Whole,170
2022-04-10,Geico,Auto,Comprehensive,237
2022-04-10,Geico,Auto,Liability,143
2022-04-10,Geico,Home,Property,172
2022-04-10,Geico,Home,Renters,211
2022-04-10,Geico,Life,Term,142
2022-04-10,Geico,Life,Whole,274
2022-04-10,StateFarm,Auto,Comprehensive,269
2022-04-10,StateFarm,Auto,Liability,313
2022-04-10,StateFarm,Home,Property,63
2022-04-10,StateFarm,Home,Renters,259
2022-04-10,StateFarm,Life,Term,212
2022-04-10,StateFarm,Life,Whole,254
2022-04-10,Allstate,Auto,Comprehensive,208
2022-04-10,Allstate,Auto,Liability,145
2022-04-10,Allstate,Home,Property,91
2022-04-10,Allstate,Home,Renters,232
2022-04-10,Allstate,Life,Term,222
2022-04-10,Allstate,Life,Whole,249
2022-04-11,Geico,Auto,Comprehensive,96
2022-04-11,Geico,Auto,Liability,304
2022-04-11,Geico,Home,Property,112
2022-04-11,Geico,Home,Renters,272
2022-04-11,Geico,Life,Term,268
2022-04-11,Geico,Life,Whole,82
2022-04-11,StateFarm,Auto,Comprehensive,149
2022-04-11,StateFarm,Auto,Liability,310
2022-04-11,StateFarm,Home,Property,145
2022-04-11,StateFarm,Home,Renters,87
2022-04-11,StateFarm,Life,Term,139
2022-04-11,StateFarm,Life,Whole,119
2022-04-11,Allstate,Auto,Comprehensive,87
2022-04-11,Allstate,Auto,Liability,300
2022-04-11,Allstate,Home,Property,69
2022-04-11,Allstate,Home,Renters,190
2022-04-11,Allstate,Life,Term,51
2022-04-11,Allstate,Life,Whole,85
2022-04-12,Geico,Auto,Comprehensive,242
2022-04-12,Geico,Auto,Liability,310
2022-04-12,Geico,Home,Property,102
2022-04-12,Geico,Home,Renters,274
2022-04-12,Geico,Life,Term,280
2022-04-12,Geico,Life,Whole,129
2022-04-12,StateFarm,Auto,Comprehensive,138
2022-04-12,StateFarm,Auto,Liability,100
2022-04-12,StateFarm,Home,Property,111
2022-04-12,StateFarm,Home,Renters,141
2022-04-12,StateFarm,Life,Term,261
2022-04-12,StateFarm,Life,Whole,135
2022-04-12,Allstate,Auto,Comprehensive,326
2022-04-12,Allstate,Auto,Liability,281
2022-04-12,Allstate,Home,Property,272
2022-04-12,Allstate,Home,Renters,183
2022-04-12,Allstate,Life,Term,275
2022-04-12,Allstate,Life,Whole,227
2022-04-13,Geico,Auto,Comprehensive,170
2022-04-13,Geico,Auto,Liability,357
2022-04-13,Geico,Home,Property,299
2022-04-13,Geico,Home,Renters,90
2022-04-13,Geico,Life,Term,78
2022-04-13,Geico,Life,Whole,230
2022-04-13,StateFarm,Auto,Comprehensive,285
2022-04-13,StateFarm,Auto,Liability,188
2022-04-13,StateFarm,Home,Property,146
2022-04-13,StateFarm,Home,Renters,105
2022-04-13,StateFarm,Life,Term,296
2022-04-13,StateFarm,Life,Whole,133
2022-04-13,Allstate,Auto,Comprehensive,159
2022-04-13,Allstate,Auto,Liability,294
2022-04-13,Allstate,Home,Property,268
2022-04-13,Allstate,Home,Renters,82
2022-04-13,Allstate,Life,Term,248
2022-04-13,Allstate,Life,Whole,243
2022-04-14,Geico,Auto,Comprehensive,262
2022-04-14,Geico,Auto,Liability,171
2022-04-14,Geico,Home,Property,87
2022-04-14,Geico,Home,Renters,116
2022-04-14,Geico,Life,Term,98
2022-04-14,Geico,Life,Whole,177
2022-04-14,StateFarm,Auto,Comprehensive,293
2022-04-14,StateFarm,Auto,Liability,285
2022-04-14,StateFarm,Home,Property,103
2022-04-14,StateFarm,Home,Renters,286
2022-04-14,StateFarm,Life,Term,122
2022-04-14,StateFarm,Life,Whole,249
2022-04-14,Allstate,Auto,Comprehensive,118
2022-04-14,Allstate,Auto,Liability,341
2022-04-14,Allstate,Home,Property,130
2022-04-14,Allstate,Home,Renters,254
2022-04-14,Allstate,Life,Term,60
2022-04-14,Allstate,Life,Whole,77
2022-04-15,Geico,Auto,Comprehensive,328
2022-04-15,Geico,Auto,Liability,295
2022-04-15,Geico,Home,Property,151
2022-04-15,Geico,Home,Renters,125
2022-04-15,Geico,Life,Term,256
2022-04-15,Geico,Life,Whole,64
2022-04-15,StateFarm,Auto,Comprehensive,107
2022-04-15,StateFarm,Auto,Liability,337
2022-04-15,StateFarm,Home,Property,53
2022-04-15,StateFarm,Home,Renters,108
2022-04-15,StateFarm,Life,Term,282
2022-04-15,StateFarm,Life,Whole,109
2022-04-15,Allstate,Auto,Comprehensive,132
2022-04-15,Allstate,Auto,Liability,295
2022-04-15,Allstate,Home,Property,145
2022-04-15,Allstate,Home,Renters,252
2022-04-15,Allstate,Life,Term,179
2022-04-15,Allstate,Life,Whole,189
2022-04-16,Geico,Auto,Comprehensive,275
2022-04-16,Geico,Auto,Liability,202
2022-04-16,Geico,Home,Property,216
2022-04-16,Geico,Home,Renters,297
2022-04-16,Geico,Life,Term,117
2022-04-16,Geico,Life,Whole,258
2022-04-16,StateFarm,Auto,Comprehensive,196
2022-04-16,StateFarm,Auto,Liability,153
2022-04-16,StateFarm,Home,Property,86
2022-04-16,StateFarm,Home,Renters,169
2022-04-16,StateFarm,Life,Term,237
2022-04-16,StateFarm,Life,Whole,258
2022-04-16,Allstate,Auto,Comprehensive,333
2022-04-16,Allstate,Auto,Liability,276
2022-04-16,Allstate,Home,Property,89
2022-04-16,Allstate,Home,Renters,299
2022-04-16,Allstate,Life,Term,100
2022-04-16,Allstate,Life,Whole,212
2022-04-17,Geico,Auto,Comprehensive,174
2022-04-17,Geico,Auto,Liability,229
2022-04-17,Geico,Home,Property,274
2022-04-17,Geico,Home,Renters,260
2022-04-17,Geico,Life,Term,106
2022-04-17,Geico,Life,Whole,93
2022-04-17,StateFarm,Auto,Comprehensive,273
2022-04-17,StateFarm,Auto,Liability,174
2022-04-17,StateFarm,Home,Property,284
2022-04-17,StateFarm,Home,Renters,57
2022-04-17,StateFarm,Life,Term,223
2022-04-17,StateFarm,Life,Whole,67
2022-04-17,Allstate,Auto,Comprehensive,273
2022-04-17,Allstate,Auto,Liability,334
2022-04-17,Allstate,Home,Property,63
2022-04-17,Allstate,Home,Renters,191
2022-04-17,Allstate,Life,Term,81
2022-04-17,Allstate,Life,Whole,270
2022-04-18,Geico,Auto,Comprehensive,239
2022-04-18,Geico,Auto,Liability,272
2022-04-18,Geico,Home,Property,261
2022-04-18,Geico,Home,Renters,293
2022-04-18,Geico,Life,Term,53
2022-04-18,Geico,Life,Whole,210
2022-04-18,StateFarm,Auto,Comprehensive,275
2022-04-18,StateFarm,Auto,Liability,306
2022-04-18,StateFarm,Home,Property,168
2022-04-18,StateFarm,Home,Renters,76
2022-04-18,StateFarm,Life,Term,296
2022-04-18,StateFarm,Life,Whole,93
2022-04-18,Allstate,Auto,Comprehensive,278
2022-04-18,Allstate,Auto,Liability,196
2022-04-18,Allstate,Home,Property,225
2022-04-18,Allstate,Home,Renters,249
2022-04-18,Allstate,Life,Term,275
2022-04-18,Allstate,Life,Whole,82
2022-04-19,Geico,Auto,Comprehensive,214
2022-04-19,Geico,Auto,Liability,126
2022-04-19,Geico,Home,Property,169
2022-04-19,Geico,Home,Renters,97
2022-04-19,Geico,Life,Term,281
2022-04-19,Geico,Life,Whole,275
2022-04-19,StateFarm,Auto,Comprehensive,246
2022-04-19,StateFarm,Auto,Liability,183
2022-04-19,StateFarm,Home,Property,220
2022-04-19,StateFarm,Home,Renters,199
2022-04-19,StateFarm,Life,Term,223
2022-04-19,StateFarm,Life,Whole,132
2022-04-19,Allstate,Auto,Comprehensive,361
2022-04-19,Allstate,Auto,Liability,307
2022-04-19,Allstate,Home,Property,223
2022-04-19,Allstate,Home,Renters,203
2022-04-19,Allstate,Life,Term,137
2022-04-19,Allstate,Life,Whole,296
2022-04-20,Geico,Auto,Comprehensive,316
2022-04-20,Geico,Auto,Liability,296
2022-04-20,Geico,Home,Property,257
2022-04-20,Geico,Home,Renters,57
2022-04-20,Geico,Life,Term,80
2022-04-20,Geico,Life,Whole,212
2022-04-20,StateFarm,Auto,Comprehensive,224
2022-04-20,StateFarm,Auto,Liability,105
2022-04-20,StateFarm,Home,Property,57
2022-04-20,StateFarm,Home,Renters,274
2022-04-20,StateFarm,Life,Term,85
2022-04-20,StateFarm,Life,Whole,77
2022-04-20,Allstate,Auto,Comprehensive,329
2022-04-20,Allstate,Auto,Liability,112
2022-04-20,Allstate,Home,Property,295
2022-04-20,Allstate,Home,Renters,159
2022-04-20,Allstate,Life,Term,171
2022-04-20,Allstate,Life,Whole,165
2022-04-21,Geico,Auto,Comprehensive,143
2022-04-21,Geico,Auto,Liability,365
2022-04-21,Geico,Home,Property,203
2022-04-21,Geico,Home,Renters,148
2022-04-21,Geico,Life,Term,106
2022-04-21,Geico,Life,Whole,291
2022-04-21,StateFarm,Auto,Comprehensive,101
2022-04-21,StateFarm,Auto,Liability,249
2022-04-21,StateFarm,Home,Property,246
2022-04-21,StateFarm,Home,Renters,288
2022-04-21,StateFarm,Life,Term,114
2022-04-21,StateFarm,Life,Whole,247
2022-04-21,Allstate,Auto,Comprehensive,253
2022-04-21,Allstate,Auto,Liability,261
2022-04-21,Allstate,Home,Property,93
2022-04-21,Allstate,Home,Renters,144
2022-04-21,Allstate,Life,Term,295
2022-04-21,Allstate,Life,Whole,221
2022-04-22,Geico,Auto,Comprehensive,242
2022-04-22,Geico,Auto,Liability,216
2022-04-22,Geico,Home,Property,55
2022-04-22,Geico,Home,Renters,112
2022-04-22,Geico,Life,Term,212
2022-04-22,Geico,Life,Whole,261
2022-04-22,StateFarm,Auto,Comprehensive,209
2022-04-22,StateFarm,Auto,Liability,105
2022-04-22,StateFarm,Home,Property,109
2022-04-22,StateFarm,Home,Renters,117
2022-04-22,StateFarm,Life,Term,56
2022-04-22,StateFarm,Life,Whole,194
2022-04-22,Allstate,Auto,Comprehensive,154
2022-04-22,Allstate,Auto,Liability,122
2022-04-22,Allstate,Home,Property,245
2022-04-22,Allstate,Home,Renters,197
2022-04-22,Allstate,Life,Term,122
2022-04-22,Allstate,Life,Whole,247
2022-04-23,Geico,Auto,Comprehensive,198
2022-04-23,Geico,Auto,Liability,326
2022-04-23,Geico,Home,Property,267
2022-04-23,Geico,Home,Renters,203
2022-04-23,Geico,Life,Term,207
2022-04-23,Geico,Life,Whole,232
2022-04-23,StateFarm,Auto,Comprehensive,231
2022-04-23,StateFarm,Auto,Liability,183
2022-04-23,StateFarm,Home,Property,78
2022-04-23,StateFarm,Home,Renters,232
2022-04-23,StateFarm,Life,Term,54
2022-04-23,StateFarm,Life,Whole,94
2022-04-23,Allstate,Auto,Comprehensive,146
2022-04-23,Allstate,Auto,Liability,213
2022-04-23,Allstate,Home,Property,260
2022-04-23,Allstate,Home,Renters,62
2022-04-23,Allstate,Life,Term,211
2022-04-23,Allstate,Life,Whole,62
2022-04-24,Geico,Auto,Comprehensive,205
2022-04-24,Geico,Auto,Liability,333
2022-04-24,Geico,Home,Property,254
2022-04-24,Geico,Home,Renters,132
2022-04-24,Geico,Life,Term,156
2022-04-24,Geico,Life,Whole,178
2022-04-24,StateFarm,Auto,Comprehensive,269
2022-04-24,StateFarm,Auto,Liability,181
2022-04-24,StateFarm,Home,Property,121
2022-04-24,StateFarm,Home,Renters,135
2022-04-24,StateFarm,Life,Term,262
2022-04-24,StateFarm,Life,Whole,187
2022-04-24,Allstate,Auto,Comprehensive,186
2022-04-24,Allstate,Auto,Liability,228
2022-04-24,Allstate,Home,Property,239
2022-04-24,Allstate,Home,Renters,272
2022-04-24,Allstate,Life,Term,160
2022-04-24,Allstate,Life,Whole,183
2022-04-25,Geico,Auto,Comprehensive,258
2022-04-25,Geico,Auto,Liability,270
2022-04-25,Geico,Home,Property,138
2022-04-25,Geico,Home,Renters,98
2022-04-25,Geico,Life,Term,175
2022-04-25,Geico,Life,Whole,249
2022-04-25,StateFarm,Auto,Comprehensive,224
2022-04-25,StateFarm,Auto,Liability,216
2022-04-25,StateFarm,Home,Property,161
2022-04-25,StateFarm,Home,Renters,197
2022-04-25,StateFarm,Life,Term,276
2022-04-25,StateFarm,Life,Whole,291
2022-04-25,Allstate,Auto,Comprehensive,192
2022-04-25,Allstate,Auto,Liability,319
2022-04-25,Allstate,Home,Property,141
2022-04-25,Allstate,Home,Renters,159
2022-04-25,Allstate,Life,Term,225
2022-04-25,Allstate,Life,Whole,274
2022-04-26,Geico,Auto,Comprehensive,107
2022-04-26,Geico,Auto,Liability,240
2022-04-26,Geico,Home,Property,128
2022-04-26,Geico,Home,Renters,247
2022-04-26,Geico,Life,Term,171
2022-04-26,Geico,Life,Whole,252
2022-04-26,StateFarm,Auto,Comprehensive,169
2022-04-26,StateFarm,Auto,Liability,258
2022-04-26,StateFarm,Home,Property,88
2022-04-26,StateFarm,Home,Renters,144
2022-04-26,StateFarm,Life,Term,137
2022-04-26,StateFarm,Life,Whole,62
2022-04-26,Allstate,Auto,Comprehensive,133
2022-04-26,Allstate,Auto,Liability,165
2022-04-26,Allstate,Home,Property,145
2022-04-26,Allstate,Home,Renters,271
2022-04-26,Allstate,Life,Term,289
2022-04-26,Allstate,Life,Whole,111
2022-04-27,Geico,Auto,Comprehensive,107
2022-04-27,Geico,Auto,Liability,284
2022-04-27,Geico,Home,Property,271
2022-04-27,Geico,Home,Renters,205
2022-04-27,Geico,Life,Term,247
2022-04-27,Geico,Life,Whole,254
2022-04-27,StateFarm,Auto,Comprehensive,158
2022-04-27,StateFarm,Auto,Liability,249
2022-04-27,StateFarm,Home,Property,191
2022-04-27,StateFarm,Home,Renters,106
2022-04-27,StateFarm,Life,Term,88
2022-04-27,StateFarm,Life,Whole,200
2022-04-27,Allstate,Auto,Comprehensive,193
2022-04-27,Allstate,Auto,Liability,311
2022-04-27,Allstate,Home,Property,240
2022-04-27,Allstate,Home,Renters,92
2022-04-27,Allstate,Life,Term,268
2022-04-27,Allstate,Life,Whole,286
2022-04-28,Geico,Auto,Comprehensive,145
2022-04-28,Geico,Auto,Liability,129
2022-04-28,Geico,Home,Property,204
2022-04-28,Geico,Home,Renters,61
2022-04-28,Geico,Life,Term,167
2022-04-28,Geico,Life,Whole,224
2022-04-28,StateFarm,Auto,Comprehensive,93
2022-04-28,StateFarm,Auto,Liability,281
2022-04-28,StateFarm,Home,Property,176
2022-04-28,StateFarm,Home,Renters,237
2022-04-28,StateFarm,Life,Term,231
2022-04-28,StateFarm,Life,Whole,156
2022-04-28,Allstate,Auto,Comprehensive,210
2022-04-28,Allstate,Auto,Liability,155
2022-04-28,Allstate,Home,Property,183
2022-04-28,Allstate,Home,Renters,255
2022-04-28,Allstate,Life,Term,129
2022-04-28,Allstate,Life,Whole,87
2022-04-29,Geico,Auto,Comprehensive,133
2022-04-29,Geico,Auto,Liability,241
2022-04-29,Geico,Home,Property,55
2022-04-29,Geico,Home,Renters,199
2022-04-29,Geico,Life,Term,125
2022-04-29,Geico,Life,Whole,259
2022-04-29,StateFarm,Auto,Comprehensive,86
2022-04-29,StateFarm,Auto,Liability,180
2022-04-29,StateFarm,Home,Property,144
2022-04-29,StateFarm,Home,Renters,62
2022-04-29,StateFarm,Life,Term,290
2022-04-29,StateFarm,Life,Whole,53
2022-04-29,Allstate,Auto,Comprehensive,173
2022-04-29,Allstate,Auto,Liability,302
2022-04-29,Allstate,Home,Property,70
2022-04-29,Allstate,Home,Renters,191
2022-04-29,Allstate,Life,Term,216
2022-04-29,Allstate,Life,Whole,196
2022-04-30,Geico,Auto,Comprehensive,217
2022-04-30,Geico,Auto,Liability,131
2022-04-30,Geico,Home,Property,284
2022-04-30,Geico,Home,Renters,77
2022-04-30,Geico,Life,Term,227
2022-04-30,Geico,Life,Whole,74
2022-04-30,StateFarm,Auto,Comprehensive,160
2022-04-30,StateFarm,Auto,Liability,238
2022-04-30,StateFarm,Home,Property,52
2022-04-30,StateFarm,Home,Renters,91
2022-04-30,StateFarm,Life,Term,211
2022-04-30,StateFarm,Life,Whole,145
2022-04-30,Allstate,Auto,Comprehensive,321
2022-04-30,Allstate,Auto,Liability,160
2022-04-30,Allstate,Home,Property,269
2022-04-30,Allstate,Home,Renters,192
2022-04-30,Allstate,Life,Term,58
2022-04-30,Allstate,Life,Whole,52
2022-05-01,Geico,Auto,Comprehensive,92
2022-05-01,Geico,Auto,Liability,161
2022-05-01,Geico,Home,Property,233
2022-05-01,Geico,Home,Renters,216
2022-05-01,Geico,Life,Term,265
2022-05-01,Geico,Life,Whole,208
2022-05-01,StateFarm,Auto,Comprehensive,352
2022-05-01,StateFarm,Auto,Liability,222
2022-05-01,StateFarm,Home,Property,50
2022-05-01,StateFarm,Home,Renters,204
2022-05-01,StateFarm,Life,Term,207
2022-05-01,StateFarm,Life,Whole,129
2022-05-01,Allstate,Auto,Comprehensive,254
2022-05-01,Allstate,Auto,Liability,218
2022-05-01,Allstate,Home,Property,126
2022-05-01,Allstate,Home,Renters,212
2022-05-01,Allstate,Life,Term,171
2022-05-01,Allstate,Life,Whole,237
2022-05-02,Geico,Auto,Comprehensive,293
2022-05-02,Geico,Auto,Liability,327
2022-05-02,Geico,Home,Property,65
2022-05-02,Geico,Home,Renters,261
2022-05-02,Geico,Life,Term,178
2022-05-02,Geico,Life,Whole,123
2022-05-02,StateFarm,Auto,Comprehensive,240
2022-05-02,StateFarm,Auto,Liability,316
2022-05-02,StateFarm,Home,Property,224
2022-05-02,StateFarm,Home,Renters,144
2022-05-02,StateFarm,Life,Term,94
2022-05-02,StateFarm,Life,Whole,254
2022-05-02,Allstate,Auto,Comprehensive,210
2022-05-02,Allstate,Auto,Liability,206
2022-05-02,Allstate,Home,Property,203
2022-05-02,Allstate,Home,Renters,277
2022-05-02,Allstate,Life,Term,132
2022-05-02,Allstate,Life,Whole,250
2022-05-03,Geico,Auto,Comprehensive,243
2022-05-03,Geico,Auto,Liability,306
2022-05-03,Geico,Home,Property,196
2022-05-03,Geico,Home,Renters,212
2022-05-03,Geico,Life,Term,76
2022-05-03,Geico,Life,Whole,81
2022-05-03,StateFarm,Auto,Comprehensive,358
2022-05-03,StateFarm,Auto,Liability,135
2022-05-03,StateFarm,Home,Property,120
2022-05-03,StateFarm,Home,Renters,184
2022-05-03,StateFarm,Life,Term,260
2022-05-03,StateFarm,Life,Whole,159
2022-05-03,Allstate,Auto,Comprehensive,303
2022-05-03,Allstate,Auto,Liability,108
2022-05-03,Allstate,Home,Property,110
2022-05-03,Allstate,Home,Renters,72
2022-05-03,Allstate,Life,Term,165
2022-05-03,Allstate,Life,Whole,293
2022-05-04,Geico,Auto,Comprehensive,288
2022-05-04,Geico,Auto,Liability,247
2022-05-04,Geico,Home,Property,182
2022-05-04,Geico,Home,Renters,273
2022-05-04,Geico,Life,Term,86
2022-05-04,Geico,Life,Whole,145
2022-05-04,StateFarm,Auto,Comprehensive,199
2022-05-04,StateFarm,Auto,Liability,146
2022-05-04,StateFarm,Home,Property,182
2022-05-04,StateFarm,Home,Renters,135
2022-05-04,StateFarm,Life,Term,141
2022-05-04,StateFarm,Life,Whole,225
2022-05-04,Allstate,Auto,Comprehensive,138
2022-05-04,Allstate,Auto,Liability,242
2022-05-04,Allstate,Home,Property,190
2022-05-04,Allstate,Home,Renters,59
2022-05-04,Allstate,Life,Term,105
2022-05-04,Allstate,Life,Whole,275
2022-05-05,Geico,Auto,Comprehensive,303
2022-05-05,Geico,Auto,Liability,123
2022-05-05,Geico,Home,Property,173
2022-05-05,Geico,Home,Renters,130
2022-05-05,Geico,Life,Term,56
2022-05-05,Geico,Life,Whole,131
2022-05-05,StateFarm,Auto,Comprehensive,257
2022-05-05,StateFarm,Auto,Liability,268
2022-05-05,StateFarm,Home,Property,131
2022-05-05,StateFarm,Home,Renters,57
2022-05-05,StateFarm,Life,Term,208
2022-05-05,StateFarm,Life,Whole,271
2022-05-05,Allstate,Auto,Comprehensive,323
2022-05-05,Allstate,Auto,Liability,205
2022-05-05,Allstate,Home,Property,267
2022-05-05,Allstate,Home,Renters,79
2022-05-05,Allstate,Life,Term,94
2022-05-05,Allstate,Life,Whole,286
2022-05-06,Geico,Auto,Comprehensive,281
2022-05-06,Geico,Auto,Liability,185
2022-05-06,Geico,Home,Property,285
2022-05-06,Geico,Home,Renters,108
2022-05-06,Geico,Life,Term,80
2022-05-06,Geico,Life,Whole,175
2022-05-06,StateFarm,Auto,Comprehensive,178
2022-05-06,StateFarm,Auto,Liability,143
2022-05-06,StateFarm,Home,Property,274
2022-05-06,StateFarm,Home,Renters,159
2022-05-06,StateFarm,Life,Term,109
2022-05-06,StateFarm,Life,Whole,289
2022-05-06,Allstate,Auto,Comprehensive,253
2022-05-06,Allstate,Auto,Liability,283
2022-05-06,Allstate,Home,Property,184
2022-05-06,Allstate,Home,Renters,184
2022-05-06,Allstate,Life,Term,64
2022-05-06,Allstate,Life,Whole,228
2022-05-07,Geico,Auto,Comprehensive,139
2022-05-07,Geico,Auto,Liability,162
2022-05-07,Geico,Home,Property,137
2022-05-07,Geico,Home,Renters,251
2022-05-07,Geico,Life,Term,72
2022-05-07,Geico,Life,Whole,56
2022-05-07,StateFarm,Auto,Comprehensive,299
2022-05-07,StateFarm,Auto,Liability,155
2022-05-07,StateFarm,Home,Property,297
2022-05-07,StateFarm,Home,Renters,232
2022-05-07,StateFarm,Life,Term,50
2022-05-07,StateFarm,Life,Whole,256
2022-05-07,Allstate,Auto,Comprehensive,146
2022-05-07,Allstate,Auto,Liability,217
2022-05-07,Allstate,Home,Property,245
2022-05-07,Allstate,Home,Renters,146
2022-05-07,Allstate,Life,Term,263
2022-05-07,Allstate,Life,Whole,93
2022-05-08,Geico,Auto,Comprehensive,157
2022-05-08,Geico,Auto,Liability,278
2022-05-08,Geico,Home,Property,125
2022-05-08,Geico,Home,Renters,151
2022-05-08,Geico,Life,Term,280
2022-05-08,Geico,Life,Whole,256
2022-05-08,StateFarm,Auto,Comprehensive,180
2022-05-08,StateFarm,Auto,Liability,129
2022-05-08,StateFarm,Home,Property,214
2022-05-08,StateFarm,Home,Renters,210
2022-05-08,StateFarm,Life,Term,225
2022-05-08,StateFarm,Life,Whole,163
2022-05-08,Allstate,Auto,Comprehensive,267
2022-05-08,Allstate,Auto,Liability,231
2022-05-08,Allstate,Home,Property,226
2022-05-08,Allstate,Home,Renters,153
2022-05-08,Allstate,Life,Term,238
2022-05-08,Allstate,Life,Whole,265
2022-05-09,Geico,Auto,Comprehensive,117
2022-05-09,Geico,Auto,Liability,216
2022-05-09,Geico,Home,Property,91
2022-05-09,Geico,Home,Renters,192
2022-05-09,Geico,Life,Term,140
2022-05-09,Geico,Life,Whole,172
2022-05-09,StateFarm,Auto,Comprehensive,296
2022-05-09,StateFarm,Auto,Liability,188
2022-05-09,StateFarm,Home,Property,215
2022-05-09,StateFarm,Home,Renters,259
2022-05-09,StateFarm,Life,Term,185
2022-05-09,StateFarm,Life,Whole,53
2022-05-09,Allstate,Auto,Comprehensive,294
2022-05-09,Allstate,Auto,Liability,152
2022-05-09,Allstate,Home,Property,166
2022-05-09,Allstate,Home,Renters,255
2022-05-09,Allstate,Life,Term,94
2022-05-09,Allstate,Life,Whole,55
2022-05-10,Geico,Auto,Comprehensive,160
2022-05-10,Geico,Auto,Liability,368
2022-05-10,Geico,Home,Property,139
2022-05-10,Geico,Home,Renters,189
2022-05-10,Geico,Life,Term,131
2022-05-10,Geico,Life,Whole,130
2022-05-10,StateFarm,Auto,Comprehensive,366
2022-05-10,StateFarm,Auto,Liability,155
2022-05-10,StateFarm,Home,Property,234
2022-05-10,StateFarm,Home,Renters,133
2022-05-10,StateFarm,Life,Term,133
2022-05-10,StateFarm,Life,Whole,257
2022-05-10,Allstate,Auto,Comprehensive,126
2022-05-10,Allstate,Auto,Liability,250
2022-05-10,Allstate,Home,Property,136
2022-05-10,Allstate,Home,Renters,135
2022-05-10,Allstate,Life,Term,118
2022-05-10,Allstate,Life,Whole,94
2022-05-11,Geico,Auto,Comprehensive,205
2022-05-11,Geico,Auto,Liability,199
2022-05-11,Geico,Home,Property,143
2022-05-11,Geico,Home,Renters,252
2022-05-11,Geico,Life,Term,193
2022-05-11,Geico,Life,Whole,64
2022-05-11,StateFarm,Auto,Comprehensive,220
2022-05-11,StateFarm,Auto,Liability,193
2022-05-11,StateFarm,Home,Property,256
2022-05-11,StateFarm,Home,Renters,92
2022-05-11,StateFarm,Life,Term,190
2022-05-11,StateFarm,Life,Whole,54
2022-05-11,Allstate,Auto,Comprehensive,230
2022-05-11,Allstate,Auto,Liability,180
2022-05-11,Allstate,Home,Property,237
2022-05-11,Allstate,Home,Renters,84
2022-05-11,Allstate,Life,Term,135
2022-05-11,Allstate,Life,Whole,267
2022-05-12,Geico,Auto,Comprehensive,102
2022-05-12,Geico,Auto,Liability,189
2022-05-12,Geico,Home,Property,112
2022-05-12,Geico,Home,Renters,165
2022-05-12,Geico,Life,Term,71
2022-05-12,Geico,Life,Whole,205
2022-05-12,StateFarm,Auto,Comprehensive,166
2022-05-12,StateFarm,Auto,Liability,225
2022-05-12,StateFarm,Home,Property,116
2022-05-12,StateFarm,Home,Renters,119
2022-05-12,StateFarm,Life,Term,292
2022-05-12,StateFarm,Life,Whole,293
2022-05-12,Allstate,Auto,Comprehensive,306
2022-05-12,Allstate,Auto,Liability,275
2022-05-12,Allstate,Home,Property,54
2022-05-12,Allstate,Home,Renters,251
2022-05-12,Allstate,Life,Term,297
2022-05-12,Allstate,Life,Whole,89
2022-05-13,Geico,Auto,Comprehensive,304
2022-05-13,Geico,Auto,Liability,234
2022-05-13,Geico,Home,Property,291
2022-05-13,Geico,Home,Renters,99
2022-05-13,Geico,Life,Term,98
2022-05-13,Geico,Life,Whole,228
2022-05-13,StateFarm,Auto,Comprehensive,203
2022-05-13,StateFarm,Auto,Liability,122
2022-05-13,StateFarm,Home,Property,154
2022-05-13,StateFarm,Home,Renters,280
2022-05-13,StateFarm,Life,Term,87
2022-05-13,StateFarm,Life,Whole,100
2022-05-13,Allstate,Auto,Comprehensive,90
2022-05-13,Allstate,Auto,Liability,115
2022-05-13,Allstate,Home,Property,104
2022-05-13,Allstate,Home,Renters,296
2022-05-13,Allstate,Life,Term,223
2022-05-13,Allstate,Life,Whole,172
2022-05-14,Geico,Auto,Comprehensive,217
2022-05-14,Geico,Auto,Liability,344
2022-05-14,Geico,Home,Property,133
2022-05-14,Geico,Home,Renters,290
2022-05-14,Geico,Life,Term,279
2022-05-14,Geico,Life,Whole,108
2022-05-14,StateFarm,Auto,Comprehensive,149
2022-05-14,StateFarm,Auto,Liability,309
2022-05-14,StateFarm,Home,Property,251
2022-05-14,StateFarm,Home,Renters,229
2022-05-14,StateFarm,Life,Term,88
2022-05-14,StateFarm,Life,Whole,91
2022-05-14,Allstate,Auto,Comprehensive,325
2022-05-14,Allstate,Auto,Liability,163
2022-05-14,Allstate,Home,Property,219
2022-05-14,Allstate,Home,Renters,60
2022-05-14,Allstate,Life,Term,80
2022-05-14,Allstate,Life,Whole,73
2022-05-15,Geico,Auto,Comprehensive,302
2022-05-15,Geico,Auto,Liability,317
2022-05-15,Geico,Home,Property,223
2022-05-15,Geico,Home,Renters,149
2022-05-15,Geico,Life,Term,220
2022-05-15,Geico,Life,Whole,166
2022-05-15,StateFarm,Auto,Comprehensive,202
2022-05-15,StateFarm,Auto,Liability,223
2022-05-15,StateFarm,Home,Property,93
2022-05-15,StateFarm,Home,Renters,171
2022-05-15,StateFarm,Life,Term,165
2022-05-15,StateFarm,Life,Whole,184
2022-05-15,Allstate,Auto,Comprehensive,283
2022-05-15,Allstate,Auto,Liability,226
2022-05-15,Allstate,Home,Property,226
2022-05-15,Allstate,Home,Renters,65
2022-05-15,Allstate,Life,Term,160
2022-05-15,Allstate,Life,Whole,177
2022-05-16,Geico,Auto,Comprehensive,270
2022-05-16,Geico,Auto,Liability,258
2022-05-16,Geico,Home,Property,60
2022-05-16,Geico,Home,Renters,236
2022-05-16,Geico,Life,Term,288
2022-05-16,Geico,Life,Whole,289
2022-05-16,StateFarm,Auto,Comprehensive,329
2022-05-16,StateFarm,Auto,Liability,146
2022-05-16,StateFarm,Home,Property,238
2022-05-16,StateFarm,Home,Renters,99
2022-05-16,StateFarm,Life,Term,189
2022-05-16,StateFarm,Life,Whole,92
2022-05-16,Allstate,Auto,Comprehensive,185
2022-05-16,Allstate,Auto,Liability,234
2022-05-16,Allstate,Home,Property,295
2022-05-16,Allstate,Home,Renters,258
2022-05-16,Allstate,Life,Term,81
2022-05-16,Allstate,Life,Whole,295
2022-05-17,Geico,Auto,Comprehensive,291
2022-05-17,Geico,Auto,Liability,155
2022-05-17,Geico,Home,Property,206
2022-05-17,Geico,Home,Renters,110
2022-05-17,Geico,Life,Term,137
2022-05-17,Geico,Life,Whole,228
2022-05-17,StateFarm,Auto,Comprehensive,194
2022-05-17,StateFarm,Auto,Liability,130
2022-05-17,StateFarm,Home,Property,263
2022-05-17,StateFarm,Home,Renters,201
2022-05-17,StateFarm,Life,Term,90
2022-05-17,StateFarm,Life,Whole,117
2022-05-17,Allstate,Auto,Comprehensive,257
2022-05-17,Allstate,Auto,Liability,293
2022-05-17,Allstate,Home,Property,139
2022-05-17,Allstate,Home,Renters,160
2022-05-17,Allstate,Life,Term,230
2022-05-17,Allstate,Life,Whole,278
2022-05-18,Geico,Auto,Comprehensive,161
2022-05-18,Geico,Auto,Liability,79
2022-05-18,Geico,Home,Property,206
2022-05-18,Geico,Home,Renters,148
2022-05-18,Geico,Life,Term,210
2022-05-18,Geico,Life,Whole,92
2022-05-18,StateFarm,Auto,Comprehensive,292
2022-05-18,StateFarm,Auto,Liability,118
2022-05-18,StateFarm,Home,Property,142
2022-05-18,StateFarm,Home,Renters,204
2022-05-18,StateFarm,Life,Term,275
2022-05-18,StateFarm,Life,Whole,240
2022-05-18,Allstate,Auto,Comprehensive,239
2022-05-18,Allstate,Auto,Liability,276
2022-05-18,Allstate,Home,Property,53
2022-05-18,Allstate,Home,Renters,111
2022-05-18,Allstate,Life,Term,162
2022-05-18,Allstate,Life,Whole,247
2022-05-19,Geico,Auto,Comprehensive,311
2022-05-19,Geico,Auto,Liability,286
2022-05-19,Geico,Home,Property,177
2022-05-19,Geico,Home,Renters,282
2022-05-19,Geico,Life,Term,287
2022-05-19,Geico,Life,Whole,63
2022-05-19,StateFarm,Auto,Comprehensive,234
2022-05-19,StateFarm,Auto,Liability,324
2022-05-19,StateFarm,Home,Property,250
2022-05-19,StateFarm,Home,Renters,140
2022-05-19,StateFarm,Life,Term,225
2022-05-19,StateFarm,Life,Whole,65
2022-05-19,Allstate,Auto,Comprehensive,260
2022-05-19,Allstate,Auto,Liability,128
2022-05-19,Allstate,Home,Property,243
2022-05-19,Allstate,Home,Renters,282
2022-05-19,Allstate,Life,Term,83
2022-05-19,Allstate,Life,Whole,282
2022-05-20,Geico,Auto,Comprehensive,281
2022-05-20,Geico,Auto,Liability,176
2022-05-20,Geico,Home,Property,83
2022-05-20,Geico,Home,Renters,126
2022-05-20,Geico,Life,Term,253
2022-05-20,Geico,Life,Whole,124
2022-05-20,StateFarm,Auto,Comprehensive,149
2022-05-20,StateFarm,Auto,Liability,137
2022-05-20,StateFarm,Home,Property,269
2022-05-20,StateFarm,Home,Renters,93
2022-05-20,StateFarm,Life,Term,62
2022-05-20,StateFarm,Life,Whole,176
2022-05-20,Allstate,Auto,Comprehensive,120
2022-05-20,Allstate,Auto,Liability,247
2022-05-20,Allstate,Home,Property,259
2022-05-20,Allstate,Home,Renters,215
2022-05-20,Allstate,Life,Term,74
2022-05-20,Allstate,Life,Whole,179
2022-05-21,Geico,Auto,Comprehensive,125
2022-05-21,Geico,Auto,Liability,107
2022-05-21,Geico,Home,Property,128
2022-05-21,Geico,Home,Renters,102
2022-05-21,Geico,Life,Term,169
2022-05-21,Geico,Life,Whole,240
2022-05-21,StateFarm,Auto,Comprehensive,288
2022-05-21,StateFarm,Auto,Liability,83
2022-05-21,StateFarm,Home,Property,73
2022-05-21,StateFarm,Home,Renters,101
2022-05-21,StateFarm,Life,Term,220
2022-05-21,StateFarm,Life,Whole,152
2022-05-21,Allstate,Auto,Comprehensive,203
2022-05-21,Allstate,Auto,Liability,244
2022-05-21,Allstate,Home,Property,109
2022-05-21,Allstate,Home,Renters,160
2022-05-21,Allstate,Life,Term,220
2022-05-21,Allstate,Life,Whole,156
2022-05-22,Geico,Auto,Comprehensive,131
2022-05-22,Geico,Auto,Liability,174
2022-05-22,Geico,Home,Property,54
2022-05-22,Geico,Home,Renters,72
2022-05-22,Geico,Life,Term,132
2022-05-22,Geico,Life,Whole,176
2022-05-22,StateFarm,Auto,Comprehensive,118
2022-05-22,StateFarm,Auto,Liability,317
2022-05-22,StateFarm,Home,Property,264
2022-05-22,StateFarm,Home,Renters,199
2022-05-22,StateFarm,Life,Term,273
2022-05-22,StateFarm,Life,Whole,294
2022-05-22,Allstate,Auto,Comprehensive,147
2022-05-22,Allstate,Auto,Liability,269
2022-05-22,Allstate,Home,Property,148
2022-05-22,Allstate,Home,Renters,55
2022-05-22,Allstate,Life,Term,252
2022-05-22,Allstate,Life,Whole,186
2022-05-23,Geico,Auto,Comprehensive,94
2022-05-23,Geico,Auto,Liability,255
2022-05-23,Geico,Home,Property,110
2022-05-23,Geico,Home,Renters,148
2022-05-23,Geico,Life,Term,248
2022-05-23,Geico,Life,Whole,88
2022-05-23,StateFarm,Auto,Comprehensive,147
2022-05-23,StateFarm,Auto,Liability,127
2022-05-23,StateFarm,Home,Property,106
2022-05-23,StateFarm,Home,Renters,129
2022-05-23,StateFarm,Life,Term,249
2022-05-23,StateFarm,Life,Whole,81
2022-05-23,Allstate,Auto,Comprehensive,189
2022-05-23,Allstate,Auto,Liability,154
2022-05-23,Allstate,Home,Property,178
2022-05-23,Allstate,Home,Renters,194
2022-05-23,Allstate,Life,Term,250
2022-05-23,Allstate,Life,Whole,298
2022-05-24,Geico,Auto,Comprehensive,132
2022-05-24,Geico,Auto,Liability,375
2022-05-24,Geico,Home,Property,196
2022-05-24,Geico,Home,Renters,230
2022-05-24,Geico,Life,Term,276
2022-05-24,Geico,Life,Whole,65
2022-05-24,StateFarm,Auto,Comprehensive,315
2022-05-24,StateFarm,Auto,Liability,282
2022-05-24,StateFarm,Home,Property,274
2022-05-24,StateFarm,Home,Renters,117
2022-05-24,StateFarm,Life,Term,265
2022-05-24,StateFarm,Life,Whole,132
2022-05-24,Allstate,Auto,Comprehensive,237
2022-05-24,Allstate,Auto,Liability,137
2022-05-24,Allstate,Home,Property,235
2022-05-24,Allstate,Home,Renters,183
2022-05-24,Allstate,Life,Term,135
2022-05-24,Allstate,Life,Whole,235
2022-05-25,Geico,Auto,Comprehensive,127
2022-05-25,Geico,Auto,Liability,183
2022-05-25,Geico,Home,Property,124
2022-05-25,Geico,Home,Renters,181
2022-05-25,Geico,Life,Term,202
2022-05-25,Geico,Life,Whole,176
2022-05-25,StateFarm,Auto,Comprehensive,286
2022-05-25,StateFarm,Auto,Liability,185
2022-05-25,StateFarm,Home,Property,170
2022-05-25,StateFarm,Home,Renters,247
2022-05-25,StateFarm,Life,Term,155
2022-05-25,StateFarm,Life,Whole,79
2022-05-25,Allstate,Auto,Comprehensive,309
2022-05-25,Allstate,Auto,Liability,105
2022-05-25,Allstate,Home,Property,81
2022-05-25,Allstate,Home,Renters,145
2022-05-25,Allstate,Life,Term,59
2022-05-25,Allstate,Life,Whole,275
2022-05-26,Geico,Auto,Comprehensive,187
2022-05-26,Geico,Auto,Liability,229
2022-05-26,Geico,Home,Property,86
2022-05-26,Geico,Home,Renters,117
2022-05-26,Geico,Life,Term,143
2022-05-26,Geico,Life,Whole,65
2022-05-26,StateFarm,Auto,Comprehensive,162
2022-05-26,StateFarm,Auto,Liability,315
2022-05-26,StateFarm,Home,Property,269
2022-05-26,StateFarm,Home,Renters,92
2022-05-26,StateFarm,Life,Term,94
2022-05-26,StateFarm,Life,Whole,275
2022-05-26,Allstate,Auto,Comprehensive,200
2022-05-26,Allstate,Auto,Liability,273
2022-05-26,Allstate,Home,Property,134
2022-05-26,Allstate,Home,Renters,73
2022-05-26,Allstate,Life,Term,131
2022-05-26,Allstate,Life,Whole,115
2022-05-27,Geico,Auto,Comprehensive,172
2022-05-27,Geico,Auto,Liability,175
2022-05-27,Geico,Home,Property,171
2022-05-27,Geico,Home,Renters,243
2022-05-27,Geico,Life,Term,247
2022-05-27,Geico,Life,Whole,181
2022-05-27,StateFarm,Auto,Comprehensive,306
2022-05-27,StateFarm,Auto,Liability,181
2022-05-27,StateFarm,Home,Property,284
2022-05-27,StateFarm,Home,Renters,61
2022-05-27,StateFarm,Life,Term,254
2022-05-27,StateFarm,Life,Whole,111
2022-05-27,Allstate,Auto,Comprehensive,291
2022-05-27,Allstate,Auto,Liability,170
2022-05-27,Allstate,Home,Property,299
2022-05-27,Allstate,Home,Renters,268
2022-05-27,Allstate,Life,Term,122
2022-05-27,Allstate,Life,Whole,127
2022-05-28,Geico,Auto,Comprehensive,138
2022-05-28,Geico,Auto,Liability,356
2022-05-28,Geico,Home,Property,195
2022-05-28,Geico,Home,Renters,287
2022-05-28,Geico,Life,Term,234
2022-05-28,Geico,Life,Whole,159
2022-05-28,StateFarm,Auto,Comprehensive,302
2022-05-28,StateFarm,Auto,Liability,285
2022-05-28,StateFarm,Home,Property,253
2022-05-28,StateFarm,Home,Renters,279
2022-05-28,StateFarm,Life,Term,166
2022-05-28,StateFarm,Life,Whole,154
2022-05-28,Allstate,Auto,Comprehensive,215
2022-05-28,Allstate,Auto,Liability,108
2022-05-28,Allstate,Home,Property,129
2022-05-28,Allstate,Home,Renters,297
2022-05-28,Allstate,Life,Term,139
2022-05-28,Allstate,Life,Whole,82
2022-05-29,Geico,Auto,Comprehensive,302
2022-05-29,Geico,Auto,Liability,194
2022-05-29,Geico,Home,Property,256
2022-05-29,Geico,Home,Renters,133
2022-05-29,Geico,Life,Term,221
2022-05-29,Geico,Life,Whole,286
2022-05-29,StateFarm,Auto,Comprehensive,244
2022-05-29,StateFarm,Auto,Liability,325
2022-05-29,StateFarm,Home,Property,192
2022-05-29,StateFarm,Home,Renters,228
2022-05-29,StateFarm,Life,Term,153
2022-05-29,StateFarm,Life,Whole,137
2022-05-29,Allstate,Auto,Comprehensive,246
2022-05-29,Allstate,Auto,Liability,192
2022-05-29,Allstate,Home,Property,253
2022-05-29,Allstate,Home,Renters,106
2022-05-29,Allstate,Life,Term,192
2022-05-29,Allstate,Life,Whole,63
2022-05-30,Geico,Auto,Comprehensive,316
2022-05-30,Geico,Auto,Liability,126
2022-05-30,Geico,Home,Property,223
2022-05-30,Geico,Home,Renters,161
2022-05-30,Geico,Life,Term,99
2022-05-30,Geico,Life,Whole,60
2022-05-30,StateFarm,Auto,Comprehensive,101
2022-05-30,StateFarm,Auto,Liability,240
2022-05-30,StateFarm,Home,Property,297
2022-05-30,StateFarm,Home,Renters,267
2022-05-30,StateFarm,Life,Term,114
2022-05-30,StateFarm,Life,Whole,128
2022-05-30,Allstate,Auto,Comprehensive,238
2022-05-30,Allstate,Auto,Liability,332
2022-05-30,Allstate,Home,Property,184
2022-05-30,Allstate,Home,Renters,89
2022-05-30,Allstate,Life,Term,76
2022-05-30,Allstate,Life,Whole,65
2022-05-31,Geico,Auto,Comprehensive,232
2022-05-31,Geico,Auto,Liability,294
2022-05-31,Geico,Home,Property,79
2022-05-31,Geico,Home,Renters,198
2022-05-31,Geico,Life,Term,287
2022-05-31,Geico,Life,Whole,198
2022-05-31,StateFarm,Auto,Comprehensive,142
2022-05-31,StateFarm,Auto,Liability,134
2022-05-31,StateFarm,Home,Property,56
2022-05-31,StateFarm,Home,Renters,243
2022-05-31,StateFarm,Life,Term,295
2022-05-31,StateFarm,Life,Whole,292
2022-05-31,Allstate,Auto,Comprehensive,332
2022-05-31,Allstate,Auto,Liability,163
2022-05-31,Allstate,Home,Property,236
2022-05-31,Allstate,Home,Renters,278
2022-05-31,Allstate,Life,Term,163
2022-05-31,Allstate,Life,Whole,275
2022-06-01,Geico,Auto,Comprehensive,186
2022-06-01,Geico,Auto,Liability,247
2022-06-01,Geico,Home,Property,121
2022-06-01,Geico,Home,Renters,271
2022-06-01,Geico,Life,Term,178
2022-06-01,Geico,Life,Whole,172
2022-06-01,StateFarm,Auto,Comprehensive,287
2022-06-01,StateFarm,Auto,Liability,150
2022-06-01,StateFarm,Home,Property,296
2022-06-01,StateFarm,Home,Renters,117
2022-06-01,StateFarm,Life,Term,52
2022-06-01,StateFarm,Life,Whole,116
2022-06-01,Allstate,Auto,Comprehensive,121
2022-06-01,Allstate,Auto,Liability,191
2022-06-01,Allstate,Home,Property,234
2022-06-01,Allstate,Home,Renters,113
2022-06-01,Allstate,Life,Term,70
2022-06-01,Allstate,Life,Whole,94
2022-06-02,Geico,Auto,Comprehensive,132
2022-06-02,Geico,Auto,Liability,235
2022-06-02,Geico,Home,Property,273
2022-06-02,Geico,Home,Renters,80
2022-06-02,Geico,Life,Term,242
2022-06-02,Geico,Life,Whole,237
2022-06-02,StateFarm,Auto,Comprehensive,329
2022-06-02,StateFarm,Auto,Liability,151
2022-06-02,StateFarm,Home,Property,59
2022-06-02,StateFarm,Home,Renters,103
2022-06-02,StateFarm,Life,Term,110
2022-06-02,StateFarm,Life,Whole,105
2022-06-02,Allstate,Auto,Comprehensive,233
2022-06-02,Allstate,Auto,Liability,181
2022-06-02,Allstate,Home,Property,266
2022-06-02,Allstate,Home,Renters,223
2022-06-02,Allstate,Life,Term,168
2022-06-02,Allstate,Life,Whole,91
2022-06-03,Geico,Auto,Comprehensive,149
2022-06-03,Geico,Auto,Liability,209
2022-06-03,Geico,Home,Property,122
2022-06-03,Geico,Home,Renters,206
2022-06-03,Geico,Life,Term,83
2022-06-03,Geico,Life,Whole,98
2022-06-03,StateFarm,Auto,Comprehensive,143
2022-06-03,StateFarm,Auto,Liability,301
2022-06-03,StateFarm,Home,Property,97
2022-06-03,StateFarm,Home,Renters,247
2022-06-03,StateFarm,Life,Term,259
2022-06-03,StateFarm,Life,Whole,125
2022-06-03,Allstate,Auto,Comprehensive,262
2022-06-03,Allstate,Auto,Liability,189
2022-06-03,Allstate,Home,Property,238
2022-06-03,Allstate,Home,Renters,79
2022-06-03,Allstate,Life,Term,160
2022-06-03,Allstate,Life,Whole,203
2022-06-04,Geico,Auto,Comprehensive,357
2022-06-04,Geico,Auto,Liability,268
2022-06-04,Geico,Home,Property,153
2022-06-04,Geico,Home,Renters,213
2022-06-04,Geico,Life,Term,68
2022-06-04,Geico,Life,Whole,212
2022-06-04,StateFarm,Auto,Comprehensive,239
2022-06-04,StateFarm,Auto,Liability,175
2022-06-04,StateFarm,Home,Property,154
2022-06-04,StateFarm,Home,Renters,173
2022-06-04,StateFarm,Life,Term,164
2022-06-04,StateFarm,Life,Whole,298
2022-06-04,Allstate,Auto,Comprehensive,273
2022-06-04,Allstate,Auto,Liability,302
2022-06-04,Allstate,Home,Property,106
2022-06-04,Allstate,Home,Renters,147
2022-06-04,Allstate,Life,Term,179
2022-06-04,Allstate,Life,Whole,178
2022-06-05,Geico,Auto,Comprehensive,221
2022-06-05,Geico,Auto,Liability,99
2022-06-05,Geico,Home,Property,96
2022-06-05,Geico,Home,Renters,100
2022-06-05,Geico,Life,Term,224
2022-06-05,Geico,Life,Whole,183
2022-06-05,StateFarm,Auto,Comprehensive,325
2022-06-05,StateFarm,Auto,Liability,223
2022-06-05,StateFarm,Home,Property,152
2022-06-05,StateFarm,Home,Renters,174
2022-06-05,StateFarm,Life,Term,251
2022-06-05,StateFarm,Life,Whole,293
2022-06-05,Allstate,Auto,Comprehensive,264
2022-06-05,Allstate,Auto,Liability,261
2022-06-05,Allstate,Home,Property,272
2022-06-05,Allstate,Home,Renters,215
2022-06-05,Allstate,Life,Term,53
2022-06-05,Allstate,Life,Whole,120
2022-06-06,Geico,Auto,Comprehensive,133
2022-06-06,Geico,Auto,Liability,336
2022-06-06,Geico,Home,Property,188
2022-06-06,Geico,Home,Renters,52
2022-06-06,Geico,Life,Term,236
2022-06-06,Geico,Life,Whole,139
2022-06-06,StateFarm,Auto,Comprehensive,125
2022-06-06,StateFarm,Auto,Liability,326
2022-06-06,StateFarm,Home,Property,266
2022-06-06,StateFarm,Home,Renters,124
2022-06-06,StateFarm,Life,Term,172
2022-06-06,StateFarm,Life,Whole,122
2022-06-06,Allstate,Auto,Comprehensive,270
2022-06-06,Allstate,Auto,Liability,108
2022-06-06,Allstate,Home,Property,107
2022-06-06,Allstate,Home,Renters,78
2022-06-06,Allstate,Life,Term,178
2022-06-06,Allstate,Life,Whole,112
2022-06-07,Geico,Auto,Comprehensive,116
2022-06-07,Geico,Auto,Liability,119
2022-06-07,Geico,Home,Property,246
2022-06-07,Geico,Home,Renters,63
2022-06-07,Geico,Life,Term,66
2022-06-07,Geico,Life,Whole,250
2022-06-07,StateFarm,Auto,Comprehensive,147
2022-06-07,StateFarm,Auto,Liability,302
2022-06-07,StateFarm,Home,Property,233
2022-06-07,StateFarm,Home,Renters,179
2022-06-07,StateFarm,Life,Term,274
2022-06-07,StateFarm,Life,Whole,63
2022-06-07,Allstate,Auto,Comprehensive,329
2022-06-07,Allstate,Auto,Liability,228
2022-06-07,Allstate,Home,Property,113
2022-06-07,Allstate,Home,Renters,216
2022-06-07,Allstate,Life,Term,283
2022-06-07,Allstate,Life,Whole,76
2022-06-08,Geico,Auto,Comprehensive,133
2022-06-08,Geico,Auto,Liability,207
2022-06-08,Geico,Home,Property,200
2022-06-08,Geico,Home,Renters,158
2022-06-08,Geico,Life,Term,128
2022-06-08,Geico,Life,Whole,65
2022-06-08,StateFarm,Auto,Comprehensive,138
2022-06-08,StateFarm,Auto,Liability,241
2022-06-08,StateFarm,Home,Property,193
2022-06-08,StateFarm,Home,Renters,69
2022-06-08,StateFarm,Life,Term,175
2022-06-08,StateFarm,Life,Whole,141
2022-06-08,Allstate,Auto,Comprehensive,90
2022-06-08,Allstate,Auto,Liability,209
2022-06-08,Allstate,Home,Property,137
2022-06-08,Allstate,Home,Renters,101
2022-06-08,Allstate,Life,Term,62
2022-06-08,Allstate,Life,Whole,167
2022-06-09,Geico,Auto,Comprehensive,296
2022-06-09,Geico,Auto,Liability,228
2022-06-09,Geico,Home,Property,200
2022-06-09,Geico,Home,Renters,82
2022-06-09,Geico,Life,Term,137
2022-06-09,Geico,Life,Whole,209
2022-06-09,StateFarm,Auto,Comprehensive,151
2022-06-09,StateFarm,Auto,Liability,223
2022-06-09,StateFarm,Home,Property,253
2022-06-09,StateFarm,Home,Renters,56
2022-06-09,StateFarm,Life,Term,263
2022-06-09,StateFarm,Life,Whole,217
2022-06-09,Allstate,Auto,Comprehensive,140
2022-06-09,Allstate,Auto,Liability,145
2022-06-09,Allstate,Home,Property,182
2022-06-09,Allstate,Home,Renters,54
2022-06-09,Allstate,Life,Term,167
2022-06-09,Allstate,Life,Whole,117
2022-06-10,Geico,Auto,Comprehensive,106
2022-06-10,Geico,Auto,Liability,192
2022-06-10,Geico,Home,Property,175
2022-06-10,Geico,Home,Renters,234
2022-06-10,Geico,Life,Term,50
2022-06-10,Geico,Life,Whole,127
2022-06-10,StateFarm,Auto,Comprehensive,213
2022-06-10,StateFarm,Auto,Liability,350
2022-06-10,StateFarm,Home,Property,182
2022-06-10,StateFarm,Home,Renters,73
2022-06-10,StateFarm,Life,Term,157
2022-06-10,StateFarm,Life,Whole,217
2022-06-10,Allstate,Auto,Comprehensive,92
2022-06-10,Allstate,Auto,Liability,186
2022-06-10,Allstate,Home,Property,246
2022-06-10,Allstate,Home,Renters,98
2022-06-10,Allstate,Life,Term,143
2022-06-10,Allstate,Life,Whole,88
2022-06-11,Geico,Auto,Comprehensive,312
2022-06-11,Geico,Auto,Liability,264
2022-06-11,Geico,Home,Property,205
2022-06-11,Geico,Home,Renters,214
2022-06-11,Geico,Life,Term,61
2022-06-11,Geico,Life,Whole,129
2022-06-11,StateFarm,Auto,Comprehensive,186
2022-06-11,StateFarm,Auto,Liability,302
2022-06-11,StateFarm,Home,Property,296
2022-06-11,StateFarm,Home,Renters,291
2022-06-11,StateFarm,Life,Term,176
2022-06-11,StateFarm,Life,Whole,111
2022-06-11,Allstate,Auto,Comprehensive,320
2022-06-11,Allstate,Auto,Liability,147
2022-06-11,Allstate,Home,Property,99
2022-06-11,Allstate,Home,Renters,234
2022-06-11,Allstate,Life,Term,289
2022-06-11,Allstate,Life,Whole,286
2022-06-12,Geico,Auto,Comprehensive,177
2022-06-12,Geico,Auto,Liability,220
2022-06-12,Geico,Home,Property,52
2022-06-12,Geico,Home,Renters,229
2022-06-12,Geico,Life,Term,57
2022-06-12,Geico,Life,Whole,104
2022-06-12,StateFarm,Auto,Comprehensive,183
2022-06-12,StateFarm,Auto,Liability,191
2022-06-12,StateFarm,Home,Property,240
2022-06-12,StateFarm,Home,Renters,286
2022-06-12,StateFarm,Life,Term,242
2022-06-12,StateFarm,Life,Whole,222
2022-06-12,Allstate,Auto,Comprehensive,185
2022-06-12,Allstate,Auto,Liability,288
2022-06-12,Allstate,Home,Property,224
2022-06-12,Allstate,Home,Renters,212
2022-06-12,Allstate,Life,Term,245
2022-06-12,Allstate,Life,Whole,125
2022-06-13,Geico,Auto,Comprehensive,317
2022-06-13,Geico,Auto,Liability,274
2022-06-13,Geico,Home,Property,258
2022-06-13,Geico,Home,Renters,212
2022-06-13,Geico,Life,Term,125
2022-06-13,Geico,Life,Whole,182
2022-06-13,StateFarm,Auto,Comprehensive,317
2022-06-13,StateFarm,Auto,Liability,361
2022-06-13,StateFarm,Home,Property,129
2022-06-13,StateFarm,Home,Renters,189
2022-06-13,StateFarm,Life,Term,127
2022-06-13,StateFarm,Life,Whole,103
2022-06-13,Allstate,Auto,Comprehensive,252
2022-06-13,Allstate,Auto,Liability,199
2022-06-13,Allstate,Home,Property,198
2022-06-13,Allstate,Home,Renters,68
2022-06-13,Allstate,Life,Term,214
2022-06-13,Allstate,Life,Whole,213
2022-06-14,Geico,Auto,Comprehensive,136
2022-06-14,Geico,Auto,Liability,185
2022-06-14,Geico,Home,Property,205
2022-06-14,Geico,Home,Renters,207
2022-06-14,Geico,Life,Term,138
2022-06-14,Geico,Life,Whole,182
2022-06-14,StateFarm,Auto,Comprehensive,172
2022-06-14,StateFarm,Auto,Liability,136
2022-06-14,StateFarm,Home,Property,66
2022-06-14,StateFarm,Home,Renters,200
2022-06-14,StateFarm,Life,Term,196
2022-06-14,StateFarm,Life,Whole,237
2022-06-14,Allstate,Auto,Comprehensive,184
2022-06-14,Allstate,Auto,Liability,139
2022-06-14,Allstate,Home,Property,193
2022-06-14,Allstate,Home,Renters,178
2022-06-14,Allstate,Life,Term,93
2022-06-14,Allstate,Life,Whole,81
2022-06-15,Geico,Auto,Comprehensive,356
2022-06-15,Geico,Auto,Liability,207
2022-06-15,Geico,Home,Property,246
2022-06-15,Geico,Home,Renters,112
2022-06-15,Geico,Life,Term,119
2022-06-15,Geico,Life,Whole,197
2022-06-15,StateFarm,Auto,Comprehensive,313
2022-06-15,StateFarm,Auto,Liability,365
2022-06-15,StateFarm,Home,Property,197
2022-06-15,StateFarm,Home,Renters,230
2022-06-15,StateFarm,Life,Term,121
2022-06-15,StateFarm,Life,Whole,269
2022-06-15,Allstate,Auto,Comprehensive,155
2022-06-15,Allstate,Auto,Liability,92
2022-06-15,Allstate,Home,Property,128
2022-06-15,Allstate,Home,Renters,171
2022-06-15,Allstate,Life,Term,69
2022-06-15,Allstate,Life,Whole,198
2022-06-16,Geico,Auto,Comprehensive,88
2022-06-16,Geico,Auto,Liability,276
2022-06-16,Geico,Home,Property,117
2022-06-16,Geico,Home,Renters,79
2022-06-16,Geico,Life,Term,248
2022-06-16,Geico,Life,Whole,103
2022-06-16,StateFarm,Auto,Comprehensive,317
2022-06-16,StateFarm,Auto,Liability,217
2022-06-16,StateFarm,Home,Property,71
2022-06-16,StateFarm,Home,Renters,63
2022-06-16,StateFarm,Life,Term,124
2022-06-16,StateFarm,Life,Whole,158
2022-06-16,Allstate,Auto,Comprehensive,280
2022-06-16,Allstate,Auto,Liability,325
2022-06-16,Allstate,Home,Property,198
2022-06-16,Allstate,Home,Renters,257
2022-06-16,Allstate,Life,Term,172
2022-06-16,Allstate,Life,Whole,152
2022-06-17,Geico,Auto,Comprehensive,245
2022-06-17,Geico,Auto,Liability,183
2022-06-17,Geico,Home,Property,194
2022-06-17,Geico,Home,Renters,149
2022-06-17,Geico,Life,Term,189
2022-06-17,Geico,Life,Whole,73
2022-06-17,StateFarm,Auto,Comprehensive,263
2022-06-17,StateFarm,Auto,Liability,284
2022-06-17,StateFarm,Home,Property,110
2022-06-17,StateFarm,Home,Renters,64
2022-06-17,StateFarm,Life,Term,122
2022-06-17,StateFarm,Life,Whole,198
2022-06-17,Allstate,Auto,Comprehensive,241
2022-06-17,Allstate,Auto,Liability,185
2022-06-17,Allstate,Home,Property,224
2022-06-17,Allstate,Home,Renters,162
2022-06-17,Allstate,Life,Term,157
2022-06-17,Allstate,Life,Whole,163
2022-06-18,Geico,Auto,Comprehensive,140
2022-06-18,Geico,Auto,Liability,285
2022-06-18,Geico,Home,Property,234
2022-06-18,Geico,Home,Renters,239
2022-06-18,Geico,Life,Term,207
2022-06-18,Geico,Life,Whole,202
2022-06-18,StateFarm,Auto,Comprehensive,232
2022-06-18,StateFarm,Auto,Liability,307
2022-06-18,StateFarm,Home,Property,296
2022-06-18,StateFarm,Home,Renters,165
2022-06-18,StateFarm,Life,Term,119
2022-06-18,StateFarm,Life,Whole,167
2022-06-18,Allstate,Auto,Comprehensive,114
2022-06-18,Allstate,Auto,Liability,329
2022-06-18,Allstate,Home,Property,218
2022-06-18,Allstate,Home,Renters,71
2022-06-18,Allstate,Life,Term,175
2022-06-18,Allstate,Life,Whole,202
2022-06-19,Geico,Auto,Comprehensive,307
2022-06-19,Geico,Auto,Liability,172
2022-06-19,Geico,Home,Property,161
2022-06-19,Geico,Home,Renters,167
2022-06-19,Geico,Life,Term,260
2022-06-19,Geico,Life,Whole,190
2022-06-19,StateFarm,Auto,Comprehensive,165
2022-06-19,StateFarm,Auto,Liability,181
2022-06-19,StateFarm,Home,Property,143
2022-06-19,StateFarm,Home,Renters,297
2022-06-19,StateFarm,Life,Term,155
2022-06-19,StateFarm,Life,Whole,63
2022-06-19,Allstate,Auto,Comprehensive,190
2022-06-19,Allstate,Auto,Liability,173
2022-06-19,Allstate,Home,Property,67
2022-06-19,Allstate,Home,Renters,195
2022-06-19,Allstate,Life,Term,152
2022-06-19,Allstate,Life,Whole,72
2022-06-20,Geico,Auto,Comprehensive,281
2022-06-20,Geico,Auto,Liability,242
2022-06-20,Geico,Home,Property,164
2022-06-20,Geico,Home,Renters,167
2022-06-20,Geico,Life,Term,169
2022-06-20,Geico,Life,Whole,186
2022-06-20,StateFarm,Auto,Comprehensive,121
2022-06-20,StateFarm,Auto,Liability,246
2022-06-20,StateFarm,Home,Property,135
2022-06-20,StateFarm,Home,Renters,271
2022-06-20,StateFarm,Life,Term,111
2022-06-20,StateFarm,Life,Whole,66
2022-06-20,Allstate,Auto,Comprehensive,243
2022-06-20,Allstate,Auto,Liability,189
2022-06-20,Allstate,Home,Property,146
2022-06-20,Allstate,Home,Renters,107
2022-06-20,Allstate,Life,Term,200
2022-06-20,Allstate,Life,Whole,223
2022-06-21,Geico,Auto,Comprehensive,347
2022-06-21,Geico,Auto,Liability,209
2022-06-21,Geico,Home,Property,70
2022-06-21,Geico,Home,Renters,187
2022-06-21,Geico,Life,Term,110
2022-06-21,Geico,Life,Whole,96
2022-06-21,StateFarm,Auto,Comprehensive,217
2022-06-21,StateFarm,Auto,Liability,171
2022-06-21,StateFarm,Home,Property,287
2022-06-21,StateFarm,Home,Renters,175
2022-06-21,StateFarm,Life,Term,103
2022-06-21,StateFarm,Life,Whole,175
2022-06-21,Allstate,Auto,Comprehensive,172
2022-06-21,Allstate,Auto,Liability,175
2022-06-21,Allstate,Home,Property,144
2022-06-21,Allstate,Home,Renters,149
2022-06-21,Allstate,Life,Term,127
2022-06-21,Allstate,Life,Whole,59
2022-06-22,Geico,Auto,Comprehensive,205
2022-06-22,Geico,Auto,Liability,261
2022-06-22,Geico,Home,Property,271
2022-06-22,Geico,Home,Renters,73
2022-06-22,Geico,Life,Term,257
2022-06-22,Geico,Life,Whole,68
2022-06-22,StateFarm,Auto,Comprehensive,177
2022-06-22,StateFarm,Auto,Liability,145
2022-06-22,StateFarm,Home,Property,293
2022-06-22,StateFarm,Home,Renters,229
2022-06-22,StateFarm,Life,Term,115
2022-06-22,StateFarm,Life,Whole,61
2022-06-22,Allstate,Auto,Comprehensive,329
2022-06-22,Allstate,Auto,Liability,234
2022-06-22,Allstate,Home,Property,227
2022-06-22,Allstate,Home,Renters,214
2022-06-22,Allstate,Life,Term,268
2022-06-22,Allstate,Life,Whole,54
2022-06-23,Geico,Auto,Comprehensive,314
2022-06-23,Geico,Auto,Liability,314
2022-06-23,Geico,Home,Property,133
2022-06-23,Geico,Home,Renters,80
2022-06-23,Geico,Life,Term,215
2022-06-23,Geico,Life,Whole,84
2022-06-23,StateFarm,Auto,Comprehensive,146
2022-06-23,StateFarm,Auto,Liability,231
2022-06-23,StateFarm,Home,Property,268
2022-06-23,StateFarm,Home,Renters,127
2022-06-23,StateFarm,Life,Term,180
2022-06-23,StateFarm,Life,Whole,88
2022-06-23,Allstate,Auto,Comprehensive,280
2022-06-23,Allstate,Auto,Liability,208
2022-06-23,Allstate,Home,Property,63
2022-06-23,Allstate,Home,Renters,284
2022-06-23,Allstate,Life,Term,130
2022-06-23,Allstate,Life,Whole,217
2022-06-24,Geico,Auto,Comprehensive,346
2022-06-24,Geico,Auto,Liability,190
2022-06-24,Geico,Home,Property,200
2022-06-24,Geico,Home,Renters,203
2022-06-24,Geico,Life,Term,245
2022-06-24,Geico,Life,Whole,180
2022-06-24,StateFarm,Auto,Comprehensive,201
2022-06-24,StateFarm,Auto,Liability,265
2022-06-24,StateFarm,Home,Property,229
2022-06-24,StateFarm,Home,Renters,177
2022-06-24,StateFarm,Life,Term,196
2022-06-24,StateFarm,Life,Whole,288
2022-06-24,Allstate,Auto,Comprehensive,136
2022-06-24,Allstate,Auto,Liability,251
2022-06-24,Allstate,Home,Property,122
2022-06-24,Allstate,Home,Renters,291
2022-06-24,Allstate,Life,Term,118
2022-06-24,Allstate,Life,Whole,222
2022-06-25,Geico,Auto,Comprehensive,210
2022-06-25,Geico,Auto,Liability,304
2022-06-25,Geico,Home,Property,124
2022-06-25,Geico,Home,Renters,277
2022-06-25,Geico,Life,Term,83
2022-06-25,Geico,Life,Whole,66
2022-06-25,StateFarm,Auto,Comprehensive,215
2022-06-25,StateFarm,Auto,Liability,257
2022-06-25,StateFarm,Home,Property,191
2022-06-25,StateFarm,Home,Renters,166
2022-06-25,StateFarm,Life,Term,210
2022-06-25,StateFarm,Life,Whole,164
2022-06-25,Allstate,Auto,Comprehensive,249
2022-06-25,Allstate,Auto,Liability,199
2022-06-25,Allstate,Home,Property,224
2022-06-25,Allstate,Home,Renters,201
2022-06-25,Allstate,Life,Term,138
2022-06-25,Allstate,Life,Whole,81
2022-06-26,Geico,Auto,Comprehensive,299
2022-06-26,Geico,Auto,Liability,110
2022-06-26,Geico,Home,Property,83
2022-06-26,Geico,Home,Renters,197
2022-06-26,Geico,Life,Term,51
2022-06-26,Geico,Life,Whole,291
2022-06-26,StateFarm,Auto,Comprehensive,136
2022-06-26,StateFarm,Auto,Liability,302
2022-06-26,StateFarm,Home,Property,181
2022-06-26,StateFarm,Home,Renters,288
2022-06-26,StateFarm,Life,Term,71
2022-06-26,StateFarm,Life,Whole,296
2022-06-26,Allstate,Auto,Comprehensive,155
2022-06-26,Allstate,Auto,Liability,174
2022-06-26,Allstate,Home,Property,74
2022-06-26,Allstate,Home,Renters,124
2022-06-26,Allstate,Life,Term,97
2022-06-26,Allstate,Life,Whole,225
2022-06-27,Geico,Auto,Comprehensive,156
2022-06-27,Geico,Auto,Liability,186
2022-06-27,Geico,Home,Property,89
2022-06-27,Geico,Home,Renters,190
2022-06-27,Geico,Life,Term,257
2022-06-27,Geico,Life,Whole,237
2022-06-27,StateFarm,Auto,Comprehensive,130
2022-06-27,StateFarm,Auto,Liability,182
2022-06-27,StateFarm,Home,Property,107
2022-06-27,StateFarm,Home,Renters,141
2022-06-27,StateFarm,Life,Term,128
2022-06-27,StateFarm,Life,Whole,91
2022-06-27,Allstate,Auto,Comprehensive,231
2022-06-27,Allstate,Auto,Liability,238
2022-06-27,Allstate,Home,Property,110
2022-06-27,Allstate,Home,Renters,101
2022-06-27,Allstate,Life,Term,73
2022-06-27,Allstate,Life,Whole,226
2022-06-28,Geico,Auto,Comprehensive,111
2022-06-28,Geico,Auto,Liability,324
2022-06-28,Geico,Home,Property,239
2022-06-28,Geico,Home,Renters,177
2022-06-28,Geico,Life,Term,51
2022-06-28,Geico,Life,Whole,257
2022-06-28,StateFarm,Auto,Comprehensive,232
2022-06-28,StateFarm,Auto,Liability,156
2022-06-28,StateFarm,Home,Property,114
2022-06-28,StateFarm,Home,Renters,73
2022-06-28,StateFarm,Life,Term,245
2022-06-28,StateFarm,Life,Whole,133
2022-06-28,Allstate,Auto,Comprehensive,252
2022-06-28,Allstate,Auto,Liability,341
2022-06-28,Allstate,Home,Property,107
2022-06-28,Allstate,Home,Renters,196
2022-06-28,Allstate,Life,Term,165
2022-06-28,Allstate,Life,Whole,84
2022-06-29,Geico,Auto,Comprehensive,331
2022-06-29,Geico,Auto,Liability,184
2022-06-29,Geico,Home,Property,298
2022-06-29,Geico,Home,Renters,157
2022-06-29,Geico,Life,Term,211
2022-06-29,Geico,Life,Whole,143
2022-06-29,StateFarm,Auto,Comprehensive,274
2022-06-29,StateFarm,Auto,Liability,209
2022-06-29,StateFarm,Home,Property,291
2022-06-29,StateFarm,Home,Renters,299
2022-06-29,StateFarm,Life,Term,282
2022-06-29,StateFarm,Life,Whole,281
2022-06-29,Allstate,Auto,Comprehensive,193
2022-06-29,Allstate,Auto,Liability,155
2022-06-29,Allstate,Home,Property,209
2022-06-29,Allstate,Home,Renters,120
2022-06-29,Allstate,Life,Term,224
2022-06-29,Allstate,Life,Whole,256
2022-06-30,Geico,Auto,Comprehensive,230
2022-06-30,Geico,Auto,Liability,137
2022-06-30,Geico,Home,Property,135
2022-06-30,Geico,Home,Renters,185
2022-06-30,Geico,Life,Term,263
2022-06-30,Geico,Life,Whole,80
2022-06-30,StateFarm,Auto,Comprehensive,144
2022-06-30,StateFarm,Auto,Liability,138
2022-06-30,StateFarm,Home,Property,179
2022-06-30,StateFarm,Home,Renters,70
2022-06-30,StateFarm,Life,Term,260
2022-06-30,StateFarm,Life,Whole,247
2022-06-30,Allstate,Auto,Comprehensive,316
2022-06-30,Allstate,Auto,Liability,236
2022-06-30,Allstate,Home,Property,177
2022-06-30,Allstate,Home,Renters,112
2022-06-30,Allstate,Life,Term,129
2022-06-30,Allstate,Life,Whole,155
2022-07-01,Geico,Auto,Comprehensive,253
2022-07-01,Geico,Auto,Liability,102
2022-07-01,Geico,Home,Property,193
2022-07-01,Geico,Home,Renters,280
2022-07-01,Geico,Life,Term,266
2022-07-01,Geico,Life,Whole,74
2022-07-01,StateFarm,Auto,Comprehensive,269
2022-07-01,StateFarm,Auto,Liability,118
2022-07-01,StateFarm,Home,Property,158
2022-07-01,StateFarm,Home,Renters,73
2022-07-01,StateFarm,Life,Term,177
2022-07-01,StateFarm,Life,Whole,156
2022-07-01,Allstate,Auto,Comprehensive,165
2022-07-01,Allstate,Auto,Liability,152
2022-07-01,Allstate,Home,Property,186
2022-07-01,Allstate,Home,Renters,98
2022-07-01,Allstate,Life,Term,279
2022-07-01,Allstate,Life,Whole,143
2022-07-02,Geico,Auto,Comprehensive,290
2022-07-02,Geico,Auto,Liability,368
2022-07-02,Geico,Home,Property,99
2022-07-02,Geico,Home,Renters,143
2022-07-02,Geico,Life,Term,203
2022-07-02,Geico,Life,Whole,60
2022-07-02,StateFarm,Auto,Comprehensive,249
2022-07-02,StateFarm,Auto,Liability,250
2022-07-02,StateFarm,Home,Property,136
2022-07-02,StateFarm,Home,Renters,188
2022-07-02,StateFarm,Life,Term,181
2022-07-02,StateFarm,Life,Whole,247
2022-07-02,Allstate,Auto,Comprehensive,147
2022-07-02,Allstate,Auto,Liability,270
2022-07-02,Allstate,Home,Property,89
2022-07-02,Allstate,Home,Renters,87
2022-07-02,Allstate,Life,Term,209
2022-07-02,Allstate,Life,Whole,214
2022-07-03,Geico,Auto,Comprehensive,148
2022-07-03,Geico,Auto,Liability,229
2022-07-03,Geico,Home,Property,199
2022-07-03,Geico,Home,Renters,197
2022-07-03,Geico,Life,Term,253
2022-07-03,Geico,Life,Whole,227
2022-07-03,StateFarm,Auto,Comprehensive,162
2022-07-03,StateFarm,Auto,Liability,182
2022-07-03,StateFarm,Home,Property,252
2022-07-03,StateFarm,Home,Renters,180
2022-07-03,StateFarm,Life,Term,161
2022-07-03,StateFarm,Life,Whole,111
2022-07-03,Allstate,Auto,Comprehensive,288
2022-07-03,Allstate,Auto,Liability,114
2022-07-03,Allstate,Home,Property,258
2022-07-03,Allstate,Home,Renters,208
2022-07-03,Allstate,Life,Term,122
2022-07-03,Allstate,Life,Whole,286
2022-07-04,Geico,Auto,Comprehensive,306
2022-07-04,Geico,Auto,Liability,129
2022-07-04,Geico,Home,Property,107
2022-07-04,Geico,Home,Renters,72
2022-07-04,Geico,Life,Term,174
2022-07-04,Geico,Life,Whole,192
2022-07-04,StateFarm,Auto,Comprehensive,298
2022-07-04,StateFarm,Auto,Liability,232
2022-07-04,StateFarm,Home,Property,182
2022-07-04,StateFarm,Home,Renters,77
2022-07-04,StateFarm,Life,Term,245
2022-07-04,StateFarm,Life,Whole,151
2022-07-04,Allstate,Auto,Comprehensive,88
2022-07-04,Allstate,Auto,Liability,180
2022-07-04,Allstate,Home,Property,146
2022-07-04,Allstate,Home,Renters,272
2022-07-04,Allstate,Life,Term,234
2022-07-04,Allstate,Life,Whole,165
2022-07-05,Geico,Auto,Comprehensive,244
2022-07-05,Geico,Auto,Liability,94
2022-07-05,Geico,Home,Property,72
2022-07-05,Geico,Home,Renters,75
2022-07-05,Geico,Life,Term,182
2022-07-05,Geico,Life,Whole,256
2022-07-05,StateFarm,Auto,Comprehensive,161
2022-07-05,StateFarm,Auto,Liability,126
2022-07-05,StateFarm,Home,Property,266
2022-07-05,StateFarm,Home,Renters,203
2022-07-05,StateFarm,Life,Term,262
2022-07-05,StateFarm,Life,Whole,75
2022-07-05,Allstate,Auto,Comprehensive,298
2022-07-05,Allstate,Auto,Liability,183
2022-07-05,Allstate,Home,Property,284
2022-07-05,Allstate,Home,Renters,174
2022-07-05,Allstate,Life,Term,266
2022-07-05,Allstate,Life,Whole,234
2022-07-06,Geico,Auto,Comprehensive,250
2022-07-06,Geico,Auto,Liability,209
2022-07-06,Geico,Home,Property,236
2022-07-06,Geico,Home,Renters,276
2022-07-06,Geico,Life,Term,289
2022-07-06,Geico,Life,Whole,124
2022-07-06,StateFarm,Auto,Comprehensive,343
2022-07-06,StateFarm,Auto,Liability,171
2022-07-06,StateFarm,Home,Property,140
2022-07-06,StateFarm,Home,Renters,170
2022-07-06,StateFarm,Life,Term,126
2022-07-06,StateFarm,Life,Whole,53
2022-07-06,Allstate,Auto,Comprehensive,149
2022-07-06,Allstate,Auto,Liability,251
2022-07-06,Allstate,Home,Property,250
2022-07-06,Allstate,Home,Renters,146
2022-07-06,Allstate,Life,Term,156
2022-07-06,Allstate,Life,Whole,95
2022-07-07,Geico,Auto,Comprehensive,152
2022-07-07,Geico,Auto,Liability,120
2022-07-07,Geico,Home,Property,177
2022-07-07,Geico,Home,Renters,205
2022-07-07,Geico,Life,Term,102
2022-07-07,Geico,Life,Whole,265
2022-07-07,StateFarm,Auto,Comprehensive,102
2022-07-07,StateFarm,Auto,Liability,232
2022-07-07,StateFarm,Home,Property,147
2022-07-07,StateFarm,Home,Renters,104
2022-07-07,StateFarm,Life,Term,115
2022-07-07,StateFarm,Life,Whole,156
2022-07-07,Allstate,Auto,Comprehensive,331
2022-07-07,Allstate,Auto,Liability,98
2022-07-07,Allstate,Home,Property,241
2022-07-07,Allstate,Home,Renters,246
2022-07-07,Allstate,Life,Term,214
2022-07-07,Allstate,Life,Whole,177
2022-07-08,Geico,Auto,Comprehensive,123
2022-07-08,Geico,Auto,Liability,280
2022-07-08,Geico,Home,Property,57
2022-07-08,Geico,Home,Renters,136
2022-07-08,Geico,Life,Term,233
2022-07-08,Geico,Life,Whole,77
2022-07-08,StateFarm,Auto,Comprehensive,222
2022-07-08,StateFarm,Auto,Liability,131
2022-07-08,StateFarm,Home,Property,243
2022-07-08,StateFarm,Home,Renters,150
2022-07-08,StateFarm,Life,Term,228
2022-07-08,StateFarm,Life,Whole,170
2022-07-08,Allstate,Auto,Comprehensive,330
2022-07-08,Allstate,Auto,Liability,143
2022-07-08,Allstate,Home,Property,229
2022-07-08,Allstate,Home,Renters,135
2022-07-08,Allstate,Life,Term,58
2022-07-08,Allstate,Life,Whole,265
2022-07-09,Geico,Auto,Comprehensive,211
2022-07-09,Geico,Auto,Liability,88
2022-07-09,Geico,Home,Property,91
2022-07-09,Geico,Home,Renters,293
2022-07-09,Geico,Life,Term,216
2022-07-09,Geico,Life,Whole,170
2022-07-09,StateFarm,Auto,Comprehensive,185
2022-07-09,StateFarm,Auto,Liability,253
2022-07-09,StateFarm,Home,Property,74
2022-07-09,StateFarm,Home,Renters,244
2022-07-09,StateFarm,Life,Term,253
2022-07-09,StateFarm,Life,Whole,214
2022-07-09,Allstate,Auto,Comprehensive,180
2022-07-09,Allstate,Auto,Liability,155
2022-07-09,Allstate,Home,Property,109
2022-07-09,Allstate,Home,Renters,96
2022-07-09,Allstate,Life,Term,197
2022-07-09,Allstate,Life,Whole,208
2022-07-10,Geico,Auto,Comprehensive,178
2022-07-10,Geico,Auto,Liability,357
2022-07-10,Geico,Home,Property,250
2022-07-10,Geico,Home,Renters,186
2022-07-10,Geico,Life,Term,106
2022-07-10,Geico,Life,Whole,247
2022-07-10,StateFarm,Auto,Comprehensive,259
2022-07-10,StateFarm,Auto,Liability,156
2022-07-10,StateFarm,Home,Property,243
2022-07-10,StateFarm,Home,Renters,264
2022-07-10,StateFarm,Life,Term,265
2022-07-10,StateFarm,Life,Whole,174
2022-07-10,Allstate,Auto,Comprehensive,138
2022-07-10,Allstate,Auto,Liability,275
2022-07-10,Allstate,Home,Property,111
2022-07-10,Allstate,Home,Renters,268
2022-07-10,Allstate,Life,Term,131
2022-07-10,Allstate,Life,Whole,145
2022-07-11,Geico,Auto,Comprehensive,219
2022-07-11,Geico,Auto,Liability,182
2022-07-11,Geico,Home,Property,122
2022-07-11,Geico,Home,Renters,207
2022-07-11,Geico,Life,Term,114
2022-07-11,Geico,Life,Whole,140
2022-07-11,StateFarm,Auto,Comprehensive,121
2022-07-11,StateFarm,Auto,Liability,115
2022-07-11,StateFarm,Home,Property,151
2022-07-11,StateFarm,Home,Renters,246
2022-07-11,StateFarm,Life,Term,283
2022-07-11,StateFarm,Life,Whole,291
2022-07-11,Allstate,Auto,Comprehensive,261
2022-07-11,Allstate,Auto,Liability,316
2022-07-11,Allstate,Home,Property,58
2022-07-11,Allstate,Home,Renters,157
2022-07-11,Allstate,Life,Term,172
2022-07-11,Allstate,Life,Whole,89
2022-07-12,Geico,Auto,Comprehensive,143
2022-07-12,Geico,Auto,Liability,117
2022-07-12,Geico,Home,Property,187
2022-07-12,Geico,Home,Renters,299
2022-07-12,Geico,Life,Term,218
2022-07-12,Geico,Life,Whole,125
2022-07-12,StateFarm,Auto,Comprehensive,109
2022-07-12,StateFarm,Auto,Liability,237
2022-07-12,StateFarm,Home,Property,222
2022-07-12,StateFarm,Home,Renters,267
2022-07-12,StateFarm,Life,Term,56
2022-07-12,StateFarm,Life,Whole,123
2022-07-12,Allstate,Auto,Comprehensive,220
2022-07-12,Allstate,Auto,Liability,102
2022-07-12,Allstate,Home,Property,190
2022-07-12,Allstate,Home,Renters,73
2022-07-12,Allstate,Life,Term,156
2022-07-12,Allstate,Life,Whole,132
2022-07-13,Geico,Auto,Comprehensive,259
2022-07-13,Geico,Auto,Liability,328
2022-07-13,Geico,Home,Property,226
2022-07-13,Geico,Home,Renters,121
2022-07-13,Geico,Life,Term,87
2022-07-13,Geico,Life,Whole,156
2022-07-13,StateFarm,Auto,Comprehensive,242
2022-07-13,StateFarm,Auto,Liability,226
2022-07-13,StateFarm,Home,Property,163
2022-07-13,StateFarm,Home,Renters,165
2022-07-13,StateFarm,Life,Term,70
2022-07-13,StateFarm,Life,Whole,280
2022-07-13,Allstate,Auto,Comprehensive,247
2022-07-13,Allstate,Auto,Liability,103
2022-07-13,Allstate,Home,Property,132
2022-07-13,Allstate,Home,Renters,126
2022-07-13,Allstate,Life,Term,115
2022-07-13,Allstate,Life,Whole,76
2022-07-14,Geico,Auto,Comprehensive,193
2022-07-14,Geico,Auto,Liability,228
2022-07-14,Geico,Home,Property,83
2022-07-14,Geico,Home,Renters,278
2022-07-14,Geico,Life,Term,100
2022-07-14,Geico,Life,Whole,257
2022-07-14,StateFarm,Auto,Comprehensive,187
2022-07-14,StateFarm,Auto,Liability,134
2022-07-14,StateFarm,Home,Property,62
2022-07-14,StateFarm,Home,Renters,93
2022-07-14,StateFarm,Life,Term,170
2022-07-14,StateFarm,Life,Whole,113
2022-07-14,Allstate,Auto,Comprehensive,116
2022-07-14,Allstate,Auto,Liability,286
2022-07-14,Allstate,Home,Property,217
2022-07-14,Allstate,Home,Renters,122
2022-07-14,Allstate,Life,Term,70
2022-07-14,Allstate,Life,Whole,234
2022-07-15,Geico,Auto,Comprehensive,194
2022-07-15,Geico,Auto,Liability,130
2022-07-15,Geico,Home,Property,199
2022-07-15,Geico,Home,Renters,216
2022-07-15,Geico,Life,Term,100
2022-07-15,Geico,Life,Whole,126
2022-07-15,StateFarm,Auto,Comprehensive,180
2022-07-15,StateFarm,Auto,Liability,258
2022-07-15,StateFarm,Home,Property,150
2022-07-15,StateFarm,Home,Renters,97
2022-07-15,StateFarm,Life,Term,207
2022-07-15,StateFarm,Life,Whole,118
2022-07-15,Allstate,Auto,Comprehensive,75
2022-07-15,Allstate,Auto,Liability,354
2022-07-15,Allstate,Home,Property,263
2022-07-15,Allstate,Home,Renters,219
2022-07-15,Allstate,Life,Term,142
2022-07-15,Allstate,Life,Whole,219
2022-07-16,Geico,Auto,Comprehensive,325
2022-07-16,Geico,Auto,Liability,249
2022-07-16,Geico,Home,Property,196
2022-07-16,Geico,Home,Renters,161
2022-07-16,Geico,Life,Term,247
2022-07-16,Geico,Life,Whole,178
2022-07-16,StateFarm,Auto,Comprehensive,134
2022-07-16,StateFarm,Auto,Liability,369
2022-07-16,StateFarm,Home,Property,139
2022-07-16,StateFarm,Home,Renters,208
2022-07-16,StateFarm,Life,Term,286
2022-07-16,StateFarm,Life,Whole,171
2022-07-16,Allstate,Auto,Comprehensive,345
2022-07-16,Allstate,Auto,Liability,275
2022-07-16,Allstate,Home,Property,140
2022-07-16,Allstate,Home,Renters,167
2022-07-16,Allstate,Life,Term,278
2022-07-16,Allstate,Life,Whole,164
2022-07-17,Geico,Auto,Comprehensive,138
2022-07-17,Geico,Auto,Liability,154
2022-07-17,Geico,Home,Property,69
2022-07-17,Geico,Home,Renters,247
2022-07-17,Geico,Life,Term,228
2022-07-17,Geico,Life,Whole,232
2022-07-17,StateFarm,Auto,Comprehensive,258
2022-07-17,StateFarm,Auto,Liability,258
2022-07-17,StateFarm,Home,Property,290
2022-07-17,StateFarm,Home,Renters,86
2022-07-17,StateFarm,Life,Term,112
2022-07-17,StateFarm,Life,Whole,278
2022-07-17,Allstate,Auto,Comprehensive,128
2022-07-17,Allstate,Auto,Liability,338
2022-07-17,Allstate,Home,Property,290
2022-07-17,Allstate,Home,Renters,103
2022-07-17,Allstate,Life,Term,100
2022-07-17,Allstate,Life,Whole,242
2022-07-18,Geico,Auto,Comprehensive,194
2022-07-18,Geico,Auto,Liability,247
2022-07-18,Geico,Home,Property,241
2022-07-18,Geico,Home,Renters,184
2022-07-18,Geico,Life,Term,183
2022-07-18,Geico,Life,Whole,244
2022-07-18,StateFarm,Auto,Comprehensive,200
2022-07-18,StateFarm,Auto,Liability,244
2022-07-18,StateFarm,Home,Property,79
2022-07-18,StateFarm,Home,Renters,100
2022-07-18,StateFarm,Life,Term,245
2022-07-18,StateFarm,Life,Whole,233
2022-07-18,Allstate,Auto,Comprehensive,245
2022-07-18,Allstate,Auto,Liability,136
2022-07-18,Allstate,Home,Property,108
2022-07-18,Allstate,Home,Renters,88
2022-07-18,Allstate,Life,Term,117
2022-07-18,Allstate,Life,Whole,190
2022-07-19,Geico,Auto,Comprehensive,176
2022-07-19,Geico,Auto,Liability,129
2022-07-19,Geico,Home,Property,201
2022-07-19,Geico,Home,Renters,54
2022-07-19,Geico,Life,Term,137
2022-07-19,Geico,Life,Whole,230
2022-07-19,StateFarm,Auto,Comprehensive,124
2022-07-19,StateFarm,Auto,Liability,236
2022-07-19,StateFarm,Home,Property,179
2022-07-19,StateFarm,Home,Renters,167
2022-07-19,StateFarm,Life,Term,68
2022-07-19,StateFarm,Life,Whole,176
2022-07-19,Allstate,Auto,Comprehensive,350
2022-07-19,Allstate,Auto,Liability,332
2022-07-19,Allstate,Home,Property,149
2022-07-19,Allstate,Home,Renters,168
2022-07-19,Allstate,Life,Term,190
2022-07-19,Allstate,Life,Whole,153
2022-07-20,Geico,Auto,Comprehensive,195
2022-07-20,Geico,Auto,Liability,90
2022-07-20,Geico,Home,Property,166
2022-07-20,Geico,Home,Renters,253
2022-07-20,Geico,Life,Term,294
2022-07-20,Geico,Life,Whole,207
2022-07-20,StateFarm,Auto,Comprehensive,224
2022-07-20,StateFarm,Auto,Liability,137
2022-07-20,StateFarm,Home,Property,158
2022-07-20,StateFarm,Home,Renters,50
2022-07-20,StateFarm,Life,Term,242
2022-07-20,StateFarm,Life,Whole,290
2022-07-20,Allstate,Auto,Comprehensive,173
2022-07-20,Allstate,Auto,Liability,131
2022-07-20,Allstate,Home,Property,197
2022-07-20,Allstate,Home,Renters,153
2022-07-20,Allstate,Life,Term,206
2022-07-20,Allstate,Life,Whole,252
2022-07-21,Geico,Auto,Comprehensive,153
2022-07-21,Geico,Auto,Liability,336
2022-07-21,Geico,Home,Property,56
2022-07-21,Geico,Home,Renters,228
2022-07-21,Geico,Life,Term,138
2022-07-21,Geico,Life,Whole,99
2022-07-21,StateFarm,Auto,Comprehensive,144
2022-07-21,StateFarm,Auto,Liability,246
2022-07-21,StateFarm,Home,Property,81
2022-07-21,StateFarm,Home,Renters,258
2022-07-21,StateFarm,Life,Term,161
2022-07-21,StateFarm,Life,Whole,183
2022-07-21,Allstate,Auto,Comprehensive,288
2022-07-21,Allstate,Auto,Liability,297
2022-07-21,Allstate,Home,Property,141
2022-07-21,Allstate,Home,Renters,182
2022-07-21,Allstate,Life,Term,278
2022-07-21,Allstate,Life,Whole,128
2022-07-22,Geico,Auto,Comprehensive,314
2022-07-22,Geico,Auto,Liability,137
2022-07-22,Geico,Home,Property,73
2022-07-22,Geico,Home,Renters,198
2022-07-22,Geico,Life,Term,187
2022-07-22,Geico,Life,Whole,168
2022-07-22,StateFarm,Auto,Comprehensive,130
2022-07-22,StateFarm,Auto,Liability,121
2022-07-22,StateFarm,Home,Property,71
2022-07-22,StateFarm,Home,Renters,136
2022-07-22,StateFarm,Life,Term,164
2022-07-22,StateFarm,Life,Whole,198
2022-07-22,Allstate,Auto,Comprehensive,207
2022-07-22,Allstate,Auto,Liability,165
2022-07-22,Allstate,Home,Property,242
2022-07-22,Allstate,Home,Renters,245
2022-07-22,Allstate,Life,Term,175
2022-07-22,Allstate,Life,Whole,77
2022-07-23,Geico,Auto,Comprehensive,246
2022-07-23,Geico,Auto,Liability,252
2022-07-23,Geico,Home,Property,92
2022-07-23,Geico,Home,Renters,214
2022-07-23,Geico,Life,Term,210
2022-07-23,Geico,Life,Whole,235
2022-07-23,StateFarm,Auto,Comprehensive,297
2022-07-23,StateFarm,Auto,Liability,81
2022-07-23,StateFarm,Home,Property,244
2022-07-23,StateFarm,Home,Renters,157
2022-07-23,StateFarm,Life,Term,157
2022-07-23,StateFarm,Life,Whole,198
2022-07-23,Allstate,Auto,Comprehensive,217
2022-07-23,Allstate,Auto,Liability,235
2022-07-23,Allstate,Home,Property,149
2022-07-23,Allstate,Home,Renters,298
2022-07-23,Allstate,Life,Term,270
2022-07-23,Allstate,Life,Whole,294
2022-07-24,Geico,Auto,Comprehensive,153
2022-07-24,Geico,Auto,Liability,205
2022-07-24,Geico,Home,Property,249
2022-07-24,Geico,Home,Renters,222
2022-07-24,Geico,Life,Term,225
2022-07-24,Geico,Life,Whole,131
2022-07-24,StateFarm,Auto,Comprehensive,323
2022-07-24,StateFarm,Auto,Liability,179
2022-07-24,StateFarm,Home,Property,196
2022-07-24,StateFarm,Home,Renters,220
2022-07-24,StateFarm,Life,Term,96
2022-07-24,StateFarm,Life,Whole,212
2022-07-24,Allstate,Auto,Comprehensive,170
2022-07-24,Allstate,Auto,Liability,152
2022-07-24,Allstate,Home,Property,249
2022-07-24,Allstate,Home,Renters,222
2022-07-24,Allstate,Life,Term,175
2022-07-24,Allstate,Life,Whole,82
2022-07-25,Geico,Auto,Comprehensive,223
2022-07-25,Geico,Auto,Liability,205
2022-07-25,Geico,Home,Property,268
2022-07-25,Geico,Home,Renters,214
2022-07-25,Geico,Life,Term,155
2022-07-25,Geico,Life,Whole,153
2022-07-25,StateFarm,Auto,Comprehensive,182
2022-07-25,StateFarm,Auto,Liability,143
2022-07-25,StateFarm,Home,Property,251
2022-07-25,StateFarm,Home,Renters,218
2022-07-25,StateFarm,Life,Term,70
2022-07-25,StateFarm,Life,Whole,254
2022-07-25,Allstate,Auto,Comprehensive,240
2022-07-25,Allstate,Auto,Liability,147
2022-07-25,Allstate,Home,Property,290
2022-07-25,Allstate,Home,Renters,94
2022-07-25,Allstate,Life,Term,142
2022-07-25,Allstate,Life,Whole,218
2022-07-26,Geico,Auto,Comprehensive,176
2022-07-26,Geico,Auto,Liability,101
2022-07-26,Geico,Home,Property,242
2022-07-26,Geico,Home,Renters,292
2022-07-26,Geico,Life,Term,266
2022-07-26,Geico,Life,Whole,287
2022-07-26,StateFarm,Auto,Comprehensive,308
2022-07-26,StateFarm,Auto,Liability,256
2022-07-26,StateFarm,Home,Property,79
2022-07-26,StateFarm,Home,Renters,73
2022-07-26,StateFarm,Life,Term,254
2022-07-26,StateFarm,Life,Whole,184
2022-07-26,Allstate,Auto,Comprehensive,168
2022-07-26,Allstate,Auto,Liability,107
2022-07-26,Allstate,Home,Property,246
2022-07-26,Allstate,Home,Renters,292
2022-07-26,Allstate,Life,Term,115
2022-07-26,Allstate,Life,Whole,121
2022-07-27,Geico,Auto,Comprehensive,186
2022-07-27,Geico,Auto,Liability,329
2022-07-27,Geico,Home,Property,216
2022-07-27,Geico,Home,Renters,73
2022-07-27,Geico,Life,Term,186
2022-07-27,Geico,Life,Whole,149
2022-07-27,StateFarm,Auto,Comprehensive,186
2022-07-27,StateFarm,Auto,Liability,131
2022-07-27,StateFarm,Home,Property,110
2022-07-27,StateFarm,Home,Renters,129
2022-07-27,StateFarm,Life,Term,154
2022-07-27,StateFarm,Life,Whole,182
2022-07-27,Allstate,Auto,Comprehensive,192
2022-07-27,Allstate,Auto,Liability,221
2022-07-27,Allstate,Home,Property,263
2022-07-27,Allstate,Home,Renters,83
2022-07-27,Allstate,Life,Term,130
2022-07-27,Allstate,Life,Whole,70
2022-07-28,Geico,Auto,Comprehensive,326
2022-07-28,Geico,Auto,Liability,340
2022-07-28,Geico,Home,Property,205
2022-07-28,Geico,Home,Renters,188
2022-07-28,Geico,Life,Term,192
2022-07-28,Geico,Life,Whole,149
2022-07-28,StateFarm,Auto,Comprehensive,320
2022-07-28,StateFarm,Auto,Liability,249
2022-07-28,StateFarm,Home,Property,58
2022-07-28,StateFarm,Home,Renters,173
2022-07-28,StateFarm,Life,Term,138
2022-07-28,StateFarm,Life,Whole,204
2022-07-28,Allstate,Auto,Comprehensive,264
2022-07-28,Allstate,Auto,Liability,92
2022-07-28,Allstate,Home,Property,265
2022-07-28,Allstate,Home,Renters,124
2022-07-28,Allstate,Life,Term,54
2022-07-28,Allstate,Life,Whole,112
2022-07-29,Geico,Auto,Comprehensive,322
2022-07-29,Geico,Auto,Liability,110
2022-07-29,Geico,Home,Property,87
2022-07-29,Geico,Home,Renters,106
2022-07-29,Geico,Life,Term,112
2022-07-29,Geico,Life,Whole,245
2022-07-29,StateFarm,Auto,Comprehensive,149
2022-07-29,StateFarm,Auto,Liability,175
2022-07-29,StateFarm,Home,Property,127
2022-07-29,StateFarm,Home,Renters,178
2022-07-29,StateFarm,Life,Term,278
2022-07-29,StateFarm,Life,Whole,171
2022-07-29,Allstate,Auto,Comprehensive,172
2022-07-29,Allstate,Auto,Liability,173
2022-07-29,Allstate,Home,Property,66
2022-07-29,Allstate,Home,Renters,192
2022-07-29,Allstate,Life,Term,245
2022-07-29,Allstate,Life,Whole,255
2022-07-30,Geico,Auto,Comprehensive,164
2022-07-30,Geico,Auto,Liability,199
2022-07-30,Geico,Home,Property,285
2022-07-30,Geico,Home,Renters,118
2022-07-30,Geico,Life,Term,153
2022-07-30,Geico,Life,Whole,80
2022-07-30,StateFarm,Auto,Comprehensive,294
2022-07-30,StateFarm,Auto,Liability,299
2022-07-30,StateFarm,Home,Property,199
2022-07-30,StateFarm,Home,Renters,145
2022-07-30,StateFarm,Life,Term,159
2022-07-30,StateFarm,Life,Whole,74
2022-07-30,Allstate,Auto,Comprehensive,273
2022-07-30,Allstate,Auto,Liability,328
2022-07-30,Allstate,Home,Property,82
2022-07-30,Allstate,Home,Renters,122
2022-07-30,Allstate,Life,Term,183
2022-07-30,Allstate,Life,Whole,255
2022-07-31,Geico,Auto,Comprehensive,103
2022-07-31,Geico,Auto,Liability,294
2022-07-31,Geico,Home,Property,114
2022-07-31,Geico,Home,Renters,129
2022-07-31,Geico,Life,Term,50
2022-07-31,Geico,Life,Whole,236
2022-07-31,StateFarm,Auto,Comprehensive,256
2022-07-31,StateFarm,Auto,Liability,328
2022-07-31,StateFarm,Home,Property,110
2022-07-31,StateFarm,Home,Renters,246
2022-07-31,StateFarm,Life,Term,236
2022-07-31,StateFarm,Life,Whole,50
2022-07-31,Allstate,Auto,Comprehensive,207
2022-07-31,Allstate,Auto,Liability,99
2022-07-31,Allstate,Home,Property,140
2022-07-31,Allstate,Home,Renters,282
2022-07-31,Allstate,Life,Term,88
2022-07-31,Allstate,Life,Whole,259
2022-08-01,Geico,Auto,Comprehensive,208
2022-08-01,Geico,Auto,Liability,317
2022-08-01,Geico,Home,Property,282
2022-08-01,Geico,Home,Renters,289
2022-08-01,Geico,Life,Term,64
2022-08-01,Geico,Life,Whole,281
2022-08-01,StateFarm,Auto,Comprehensive,139
2022-08-01,StateFarm,Auto,Liability,235
2022-08-01,StateFarm,Home,Property,107
2022-08-01,StateFarm,Home,Renters,285
2022-08-01,StateFarm,Life,Term,166
2022-08-01,StateFarm,Life,Whole,118
2022-08-01,Allstate,Auto,Comprehensive,217
2022-08-01,Allstate,Auto,Liability,220
2022-08-01,Allstate,Home,Property,201
2022-08-01,Allstate,Home,Renters,175
2022-08-01,Allstate,Life,Term,149
2022-08-01,Allstate,Life,Whole,74
2022-08-02,Geico,Auto,Comprehensive,314
2022-08-02,Geico,Auto,Liability,331
2022-08-02,Geico,Home,Property,296
2022-08-02,Geico,Home,Renters,169
2022-08-02,Geico,Life,Term,143
2022-08-02,Geico,Life,Whole,228
2022-08-02,StateFarm,Auto,Comprehensive,159
2022-08-02,StateFarm,Auto,Liability,224
2022-08-02,StateFarm,Home,Property,252
2022-08-02,StateFarm,Home,Renters,236
2022-08-02,StateFarm,Life,Term,111
2022-08-02,StateFarm,Life,Whole,106
2022-08-02,Allstate,Auto,Comprehensive,305
2022-08-02,Allstate,Auto,Liability,220
2022-08-02,Allstate,Home,Property,135
2022-08-02,Allstate,Home,Renters,243
2022-08-02,Allstate,Life,Term,60
2022-08-02,Allstate,Life,Whole,271
2022-08-03,Geico,Auto,Comprehensive,264
2022-08-03,Geico,Auto,Liability,302
2022-08-03,Geico,Home,Property,206
2022-08-03,Geico,Home,Renters,190
2022-08-03,Geico,Life,Term,69
2022-08-03,Geico,Life,Whole,116
2022-08-03,StateFarm,Auto,Comprehensive,339
2022-08-03,StateFarm,Auto,Liability,364
2022-08-03,StateFarm,Home,Property,184
2022-08-03,StateFarm,Home,Renters,55
2022-08-03,StateFarm,Life,Term,62
2022-08-03,StateFarm,Life,Whole,108
2022-08-03,Allstate,Auto,Comprehensive,226
2022-08-03,Allstate,Auto,Liability,300
2022-08-03,Allstate,Home,Property,204
2022-08-03,Allstate,Home,Renters,188
2022-08-03,Allstate,Life,Term,150
2022-08-03,Allstate,Life,Whole,201
2022-08-04,Geico,Auto,Comprehensive,85
2022-08-04,Geico,Auto,Liability,215
2022-08-04,Geico,Home,Property,284
2022-08-04,Geico,Home,Renters,235
2022-08-04,Geico,Life,Term,177
2022-08-04,Geico,Life,Whole,264
2022-08-04,StateFarm,Auto,Comprehensive,316
2022-08-04,StateFarm,Auto,Liability,166
2022-08-04,StateFarm,Home,Property,88
2022-08-04,StateFarm,Home,Renters,248
2022-08-04,StateFarm,Life,Term,222
2022-08-04,StateFarm,Life,Whole,242
2022-08-04,Allstate,Auto,Comprehensive,213
2022-08-04,Allstate,Auto,Liability,237
2022-08-04,Allstate,Home,Property,179
2022-08-04,Allstate,Home,Renters,98
2022-08-04,Allstate,Life,Term,129
2022-08-04,Allstate,Life,Whole,119
2022-08-05,Geico,Auto,Comprehensive,158
2022-08-05,Geico,Auto,Liability,303
2022-08-05,Geico,Home,Property,97
2022-08-05,Geico,Home,Renters,76
2022-08-05,Geico,Life,Term,166
2022-08-05,Geico,Life,Whole,170
2022-08-05,StateFarm,Auto,Comprehensive,161
2022-08-05,StateFarm,Auto,Liability,178
2022-08-05,StateFarm,Home,Property,76
2022-08-05,StateFarm,Home,Renters,94
2022-08-05,StateFarm,Life,Term,286
2022-08-05,StateFarm,Life,Whole,133
2022-08-05,Allstate,Auto,Comprehensive,153
2022-08-05,Allstate,Auto,Liability,144
2022-08-05,Allstate,Home,Property,211
2022-08-05,Allstate,Home,Renters,113
2022-08-05,Allstate,Life,Term,100
2022-08-05,Allstate,Life,Whole,233
2022-08-06,Geico,Auto,Comprehensive,282
2022-08-06,Geico,Auto,Liability,226
2022-08-06,Geico,Home,Property,165
2022-08-06,Geico,Home,Renters,83
2022-08-06,Geico,Life,Term,270
2022-08-06,Geico,Life,Whole,96
2022-08-06,StateFarm,Auto,Comprehensive,192
2022-08-06,StateFarm,Auto,Liability,250
2022-08-06,StateFarm,Home,Property,186
2022-08-06,StateFarm,Home,Renters,98
2022-08-06,StateFarm,Life,Term,94
2022-08-06,StateFarm,Life,Whole,61
2022-08-06,Allstate,Auto,Comprehensive,340
2022-08-06,Allstate,Auto,Liability,211
2022-08-06,Allstate,Home,Property,61
2022-08-06,Allstate,Home,Renters,98
2022-08-06,Allstate,Life,Term,130
2022-08-06,Allstate,Life,Whole,214
2022-08-07,Geico,Auto,Comprehensive,175
2022-08-07,Geico,Auto,Liability,95
2022-08-07,Geico,Home,Property,127
2022-08-07,Geico,Home,Renters,66
2022-08-07,Geico,Life,Term,181
2022-08-07,Geico,Life,Whole,77
2022-08-07,StateFarm,Auto,Comprehensive,188
2022-08-07,StateFarm,Auto,Liability,118
2022-08-07,StateFarm,Home,Property,127
2022-08-07,StateFarm,Home,Renters,281
2022-08-07,StateFarm,Life,Term,190
2022-08-07,StateFarm,Life,Whole,169
2022-08-07,Allstate,Auto,Comprehensive,192
2022-08-07,Allstate,Auto,Liability,128
2022-08-07,Allstate,Home,Property,63
2022-08-07,Allstate,Home,Renters,185
2022-08-07,Allstate,Life,Term,221
2022-08-07,Allstate,Life,Whole,142
2022-08-08,Geico,Auto,Comprehensive,315
2022-08-08,Geico,Auto,Liability,197
2022-08-08,Geico,Home,Property,112
2022-08-08,Geico,Home,Renters,84
2022-08-08,Geico,Life,Term,281
2022-08-08,Geico,Life,Whole,197
2022-08-08,StateFarm,Auto,Comprehensive,179
2022-08-08,StateFarm,Auto,Liability,112
2022-08-08,StateFarm,Home,Property,152
2022-08-08,StateFarm,Home,Renters,267
2022-08-08,StateFarm,Life,Term,53
2022-08-08,StateFarm,Life,Whole,272
2022-08-08,Allstate,Auto,Comprehensive,249
2022-08-08,Allstate,Auto,Liability,340
2022-08-08,Allstate,Home,Property,78
2022-08-08,Allstate,Home,Renters,248
2022-08-08,Allstate,Life,Term,196
2022-08-08,Allstate,Life,Whole,200
2022-08-09,Geico,Auto,Comprehensive,285
2022-08-09,Geico,Auto,Liability,316
2022-08-09,Geico,Home,Property,83
2022-08-09,Geico,Home,Renters,129
2022-08-09,Geico,Life,Term,198
2022-08-09,Geico,Life,Whole,91
2022-08-09,StateFarm,Auto,Comprehensive,202
2022-08-09,StateFarm,Auto,Liability,288
2022-08-09,StateFarm,Home,Property,161
2022-08-09,StateFarm,Home,Renters,294
2022-08-09,StateFarm,Life,Term,162
2022-08-09,StateFarm,Life,Whole,95
2022-08-09,Allstate,Auto,Comprehensive,156
2022-08-09,Allstate,Auto,Liability,309
2022-08-09,Allstate,Home,Property,256
2022-08-09,Allstate,Home,Renters,240
2022-08-09,Allstate,Life,Term,296
2022-08-09,Allstate,Life,Whole,85
2022-08-10,Geico,Auto,Comprehensive,165
2022-08-10,Geico,Auto,Liability,176
2022-08-10,Geico,Home,Property,95
2022-08-10,Geico,Home,Renters,80
2022-08-10,Geico,Life,Term,235
2022-08-10,Geico,Life,Whole,168
2022-08-10,StateFarm,Auto,Comprehensive,291
2022-08-10,StateFarm,Auto,Liability,277
2022-08-10,StateFarm,Home,Property,179
2022-08-10,StateFarm,Home,Renters,99
2022-08-10,StateFarm,Life,Term,56
2022-08-10,StateFarm,Life,Whole,118
2022-08-10,Allstate,Auto,Comprehensive,114
2022-08-10,Allstate,Auto,Liability,218
2022-08-10,Allstate,Home,Property,228
2022-08-10,Allstate,Home,Renters,292
2022-08-10,Allstate,Life,Term,170
2022-08-10,Allstate,Life,Whole,217
2022-08-11,Geico,Auto,Comprehensive,226
2022-08-11,Geico,Auto,Liability,226
2022-08-11,Geico,Home,Property,109
2022-08-11,Geico,Home,Renters,85
2022-08-11,Geico,Life,Term,152
2022-08-11,Geico,Life,Whole,211
2022-08-11,StateFarm,Auto,Comprehensive,226
2022-08-11,StateFarm,Auto,Liability,201
2022-08-11,StateFarm,Home,Property,147
2022-08-11,StateFarm,Home,Renters,191
2022-08-11,StateFarm,Life,Term,176
2022-08-11,StateFarm,Life,Whole,162
2022-08-11,Allstate,Auto,Comprehensive,90
2022-08-11,Allstate,Auto,Liability,252
2022-08-11,Allstate,Home,Property,161
2022-08-11,Allstate,Home,Renters,93
2022-08-11,Allstate,Life,Term,247
2022-08-11,Allstate,Life,Whole,177
2022-08-12,Geico,Auto,Comprehensive,287
2022-08-12,Geico,Auto,Liability,144
2022-08-12,Geico,Home,Property,192
2022-08-12,Geico,Home,Renters,124
2022-08-12,Geico,Life,Term,71
2022-08-12,Geico,Life,Whole,52
2022-08-12,StateFarm,Auto,Comprehensive,101
2022-08-12,StateFarm,Auto,Liability,151
2022-08-12,StateFarm,Home,Property,215
2022-08-12,StateFarm,Home,Renters,296
2022-08-12,StateFarm,Life,Term,217
2022-08-12,StateFarm,Life,Whole,51
2022-08-12,Allstate,Auto,Comprehensive,125
2022-08-12,Allstate,Auto,Liability,359
2022-08-12,Allstate,Home,Property,285
2022-08-12,Allstate,Home,Renters,185
2022-08-12,Allstate,Life,Term,204
2022-08-12,Allstate,Life,Whole,81
2022-08-13,Geico,Auto,Comprehensive,123
2022-08-13,Geico,Auto,Liability,345
2022-08-13,Geico,Home,Property,154
2022-08-13,Geico,Home,Renters,230
2022-08-13,Geico,Life,Term,297
2022-08-13,Geico,Life,Whole,188
2022-08-13,StateFarm,Auto,Comprehensive,107
2022-08-13,StateFarm,Auto,Liability,308
2022-08-13,StateFarm,Home,Property,173
2022-08-13,StateFarm,Home,Renters,128
2022-08-13,StateFarm,Life,Term,116
2022-08-13,StateFarm,Life,Whole,106
2022-08-13,Allstate,Auto,Comprehensive,308
2022-08-13,Allstate,Auto,Liability,84
2022-08-13,Allstate,Home,Property,253
2022-08-13,Allstate,Home,Renters,214
2022-08-13,Allstate,Life,Term,220
2022-08-13,Allstate,Life,Whole,210
2022-08-14,Geico,Auto,Comprehensive,135
2022-08-14,Geico,Auto,Liability,169
2022-08-14,Geico,Home,Property,184
2022-08-14,Geico,Home,Renters,169
2022-08-14,Geico,Life,Term,158
2022-08-14,Geico,Life,Whole,285
2022-08-14,StateFarm,Auto,Comprehensive,280
2022-08-14,StateFarm,Auto,Liability,236
2022-08-14,StateFarm,Home,Property,247
2022-08-14,StateFarm,Home,Renters,241
2022-08-14,StateFarm,Life,Term,51
2022-08-14,StateFarm,Life,Whole,297
2022-08-14,Allstate,Auto,Comprehensive,113
2022-08-14,Allstate,Auto,Liability,332
2022-08-14,Allstate,Home,Property,277
2022-08-14,Allstate,Home,Renters,209
2022-08-14,Allstate,Life,Term,90
2022-08-14,Allstate,Life,Whole,297
2022-08-15,Geico,Auto,Comprehensive,185
2022-08-15,Geico,Auto,Liability,206
2022-08-15,Geico,Home,Property,145
2022-08-15,Geico,Home,Renters,298
2022-08-15,Geico,Life,Term,172
2022-08-15,Geico,Life,Whole,185
2022-08-15,StateFarm,Auto,Comprehensive,144
2022-08-15,StateFarm,Auto,Liability,122
2022-08-15,StateFarm,Home,Property,137
2022-08-15,StateFarm,Home,Renters,113
2022-08-15,StateFarm,Life,Term,282
2022-08-15,StateFarm,Life,Whole,102
2022-08-15,Allstate,Auto,Comprehensive,268
2022-08-15,Allstate,Auto,Liability,266
2022-08-15,Allstate,Home,Property,279
2022-08-15,Allstate,Home,Renters,111
2022-08-15,Allstate,Life,Term,161
2022-08-15,Allstate,Life,Whole,125
2022-08-16,Geico,Auto,Comprehensive,250
2022-08-16,Geico,Auto,Liability,105
2022-08-16,Geico,Home,Property,216
2022-08-16,Geico,Home,Renters,247
2022-08-16,Geico,Life,Term,242
2022-08-16,Geico,Life,Whole,188
2022-08-16,StateFarm,Auto,Comprehensive,232
2022-08-16,StateFarm,Auto,Liability,187
2022-08-16,StateFarm,Home,Property,152
2022-08-16,StateFarm,Home,Renters,266
2022-08-16,StateFarm,Life,Term,220
2022-08-16,StateFarm,Life,Whole,81
2022-08-16,Allstate,Auto,Comprehensive,131
2022-08-16,Allstate,Auto,Liability,160
2022-08-16,Allstate,Home,Property,174
2022-08-16,Allstate,Home,Renters,120
2022-08-16,Allstate,Life,Term,240
2022-08-16,Allstate,Life,Whole,72
2022-08-17,Geico,Auto,Comprehensive,291
2022-08-17,Geico,Auto,Liability,271
2022-08-17,Geico,Home,Property,79
2022-08-17,Geico,Home,Renters,236
2022-08-17,Geico,Life,Term,197
2022-08-17,Geico,Life,Whole,175
2022-08-17,StateFarm,Auto,Comprehensive,229
2022-08-17,StateFarm,Auto,Liability,268
2022-08-17,StateFarm,Home,Property,160
2022-08-17,StateFarm,Home,Renters,257
2022-08-17,StateFarm,Life,Term,177
2022-08-17,StateFarm,Life,Whole,176
2022-08-17,Allstate,Auto,Comprehensive,359
2022-08-17,Allstate,Auto,Liability,236
2022-08-17,Allstate,Home,Property,135
2022-08-17,Allstate,Home,Renters,61
2022-08-17,Allstate,Life,Term,149
2022-08-17,Allstate,Life,Whole,152
2022-08-18,Geico,Auto,Comprehensive,153
2022-08-18,Geico,Auto,Liability,93
2022-08-18,Geico,Home,Property,260
2022-08-18,Geico,Home,Renters,203
2022-08-18,Geico,Life,Term,66
2022-08-18,Geico,Life,Whole,239
2022-08-18,StateFarm,Auto,Comprehensive,147
2022-08-18,StateFarm,Auto,Liability,221
2022-08-18,StateFarm,Home,Property,292
2022-08-18,StateFarm,Home,Renters,188
2022-08-18,StateFarm,Life,Term,126
2022-08-18,StateFarm,Life,Whole,140
2022-08-18,Allstate,Auto,Comprehensive,198
2022-08-18,Allstate,Auto,Liability,278
2022-08-18,Allstate,Home,Property,151
2022-08-18,Allstate,Home,Renters,95
2022-08-18,Allstate,Life,Term,65
2022-08-18,Allstate,Life,Whole,265
2022-08-19,Geico,Auto,Comprehensive,309
2022-08-19,Geico,Auto,Liability,225
2022-08-19,Geico,Home,Property,57
2022-08-19,Geico,Home,Renters,140
2022-08-19,Geico,Life,Term,230
2022-08-19,Geico,Life,Whole,282
2022-08-19,StateFarm,Auto,Comprehensive,169
2022-08-19,StateFarm,Auto,Liability,213
2022-08-19,StateFarm,Home,Property,143
2022-08-19,StateFarm,Home,Renters,281
2022-08-19,StateFarm,Life,Term,140
2022-08-19,StateFarm,Life,Whole,185
2022-08-19,Allstate,Auto,Comprehensive,98
2022-08-19,Allstate,Auto,Liability,104
2022-08-19,Allstate,Home,Property,180
2022-08-19,Allstate,Home,Renters,290
2022-08-19,Allstate,Life,Term,272
2022-08-19,Allstate,Life,Whole,55
2022-08-20,Geico,Auto,Comprehensive,241
2022-08-20,Geico,Auto,Liability,258
2022-08-20,Geico,Home,Property,240
2022-08-20,Geico,Home,Renters,277
2022-08-20,Geico,Life,Term,273
2022-08-20,Geico,Life,Whole,223
2022-08-20,StateFarm,Auto,Comprehensive,147
2022-08-20,StateFarm,Auto,Liability,266
2022-08-20,StateFarm,Home,Property,251
2022-08-20,StateFarm,Home,Renters,88
2022-08-20,StateFarm,Life,Term,218
2022-08-20,StateFarm,Life,Whole,99
2022-08-20,Allstate,Auto,Comprehensive,119
2022-08-20,Allstate,Auto,Liability,268
2022-08-20,Allstate,Home,Property,285
2022-08-20,Allstate,Home,Renters,109
2022-08-20,Allstate,Life,Term,277
2022-08-20,Allstate,Life,Whole,250
2022-08-21,Geico,Auto,Comprehensive,165
2022-08-21,Geico,Auto,Liability,261
2022-08-21,Geico,Home,Property,220
2022-08-21,Geico,Home,Renters,271
2022-08-21,Geico,Life,Term,248
2022-08-21,Geico,Life,Whole,139
2022-08-21,StateFarm,Auto,Comprehensive,188
2022-08-21,StateFarm,Auto,Liability,180
2022-08-21,StateFarm,Home,Property,58
2022-08-21,StateFarm,Home,Renters,256
2022-08-21,StateFarm,Life,Term,64
2022-08-21,StateFarm,Life,Whole,243
2022-08-21,Allstate,Auto,Comprehensive,235
2022-08-21,Allstate,Auto,Liability,142
2022-08-21,Allstate,Home,Property,68
2022-08-21,Allstate,Home,Renters,200
2022-08-21,Allstate,Life,Term,57
2022-08-21,Allstate,Life,Whole,196
2022-08-22,Geico,Auto,Comprehensive,321
2022-08-22,Geico,Auto,Liability,313
2022-08-22,Geico,Home,Property,287
2022-08-22,Geico,Home,Renters,284
2022-08-22,Geico,Life,Term,159
2022-08-22,Geico,Life,Whole,232
2022-08-22,StateFarm,Auto,Comprehensive,345
2022-08-22,StateFarm,Auto,Liability,152
2022-08-22,StateFarm,Home,Property,208
2022-08-22,StateFarm,Home,Renters,260
2022-08-22,StateFarm,Life,Term,134
2022-08-22,StateFarm,Life,Whole,281
2022-08-22,Allstate,Auto,Comprehensive,292
2022-08-22,Allstate,Auto,Liability,187
2022-08-22,Allstate,Home,Property,264
2022-08-22,Allstate,Home,Renters,173
2022-08-22,Allstate,Life,Term,181
2022-08-22,Allstate,Life,Whole,76
2022-08-23,Geico,Auto,Comprehensive,142
2022-08-23,Geico,Auto,Liability,180
2022-08-23,Geico,Home,Property,169
2022-08-23,Geico,Home,Renters,189
2022-08-23,Geico,Life,Term,245
2022-08-23,Geico,Life,Whole,74
2022-08-23,StateFarm,Auto,Comprehensive,359
2022-08-23,StateFarm,Auto,Liability,311
2022-08-23,StateFarm,Home,Property,256
2022-08-23,StateFarm,Home,Renters,133
2022-08-23,StateFarm,Life,Term,263
2022-08-23,StateFarm,Life,Whole,223
2022-08-23,Allstate,Auto,Comprehensive,283
2022-08-23,Allstate,Auto,Liability,280
2022-08-23,Allstate,Home,Property,124
2022-08-23,Allstate,Home,Renters,119
2022-08-23,Allstate,Life,Term,170
2022-08-23,Allstate,Life,Whole,283
2022-08-24,Geico,Auto,Comprehensive,154
2022-08-24,Geico,Auto,Liability,301
2022-08-24,Geico,Home,Property,205
2022-08-24,Geico,Home,Renters,136
2022-08-24,Geico,Life,Term,135
2022-08-24,Geico,Life,Whole,280
2022-08-24,StateFarm,Auto,Comprehensive,249
2022-08-24,StateFarm,Auto,Liability,276
2022-08-24,StateFarm,Home,Property,221
2022-08-24,StateFarm,Home,Renters,232
2022-08-24,StateFarm,Life,Term,150
2022-08-24,StateFarm,Life,Whole,208
2022-08-24,Allstate,Auto,Comprehensive,142
2022-08-24,Allstate,Auto,Liability,124
2022-08-24,Allstate,Home,Property,118
2022-08-24,Allstate,Home,Renters,189
2022-08-24,Allstate,Life,Term,232
2022-08-24,Allstate,Life,Whole,167
2022-08-25,Geico,Auto,Comprehensive,131
2022-08-25,Geico,Auto,Liability,301
2022-08-25,Geico,Home,Property,69
2022-08-25,Geico,Home,Renters,93
2022-08-25,Geico,Life,Term,202
2022-08-25,Geico,Life,Whole,87
2022-08-25,StateFarm,Auto,Comprehensive,181
2022-08-25,StateFarm,Auto,Liability,98
2022-08-25,StateFarm,Home,Property,73
2022-08-25,StateFarm,Home,Renters,173
2022-08-25,StateFarm,Life,Term,81
2022-08-25,StateFarm,Life,Whole,288
2022-08-25,Allstate,Auto,Comprehensive,122
2022-08-25,Allstate,Auto,Liability,156
2022-08-25,Allstate,Home,Property,154
2022-08-25,Allstate,Home,Renters,272
2022-08-25,Allstate,Life,Term,258
2022-08-25,Allstate,Life,Whole,199
2022-08-26,Geico,Auto,Comprehensive,185
2022-08-26,Geico,Auto,Liability,174
2022-08-26,Geico,Home,Property,286
2022-08-26,Geico,Home,Renters,110
2022-08-26,Geico,Life,Term,190
2022-08-26,Geico,Life,Whole,253
2022-08-26,StateFarm,Auto,Comprehensive,207
2022-08-26,StateFarm,Auto,Liability,140
2022-08-26,StateFarm,Home,Property,136
2022-08-26,StateFarm,Home,Renters,237
2022-08-26,StateFarm,Life,Term,76
2022-08-26,StateFarm,Life,Whole,158
2022-08-26,Allstate,Auto,Comprehensive,142
2022-08-26,Allstate,Auto,Liability,285
2022-08-26,Allstate,Home,Property,77
2022-08-26,Allstate,Home,Renters,232
2022-08-26,Allstate,Life,Term,250
2022-08-26,Allstate,Life,Whole,120
2022-08-27,Geico,Auto,Comprehensive,243
2022-08-27,Geico,Auto,Liability,183
2022-08-27,Geico,Home,Property,279
2022-08-27,Geico,Home,Renters,102
2022-08-27,Geico,Life,Term,216
2022-08-27,Geico,Life,Whole,241
2022-08-27,StateFarm,Auto,Comprehensive,207
2022-08-27,StateFarm,Auto,Liability,182
2022-08-27,StateFarm,Home,Property,216
2022-08-27,StateFarm,Home,Renters,149
2022-08-27,StateFarm,Life,Term,211
2022-08-27,StateFarm,Life,Whole,122
2022-08-27,Allstate,Auto,Comprehensive,125
2022-08-27,Allstate,Auto,Liability,310
2022-08-27,Allstate,Home,Property,80
2022-08-27,Allstate,Home,Renters,192
2022-08-27,Allstate,Life,Term,244
2022-08-27,Allstate,Life,Whole,89
2022-08-28,Geico,Auto,Comprehensive,205
2022-08-28,Geico,Auto,Liability,329
2022-08-28,Geico,Home,Property,115
2022-08-28,Geico,Home,Renters,139
2022-08-28,Geico,Life,Term,192
2022-08-28,Geico,Life,Whole,139
2022-08-28,StateFarm,Auto,Comprehensive,288
2022-08-28,StateFarm,Auto,Liability,324
2022-08-28,StateFarm,Home,Property,295
2022-08-28,StateFarm,Home,Renters,73
2022-08-28,StateFarm,Life,Term,167
2022-08-28,StateFarm,Life,Whole,115
2022-08-28,Allstate,Auto,Comprehensive,187
2022-08-28,Allstate,Auto,Liability,345
2022-08-28,Allstate,Home,Property,65
2022-08-28,Allstate,Home,Renters,286
2022-08-28,Allstate,Life,Term,251
2022-08-28,Allstate,Life,Whole,187
2022-08-29,Geico,Auto,Comprehensive,166
2022-08-29,Geico,Auto,Liability,305
2022-08-29,Geico,Home,Property,84
2022-08-29,Geico,Home,Renters,139
2022-08-29,Geico,Life,Term,264
2022-08-29,Geico,Life,Whole,213
2022-08-29,StateFarm,Auto,Comprehensive,132
2022-08-29,StateFarm,Auto,Liability,199
2022-08-29,StateFarm,Home,Property,95
2022-08-29,StateFarm,Home,Renters,201
2022-08-29,StateFarm,Life,Term,222
2022-08-29,StateFarm,Life,Whole,179
2022-08-29,Allstate,Auto,Comprehensive,268
2022-08-29,Allstate,Auto,Liability,190
2022-08-29,Allstate,Home,Property,257
2022-08-29,Allstate,Home,Renters,263
2022-08-29,Allstate,Life,Term,207
2022-08-29,Allstate,Life,Whole,194
2022-08-30,Geico,Auto,Comprehensive,234
2022-08-30,Geico,Auto,Liability,237
2022-08-30,Geico,Home,Property,156
2022-08-30,Geico,Home,Renters,106
2022-08-30,Geico,Life,Term,95
2022-08-30,Geico,Life,Whole,255
2022-08-30,StateFarm,Auto,Comprehensive,214
2022-08-30,StateFarm,Auto,Liability,150
2022-08-30,StateFarm,Home,Property,76
2022-08-30,StateFarm,Home,Renters,77
2022-08-30,StateFarm,Life,Term,166
2022-08-30,StateFarm,Life,Whole,181
2022-08-30,Allstate,Auto,Comprehensive,280
2022-08-30,Allstate,Auto,Liability,147
2022-08-30,Allstate,Home,Property,84
2022-08-30,Allstate,Home,Renters,142
2022-08-30,Allstate,Life,Term,225
2022-08-30,Allstate,Life,Whole,75
2022-08-31,Geico,Auto,Comprehensive,254
2022-08-31,Geico,Auto,Liability,234
2022-08-31,Geico,Home,Property,242
2022-08-31,Geico,Home,Renters,283
2022-08-31,Geico,Life,Term,172
2022-08-31,Geico,Life,Whole,88
2022-08-31,StateFarm,Auto,Comprehensive,110
2022-08-31,StateFarm,Auto,Liability,359
2022-08-31,StateFarm,Home,Property,153
2022-08-31,StateFarm,Home,Renters,99
2022-08-31,StateFarm,Life,Term,249
2022-08-31,StateFarm,Life,Whole,164
2022-08-31,Allstate,Auto,Comprehensive,154
2022-08-31,Allstate,Auto,Liability,239
2022-08-31,Allstate,Home,Property,259
2022-08-31,Allstate,Home,Renters,185
2022-08-31,Allstate,Life,Term,255
2022-08-31,Allstate,Life,Whole,279
2022-09-01,Geico,Auto,Comprehensive,152
2022-09-01,Geico,Auto,Liability,194
2022-09-01,Geico,Home,Property,170
2022-09-01,Geico,Home,Renters,126
2022-09-01,Geico,Life,Term,234
2022-09-01,Geico,Life,Whole,105
2022-09-01,StateFarm,Auto,Comprehensive,305
2022-09-01,StateFarm,Auto,Liability,210
2022-09-01,StateFarm,Home,Property,203
2022-09-01,StateFarm,Home,Renters,224
2022-09-01,StateFarm,Life,Term,177
2022-09-01,StateFarm,Life,Whole,205
2022-09-01,Allstate,Auto,Comprehensive,128
2022-09-01,Allstate,Auto,Liability,358
2022-09-01,Allstate,Home,Property,285
2022-09-01,Allstate,Home,Renters,173
2022-09-01,Allstate,Life,Term,91
2022-09-01,Allstate,Life,Whole,202
2022-09-02,Geico,Auto,Comprehensive,234
2022-09-02,Geico,Auto,Liability,233
2022-09-02,Geico,Home,Property,90
2022-09-02,Geico,Home,Renters,186
2022-09-02,Geico,Life,Term,163
2022-09-02,Geico,Life,Whole,120
2022-09-02,StateFarm,Auto,Comprehensive,175
2022-09-02,StateFarm,Auto,Liability,210
2022-09-02,StateFarm,Home,Property,68
2022-09-02,StateFarm,Home,Renters,101
2022-09-02,StateFarm,Life,Term,184
2022-09-02,StateFarm,Life,Whole,148
2022-09-02,Allstate,Auto,Comprehensive,268
2022-09-02,Allstate,Auto,Liability,170
2022-09-02,Allstate,Home,Property,180
2022-09-02,Allstate,Home,Renters,120
2022-09-02,Allstate,Life,Term,182
2022-09-02,Allstate,Life,Whole,231
2022-09-03,Geico,Auto,Comprehensive,288
2022-09-03,Geico,Auto,Liability,286
2022-09-03,Geico,Home,Property,205
2022-09-03,Geico,Home,Renters,115
2022-09-03,Geico,Life,Term,149
2022-09-03,Geico,Life,Whole,133
2022-09-03,StateFarm,Auto,Comprehensive,221
2022-09-03,StateFarm,Auto,Liability,232
2022-09-03,StateFarm,Home,Property,170
2022-09-03,StateFarm,Home,Renters,110
2022-09-03,StateFarm,Life,Term,294
2022-09-03,StateFarm,Life,Whole,113
2022-09-03,Allstate,Auto,Comprehensive,256
2022-09-03,Allstate,Auto,Liability,224
2022-09-03,Allstate,Home,Property,286
2022-09-03,Allstate,Home,Renters,237
2022-09-03,Allstate,Life,Term,286
2022-09-03,Allstate,Life,Whole,71
2022-09-04,Geico,Auto,Comprehensive,250
2022-09-04,Geico,Auto,Liability,170
2022-09-04,Geico,Home,Property,259
2022-09-04,Geico,Home,Renters,259
2022-09-04,Geico,Life,Term,73
2022-09-04,Geico,Life,Whole,64
2022-09-04,StateFarm,Auto,Comprehensive,223
2022-09-04,StateFarm,Auto,Liability,241
2022-09-04,StateFarm,Home,Property,186
2022-09-04,StateFarm,Home,Renters,95
2022-09-04,StateFarm,Life,Term,55
2022-09-04,StateFarm,Life,Whole,152
2022-09-04,Allstate,Auto,Comprehensive,131
2022-09-04,Allstate,Auto,Liability,264
2022-09-04,Allstate,Home,Property,152
2022-09-04,Allstate,Home,Renters,91
2022-09-04,Allstate,Life,Term,73
2022-09-04,Allstate,Life,Whole,283
2022-09-05,Geico,Auto,Comprehensive,326
2022-09-05,Geico,Auto,Liability,261
2022-09-05,Geico,Home,Property,174
2022-09-05,Geico,Home,Renters,199
2022-09-05,Geico,Life,Term,66
2022-09-05,Geico,Life,Whole,239
2022-09-05,StateFarm,Auto,Comprehensive,189
2022-09-05,StateFarm,Auto,Liability,288
2022-09-05,StateFarm,Home,Property,294
2022-09-05,StateFarm,Home,Renters,116
2022-09-05,StateFarm,Life,Term,293
2022-09-05,StateFarm,Life,Whole,264
2022-09-05,Allstate,Auto,Comprehensive,317
2022-09-05,Allstate,Auto,Liability,210
2022-09-05,Allstate,Home,Property,117
2022-09-05,Allstate,Home,Renters,298
2022-09-05,Allstate,Life,Term,113
2022-09-05,Allstate,Life,Whole,148
2022-09-06,Geico,Auto,Comprehensive,195
2022-09-06,Geico,Auto,Liability,139
2022-09-06,Geico,Home,Property,150
2022-09-06,Geico,Home,Renters,62
2022-09-06,Geico,Life,Term,119
2022-09-06,Geico,Life,Whole,57
2022-09-06,StateFarm,Auto,Comprehensive,199
2022-09-06,StateFarm,Auto,Liability,191
2022-09-06,StateFarm,Home,Property,144
2022-09-06,StateFarm,Home,Renters,124
2022-09-06,StateFarm,Life,Term,161
2022-09-06,StateFarm,Life,Whole,172
2022-09-06,Allstate,Auto,Comprehensive,230
2022-09-06,Allstate,Auto,Liability,185
2022-09-06,Allstate,Home,Property,268
2022-09-06,Allstate,Home,Renters,113
2022-09-06,Allstate,Life,Term,242
2022-09-06,Allstate,Life,Whole,99
2022-09-07,Geico,Auto,Comprehensive,170
2022-09-07,Geico,Auto,Liability,239
2022-09-07,Geico,Home,Property,108
2022-09-07,Geico,Home,Renters,76
2022-09-07,Geico,Life,Term,229
2022-09-07,Geico,Life,Whole,251
2022-09-07,StateFarm,Auto,Comprehensive,267
2022-09-07,StateFarm,Auto,Liability,310
2022-09-07,StateFarm,Home,Property,168
2022-09-07,StateFarm,Home,Renters,50
2022-09-07,StateFarm,Life,Term,198
2022-09-07,StateFarm,Life,Whole,149
2022-09-07,Allstate,Auto,Comprehensive,277
2022-09-07,Allstate,Auto,Liability,126
2022-09-07,Allstate,Home,Property,190
2022-09-07,Allstate,Home,Renters,208
2022-09-07,Allstate,Life,Term,167
2022-09-07,Allstate,Life,Whole,190
2022-09-08,Geico,Auto,Comprehensive,191
2022-09-08,Geico,Auto,Liability,300
2022-09-08,Geico,Home,Property,291
2022-09-08,Geico,Home,Renters,169
2022-09-08,Geico,Life,Term,203
2022-09-08,Geico,Life,Whole,282
2022-09-08,StateFarm,Auto,Comprehensive,297
2022-09-08,StateFarm,Auto,Liability,338
2022-09-08,StateFarm,Home,Property,103
2022-09-08,StateFarm,Home,Renters,201
2022-09-08,StateFarm,Life,Term,115
2022-09-08,StateFarm,Life,Whole,235
2022-09-08,Allstate,Auto,Comprehensive,195
2022-09-08,Allstate,Auto,Liability,162
2022-09-08,Allstate,Home,Property,157
2022-09-08,Allstate,Home,Renters,62
2022-09-08,Allstate,Life,Term,81
2022-09-08,Allstate,Life,Whole,84
2022-09-09,Geico,Auto,Comprehensive,203
2022-09-09,Geico,Auto,Liability,84
2022-09-09,Geico,Home,Property,273
2022-09-09,Geico,Home,Renters,89
2022-09-09,Geico,Life,Term,168
2022-09-09,Geico,Life,Whole,174
2022-09-09,StateFarm,Auto,Comprehensive,146
2022-09-09,StateFarm,Auto,Liability,246
2022-09-09,StateFarm,Home,Property,151
2022-09-09,StateFarm,Home,Renters,117
2022-09-09,StateFarm,Life,Term,152
2022-09-09,StateFarm,Life,Whole,117
2022-09-09,Allstate,Auto,Comprehensive,331
2022-09-09,Allstate,Auto,Liability,117
2022-09-09,Allstate,Home,Property,271
2022-09-09,Allstate,Home,Renters,138
2022-09-09,Allstate,Life,Term,225
2022-09-09,Allstate,Life,Whole,77
2022-09-10,Geico,Auto,Comprehensive,322
2022-09-10,Geico,Auto,Liability,125
2022-09-10,Geico,Home,Property,103
2022-09-10,Geico,Home,Renters,137
2022-09-10,Geico,Life,Term,200
2022-09-10,Geico,Life,Whole,123
2022-09-10,StateFarm,Auto,Comprehensive,122
2022-09-10,StateFarm,Auto,Liability,309
2022-09-10,StateFarm,Home,Property,232
2022-09-10,StateFarm,Home,Renters,216
2022-09-10,StateFarm,Life,Term,64
2022-09-10,StateFarm,Life,Whole,260
2022-09-10,Allstate,Auto,Comprehensive,311
2022-09-10,Allstate,Auto,Liability,181
2022-09-10,Allstate,Home,Property,162
2022-09-10,Allstate,Home,Renters,209
2022-09-10,Allstate,Life,Term,232
2022-09-10,Allstate,Life,Whole,131
2022-09-11,Geico,Auto,Comprehensive,211
2022-09-11,Geico,Auto,Liability,123
2022-09-11,Geico,Home,Property,241
2022-09-11,Geico,Home,Renters,248
2022-09-11,Geico,Life,Term,129
2022-09-11,Geico,Life,Whole,193
2022-09-11,StateFarm,Auto,Comprehensive,263
2022-09-11,StateFarm,Auto,Liability,328
2022-09-11,StateFarm,Home,Property,228
2022-09-11,StateFarm,Home,Renters,248
2022-09-11,StateFarm,Life,Term,81
2022-09-11,StateFarm,Life,Whole,88
2022-09-11,Allstate,Auto,Comprehensive,207
2022-09-11,Allstate,Auto,Liability,117
2022-09-11,Allstate,Home,Property,96
2022-09-11,Allstate,Home,Renters,278
2022-09-11,Allstate,Life,Term,180
2022-09-11,Allstate,Life,Whole,274
2022-09-12,Geico,Auto,Comprehensive,101
2022-09-12,Geico,Auto,Liability,303
2022-09-12,Geico,Home,Property,147
2022-09-12,Geico,Home,Renters,159
2022-09-12,Geico,Life,Term,286
2022-09-12,Geico,Life,Whole,142
2022-09-12,StateFarm,Auto,Comprehensive,88
2022-09-12,StateFarm,Auto,Liability,352
2022-09-12,StateFarm,Home,Property,187
2022-09-12,StateFarm,Home,Renters,124
2022-09-12,StateFarm,Life,Term,144
2022-09-12,StateFarm,Life,Whole,129
2022-09-12,Allstate,Auto,Comprehensive,346
2022-09-12,Allstate,Auto,Liability,117
2022-09-12,Allstate,Home,Property,236
2022-09-12,Allstate,Home,Renters,249
2022-09-12,Allstate,Life,Term,207
2022-09-12,Allstate,Life,Whole,96
2022-09-13,Geico,Auto,Comprehensive,125
2022-09-13,Geico,Auto,Liability,216
2022-09-13,Geico,Home,Property,219
2022-09-13,Geico,Home,Renters,135
2022-09-13,Geico,Life,Term,59
2022-09-13,Geico,Life,Whole,258
2022-09-13,StateFarm,Auto,Comprehensive,319
2022-09-13,StateFarm,Auto,Liability,318
2022-09-13,StateFarm,Home,Property,144
2022-09-13,StateFarm,Home,Renters,287
2022-09-13,StateFarm,Life,Term,125
2022-09-13,StateFarm,Life,Whole,186
2022-09-13,Allstate,Auto,Comprehensive,217
2022-09-13,Allstate,Auto,Liability,240
2022-09-13,Allstate,Home,Property,155
2022-09-13,Allstate,Home,Renters,186
2022-09-13,Allstate,Life,Term,108
2022-09-13,Allstate,Life,Whole,242
2022-09-14,Geico,Auto,Comprehensive,306
2022-09-14,Geico,Auto,Liability,311
2022-09-14,Geico,Home,Property,116
2022-09-14,Geico,Home,Renters,269
2022-09-14,Geico,Life,Term,214
2022-09-14,Geico,Life,Whole,115
2022-09-14,StateFarm,Auto,Comprehensive,126
2022-09-14,StateFarm,Auto,Liability,315
2022-09-14,StateFarm,Home,Property,115
2022-09-14,StateFarm,Home,Renters,282
2022-09-14,StateFarm,Life,Term,207
2022-09-14,StateFarm,Life,Whole,114
2022-09-14,Allstate,Auto,Comprehensive,118
2022-09-14,Allstate,Auto,Liability,251
2022-09-14,Allstate,Home,Property,54
2022-09-14,Allstate,Home,Renters,153
2022-09-14,Allstate,Life,Term,147
2022-09-14,Allstate,Life,Whole,237
2022-09-15,Geico,Auto,Comprehensive,349
2022-09-15,Geico,Auto,Liability,111
2022-09-15,Geico,Home,Property,162
2022-09-15,Geico,Home,Renters,258
2022-09-15,Geico,Life,Term,80
2022-09-15,Geico,Life,Whole,175
2022-09-15,StateFarm,Auto,Comprehensive,182
2022-09-15,StateFarm,Auto,Liability,136
2022-09-15,StateFarm,Home,Property,173
2022-09-15,StateFarm,Home,Renters,240
2022-09-15,StateFarm,Life,Term,132
2022-09-15,StateFarm,Life,Whole,174
2022-09-15,Allstate,Auto,Comprehensive,169
2022-09-15,Allstate,Auto,Liability,281
2022-09-15,Allstate,Home,Property,294
2022-09-15,Allstate,Home,Renters,228
2022-09-15,Allstate,Life,Term,90
2022-09-15,Allstate,Life,Whole,82
2022-09-16,Geico,Auto,Comprehensive,134
2022-09-16,Geico,Auto,Liability,339
2022-09-16,Geico,Home,Property,244
2022-09-16,Geico,Home,Renters,196
2022-09-16,Geico,Life,Term,249
2022-09-16,Geico,Life,Whole,233
2022-09-16,StateFarm,Auto,Comprehensive,274
2022-09-16,StateFarm,Auto,Liability,151
2022-09-16,StateFarm,Home,Property,171
2022-09-16,StateFarm,Home,Renters,299
2022-09-16,StateFarm,Life,Term,128
2022-09-16,StateFarm,Life,Whole,63
2022-09-16,Allstate,Auto,Comprehensive,296
2022-09-16,Allstate,Auto,Liability,283
2022-09-16,Allstate,Home,Property,277
2022-09-16,Allstate,Home,Renters,187
2022-09-16,Allstate,Life,Term,223
2022-09-16,Allstate,Life,Whole,95
2022-09-17,Geico,Auto,Comprehensive,87
2022-09-17,Geico,Auto,Liability,315
2022-09-17,Geico,Home,Property,232
2022-09-17,Geico,Home,Renters,64
2022-09-17,Geico,Life,Term,115
2022-09-17,Geico,Life,Whole,297
2022-09-17,StateFarm,Auto,Comprehensive,251
2022-09-17,StateFarm,Auto,Liability,370
2022-09-17,StateFarm,Home,Property,200
2022-09-17,StateFarm,Home,Renters,96
2022-09-17,StateFarm,Life,Term,291
2022-09-17,StateFarm,Life,Whole,279
2022-09-17,Allstate,Auto,Comprehensive,245
2022-09-17,Allstate,Auto,Liability,294
2022-09-17,Allstate,Home,Property,86
2022-09-17,Allstate,Home,Renters,244
2022-09-17,Allstate,Life,Term,256
2022-09-17,Allstate,Life,Whole,142
2022-09-18,Geico,Auto,Comprehensive,253
2022-09-18,Geico,Auto,Liability,237
2022-09-18,Geico,Home,Property,208
2022-09-18,Geico,Home,Renters,259
2022-09-18,Geico,Life,Term,203
2022-09-18,Geico,Life,Whole,290
2022-09-18,StateFarm,Auto,Comprehensive,243
2022-09-18,StateFarm,Auto,Liability,220
2022-09-18,StateFarm,Home,Property,204
2022-09-18,StateFarm,Home,Renters,146
2022-09-18,StateFarm,Life,Term,292
2022-09-18,StateFarm,Life,Whole,64
2022-09-18,Allstate,Auto,Comprehensive,129
2022-09-18,Allstate,Auto,Liability,177
2022-09-18,Allstate,Home,Property,70
2022-09-18,Allstate,Home,Renters,155
2022-09-18,Allstate,Life,Term,77
2022-09-18,Allstate,Life,Whole,78
2022-09-19,Geico,Auto,Comprehensive,235
2022-09-19,Geico,Auto,Liability,122
2022-09-19,Geico,Home,Property,198
2022-09-19,Geico,Home,Renters,52
2022-09-19,Geico,Life,Term,254
2022-09-19,Geico,Life,Whole,148
2022-09-19,StateFarm,Auto,Comprehensive,258
2022-09-19,StateFarm,Auto,Liability,240
2022-09-19,StateFarm,Home,Property,277
2022-09-19,StateFarm,Home,Renters,178
2022-09-19,StateFarm,Life,Term,145
2022-09-19,StateFarm,Life,Whole,201
2022-09-19,Allstate,Auto,Comprehensive,290
2022-09-19,Allstate,Auto,Liability,336
2022-09-19,Allstate,Home,Property,209
2022-09-19,Allstate,Home,Renters,116
2022-09-19,Allstate,Life,Term,154
2022-09-19,Allstate,Life,Whole,241
2022-09-20,Geico,Auto,Comprehensive,261
2022-09-20,Geico,Auto,Liability,298
2022-09-20,Geico,Home,Property,230
2022-09-20,Geico,Home,Renters,205
2022-09-20,Geico,Life,Term,108
2022-09-20,Geico,Life,Whole,228
2022-09-20,StateFarm,Auto,Comprehensive,321
2022-09-20,StateFarm,Auto,Liability,184
2022-09-20,StateFarm,Home,Property,161
2022-09-20,StateFarm,Home,Renters,89
2022-09-20,StateFarm,Life,Term,52
2022-09-20,StateFarm,Life,Whole,53
2022-09-20,Allstate,Auto,Comprehensive,103
2022-09-20,Allstate,Auto,Liability,289
2022-09-20,Allstate,Home,Property,130
2022-09-20,Allstate,Home,Renters,292
2022-09-20,Allstate,Life,Term,84
2022-09-20,Allstate,Life,Whole,207
2022-09-21,Geico,Auto,Comprehensive,171
2022-09-21,Geico,Auto,Liability,135
2022-09-21,Geico,Home,Property,55
2022-09-21,Geico,Home,Renters,205
2022-09-21,Geico,Life,Term,281
2022-09-21,Geico,Life,Whole,138
2022-09-21,StateFarm,Auto,Comprehensive,159
2022-09-21,StateFarm,Auto,Liability,301
2022-09-21,StateFarm,Home,Property,134
2022-09-21,StateFarm,Home,Renters,275
2022-09-21,StateFarm,Life,Term,289
2022-09-21,StateFarm,Life,Whole,50
2022-09-21,Allstate,Auto,Comprehensive,298
2022-09-21,Allstate,Auto,Liability,142
2022-09-21,Allstate,Home,Property,261
2022-09-21,Allstate,Home,Renters,263
2022-09-21,Allstate,Life,Term,145
2022-09-21,Allstate,Life,Whole,102
2022-09-22,Geico,Auto,Comprehensive,240
2022-09-22,Geico,Auto,Liability,230
2022-09-22,Geico,Home,Property,208
2022-09-22,Geico,Home,Renters,143
2022-09-22,Geico,Life,Term,154
2022-09-22,Geico,Life,Whole,100
2022-09-22,StateFarm,Auto,Comprehensive,193
2022-09-22,StateFarm,Auto,Liability,174
2022-09-22,StateFarm,Home,Property,175
2022-09-22,StateFarm,Home,Renters,254
2022-09-22,StateFarm,Life,Term,205
2022-09-22,StateFarm,Life,Whole,272
2022-09-22,Allstate,Auto,Comprehensive,312
2022-09-22,Allstate,Auto,Liability,143
2022-09-22,Allstate,Home,Property,150
2022-09-22,Allstate,Home,Renters,299
2022-09-22,Allstate,Life,Term,182
2022-09-22,Allstate,Life,Whole,166
2022-09-23,Geico,Auto,Comprehensive,112
2022-09-23,Geico,Auto,Liability,322
2022-09-23,Geico,Home,Property,134
2022-09-23,Geico,Home,Renters,130
2022-09-23,Geico,Life,Term,55
2022-09-23,Geico,Life,Whole,200
2022-09-23,StateFarm,Auto,Comprehensive,276
2022-09-23,StateFarm,Auto,Liability,139
2022-09-23,StateFarm,Home,Property,276
2022-09-23,StateFarm,Home,Renters,215
2022-09-23,StateFarm,Life,Term,219
2022-09-23,StateFarm,Life,Whole,170
2022-09-23,Allstate,Auto,Comprehensive,288
2022-09-23,Allstate,Auto,Liability,296
2022-09-23,Allstate,Home,Property,204
2022-09-23,Allstate,Home,Renters,289
2022-09-23,Allstate,Life,Term,55
2022-09-23,Allstate,Life,Whole,107
2022-09-24,Geico,Auto,Comprehensive,202
2022-09-24,Geico,Auto,Liability,134
2022-09-24,Geico,Home,Property,189
2022-09-24,Geico,Home,Renters,189
2022-09-24,Geico,Life,Term,96
2022-09-24,Geico,Life,Whole,168
2022-09-24,StateFarm,Auto,Comprehensive,221
2022-09-24,StateFarm,Auto,Liability,218
2022-09-24,StateFarm,Home,Property,181
2022-09-24,StateFarm,Home,Renters,120
2022-09-24,StateFarm,Life,Term,74
2022-09-24,StateFarm,Life,Whole,260
2022-09-24,Allstate,Auto,Comprehensive,149
2022-09-24,Allstate,Auto,Liability,323
2022-09-24,Allstate,Home,Property,292
2022-09-24,Allstate,Home,Renters,167
2022-09-24,Allstate,Life,Term,174
2022-09-24,Allstate,Life,Whole,172
2022-09-25,Geico,Auto,Comprehensive,186
2022-09-25,Geico,Auto,Liability,82
2022-09-25,Geico,Home,Property,252
2022-09-25,Geico,Home,Renters,292
2022-09-25,Geico,Life,Term,155
2022-09-25,Geico,Life,Whole,86
2022-09-25,StateFarm,Auto,Comprehensive,301
2022-09-25,StateFarm,Auto,Liability,192
2022-09-25,StateFarm,Home,Property,178
2022-09-25,StateFarm,Home,Renters,121
2022-09-25,StateFarm,Life,Term,159
2022-09-25,StateFarm,Life,Whole,110
2022-09-25,Allstate,Auto,Comprehensive,354
2022-09-25,Allstate,Auto,Liability,119
2022-09-25,Allstate,Home,Property,81
2022-09-25,Allstate,Home,Renters,294
2022-09-25,Allstate,Life,Term,189
2022-09-25,Allstate,Life,Whole,109
2022-09-26,Geico,Auto,Comprehensive,349
2022-09-26,Geico,Auto,Liability,120
2022-09-26,Geico,Home,Property,201
2022-09-26,Geico,Home,Renters,141
2022-09-26,Geico,Life,Term,175
2022-09-26,Geico,Life,Whole,295
2022-09-26,StateFarm,Auto,Comprehensive,149
2022-09-26,StateFarm,Auto,Liability,215
2022-09-26,StateFarm,Home,Property,232
2022-09-26,StateFarm,Home,Renters,73
2022-09-26,StateFarm,Life,Term,295
2022-09-26,StateFarm,Life,Whole,200
2022-09-26,Allstate,Auto,Comprehensive,298
2022-09-26,Allstate,Auto,Liability,247
2022-09-26,Allstate,Home,Property,98
2022-09-26,Allstate,Home,Renters,266
2022-09-26,Allstate,Life,Term,222
2022-09-26,Allstate,Life,Whole,240
2022-09-27,Geico,Auto,Comprehensive,142
2022-09-27,Geico,Auto,Liability,146
2022-09-27,Geico,Home,Property,56
2022-09-27,Geico,Home,Renters,150
2022-09-27,Geico,Life,Term,214
2022-09-27,Geico,Life,Whole,106
2022-09-27,StateFarm,Auto,Comprehensive,256
2022-09-27,StateFarm,Auto,Liability,191
2022-09-27,StateFarm,Home,Property,145
2022-09-27,StateFarm,Home,Renters,203
2022-09-27,StateFarm,Life,Term,75
2022-09-27,StateFarm,Life,Whole,166
2022-09-27,Allstate,Auto,Comprehensive,323
2022-09-27,Allstate,Auto,Liability,336
2022-09-27,Allstate,Home,Property,199
2022-09-27,Allstate,Home,Renters,80
2022-09-27,Allstate,Life,Term,197
2022-09-27,Allstate,Life,Whole,120
2022-09-28,Geico,Auto,Comprehensive,135
2022-09-28,Geico,Auto,Liability,307
2022-09-28,Geico,Home,Property,273
2022-09-28,Geico,Home,Renters,244
2022-09-28,Geico,Life,Term,183
2022-09-28,Geico,Life,Whole,206
2022-09-28,StateFarm,Auto,Comprehensive,195
2022-09-28,StateFarm,Auto,Liability,113
2022-09-28,StateFarm,Home,Property,252
2022-09-28,StateFarm,Home,Renters,180
2022-09-28,StateFarm,Life,Term,89
2022-09-28,StateFarm,Life,Whole,251
2022-09-28,Allstate,Auto,Comprehensive,320
2022-09-28,Allstate,Auto,Liability,230
2022-09-28,Allstate,Home,Property,53
2022-09-28,Allstate,Home,Renters,216
2022-09-28,Allstate,Life,Term,254
2022-09-28,Allstate,Life,Whole,216
2022-09-29,Geico,Auto,Comprehensive,160
2022-09-29,Geico,Auto,Liability,244
2022-09-29,Geico,Home,Property,195
2022-09-29,Geico,Home,Renters,284
2022-09-29,Geico,Life,Term,278
2022-09-29,Geico,Life,Whole,240
2022-09-29,StateFarm,Auto,Comprehensive,180
2022-09-29,StateFarm,Auto,Liability,203
2022-09-29,StateFarm,Home,Property,274
2022-09-29,StateFarm,Home,Renters,251
2022-09-29,StateFarm,Life,Term,121
2022-09-29,StateFarm,Life,Whole,242
2022-09-29,Allstate,Auto,Comprehensive,305
2022-09-29,Allstate,Auto,Liability,210
2022-09-29,Allstate,Home,Property,66
2022-09-29,Allstate,Home,Renters,90
2022-09-29,Allstate,Life,Term,154
2022-09-29,Allstate,Life,Whole,135
2022-09-30,Geico,Auto,Comprehensive,245
2022-09-30,Geico,Auto,Liability,314
2022-09-30,Geico,Home,Property,100
2022-09-30,Geico,Home,Renters,52
2022-09-30,Geico,Life,Term,251
2022-09-30,Geico,Life,Whole,77
2022-09-30,StateFarm,Auto,Comprehensive,314
2022-09-30,StateFarm,Auto,Liability,147
2022-09-30,StateFarm,Home,Property,199
2022-09-30,StateFarm,Home,Renters,228
2022-09-30,StateFarm,Life,Term,71
2022-09-30,StateFarm,Life,Whole,210
2022-09-30,Allstate,Auto,Comprehensive,254
2022-09-30,Allstate,Auto,Liability,334
2022-09-30,Allstate,Home,Property,118
2022-09-30,Allstate,Home,Renters,109
2022-09-30,Allstate,Life,Term,181
2022-09-30,Allstate,Life,Whole,158
2022-10-01,Geico,Auto,Comprehensive,218
2022-10-01,Geico,Auto,Liability,220
2022-10-01,Geico,Home,Property,191
2022-10-01,Geico,Home,Renters,185
2022-10-01,Geico,Life,Term,286
2022-10-01,Geico,Life,Whole,168
2022-10-01,StateFarm,Auto,Comprehensive,252
2022-10-01,StateFarm,Auto,Liability,209
2022-10-01,StateFarm,Home,Property,131
2022-10-01,StateFarm,Home,Renters,62
2022-10-01,StateFarm,Life,Term,62
2022-10-01,StateFarm,Life,Whole,91
2022-10-01,Allstate,Auto,Comprehensive,94
2022-10-01,Allstate,Auto,Liability,220
2022-10-01,Allstate,Home,Property,242
2022-10-01,Allstate,Home,Renters,167
2022-10-01,Allstate,Life,Term,109
2022-10-01,Allstate,Life,Whole,173
2022-10-02,Geico,Auto,Comprehensive,265
2022-10-02,Geico,Auto,Liability,160
2022-10-02,Geico,Home,Property,179
2022-10-02,Geico,Home,Renters,248
2022-10-02,Geico,Life,Term,126
2022-10-02,Geico,Life,Whole,187
2022-10-02,StateFarm,Auto,Comprehensive,365
2022-10-02,StateFarm,Auto,Liability,199
2022-10-02,StateFarm,Home,Property,243
2022-10-02,StateFarm,Home,Renters,90
2022-10-02,StateFarm,Life,Term,269
2022-10-02,StateFarm,Life,Whole,119
2022-10-02,Allstate,Auto,Comprehensive,256
2022-10-02,Allstate,Auto,Liability,285
2022-10-02,Allstate,Home,Property,270
2022-10-02,Allstate,Home,Renters,93
2022-10-02,Allstate,Life,Term,235
2022-10-02,Allstate,Life,Whole,143
2022-10-03,Geico,Auto,Comprehensive,322
2022-10-03,Geico,Auto,Liability,318
2022-10-03,Geico,Home,Property,86
2022-10-03,Geico,Home,Renters,298
2022-10-03,Geico,Life,Term,124
2022-10-03,Geico,Life,Whole,257
2022-10-03,StateFarm,Auto,Comprehensive,288
2022-10-03,StateFarm,Auto,Liability,131
2022-10-03,StateFarm,Home,Property,182
2022-10-03,StateFarm,Home,Renters,91
2022-10-03,StateFarm,Life,Term,237
2022-10-03,StateFarm,Life,Whole,265
2022-10-03,Allstate,Auto,Comprehensive,204
2022-10-03,Allstate,Auto,Liability,121
2022-10-03,Allstate,Home,Property,89
2022-10-03,Allstate,Home,Renters,238
2022-10-03,Allstate,Life,Term,176
2022-10-03,Allstate,Life,Whole,167
2022-10-04,Geico,Auto,Comprehensive,304
2022-10-04,Geico,Auto,Liability,283
2022-10-04,Geico,Home,Property,200
2022-10-04,Geico,Home,Renters,264
2022-10-04,Geico,Life,Term,208
2022-10-04,Geico,Life,Whole,151
2022-10-04,StateFarm,Auto,Comprehensive,260
2022-10-04,StateFarm,Auto,Liability,256
2022-10-04,StateFarm,Home,Property,242
2022-10-04,StateFarm,Home,Renters,122
2022-10-04,StateFarm,Life,Term,209
2022-10-04,StateFarm,Life,Whole,263
2022-10-04,Allstate,Auto,Comprehensive,254
2022-10-04,Allstate,Auto,Liability,211
2022-10-04,Allstate,Home,Property,290
2022-10-04,Allstate,Home,Renters,123
2022-10-04,Allstate,Life,Term,157
2022-10-04,Allstate,Life,Whole,299
2022-10-05,Geico,Auto,Comprehensive,222
2022-10-05,Geico,Auto,Liability,262
2022-10-05,Geico,Home,Property,79
2022-10-05,Geico,Home,Renters,259
2022-10-05,Geico,Life,Term,213
2022-10-05,Geico,Life,Whole,85
2022-10-05,StateFarm,Auto,Comprehensive,187
2022-10-05,StateFarm,Auto,Liability,141
2022-10-05,StateFarm,Home,Property,120
2022-10-05,StateFarm,Home,Renters,235
2022-10-05,StateFarm,Life,Term,291
2022-10-05,StateFarm,Life,Whole,68
2022-10-05,Allstate,Auto,Comprehensive,184
2022-10-05,Allstate,Auto,Liability,190
2022-10-05,Allstate,Home,Property,125
2022-10-05,Allstate,Home,Renters,223
2022-10-05,Allstate,Life,Term,59
2022-10-05,Allstate,Life,Whole,126
2022-10-06,Geico,Auto,Comprehensive,219
2022-10-06,Geico,Auto,Liability,269
2022-10-06,Geico,Home,Property,132
2022-10-06,Geico,Home,Renters,212
2022-10-06,Geico,Life,Term,65
2022-10-06,Geico,Life,Whole,183
2022-10-06,StateFarm,Auto,Comprehensive,371
2022-10-06,StateFarm,Auto,Liability,230
2022-10-06,StateFarm,Home,Property,109
2022-10-06,StateFarm,Home,Renters,187
2022-10-06,StateFarm,Life,Term,70
2022-10-06,StateFarm,Life,Whole,243
2022-10-06,Allstate,Auto,Comprehensive,114
2022-10-06,Allstate,Auto,Liability,140
2022-10-06,Allstate,Home,Property,191
2022-10-06,Allstate,Home,Renters,125
2022-10-06,Allstate,Life,Term,219
2022-10-06,Allstate,Life,Whole,93
2022-10-07,Geico,Auto,Comprehensive,140
2022-10-07,Geico,Auto,Liability,215
2022-10-07,Geico,Home,Property,77
2022-10-07,Geico,Home,Renters,256
2022-10-07,Geico,Life,Term,157
2022-10-07,Geico,Life,Whole,60
2022-10-07,StateFarm,Auto,Comprehensive,165
2022-10-07,StateFarm,Auto,Liability,193
2022-10-07,StateFarm,Home,Property,223
2022-10-07,StateFarm,Home,Renters,149
2022-10-07,StateFarm,Life,Term,166
2022-10-07,StateFarm,Life,Whole,290
2022-10-07,Allstate,Auto,Comprehensive,327
2022-10-07,Allstate,Auto,Liability,248
2022-10-07,Allstate,Home,Property,89
2022-10-07,Allstate,Home,Renters,97
2022-10-07,Allstate,Life,Term,195
2022-10-07,Allstate,Life,Whole,62
2022-10-08,Geico,Auto,Comprehensive,231
2022-10-08,Geico,Auto,Liability,314
2022-10-08,Geico,Home,Property,72
2022-10-08,Geico,Home,Renters,276
2022-10-08,Geico,Life,Term,136
2022-10-08,Geico,Life,Whole,180
2022-10-08,StateFarm,Auto,Comprehensive,155
2022-10-08,StateFarm,Auto,Liability,133
2022-10-08,StateFarm,Home,Property,170
2022-10-08,StateFarm,Home,Renters,228
2022-10-08,StateFarm,Life,Term,109
2022-10-08,StateFarm,Life,Whole,194
2022-10-08,Allstate,Auto,Comprehensive,136
2022-10-08,Allstate,Auto,Liability,288
2022-10-08,Allstate,Home,Property,240
2022-10-08,Allstate,Home,Renters,261
2022-10-08,Allstate,Life,Term,165
2022-10-08,Allstate,Life,Whole,271
2022-10-09,Geico,Auto,Comprehensive,258
2022-10-09,Geico,Auto,Liability,132
2022-10-09,Geico,Home,Property,138
2022-10-09,Geico,Home,Renters,259
2022-10-09,Geico,Life,Term,74
2022-10-09,Geico,Life,Whole,161
2022-10-09,StateFarm,Auto,Comprehensive,305
2022-10-09,StateFarm,Auto,Liability,214
2022-10-09,StateFarm,Home,Property,228
2022-10-09,StateFarm,Home,Renters,173
2022-10-09,StateFarm,Life,Term,194
2022-10-09,StateFarm,Life,Whole,122
2022-10-09,Allstate,Auto,Comprehensive,197
2022-10-09,Allstate,Auto,Liability,314
2022-10-09,Allstate,Home,Property,169
2022-10-09,Allstate,Home,Renters,108
2022-10-09,Allstate,Life,Term,104
2022-10-09,Allstate,Life,Whole,103
2022-10-10,Geico,Auto,Comprehensive,138
2022-10-10,Geico,Auto,Liability,176
2022-10-10,Geico,Home,Property,249
2022-10-10,Geico,Home,Renters,129
2022-10-10,Geico,Life,Term,224
2022-10-10,Geico,Life,Whole,226
2022-10-10,StateFarm,Auto,Comprehensive,184
2022-10-10,StateFarm,Auto,Liability,309
2022-10-10,StateFarm,Home,Property,180
2022-10-10,StateFarm,Home,Renters,259
2022-10-10,StateFarm,Life,Term,212
2022-10-10,StateFarm,Life,Whole,265
2022-10-10,Allstate,Auto,Comprehensive,132
2022-10-10,Allstate,Auto,Liability,173
2022-10-10,Allstate,Home,Property,215
2022-10-10,Allstate,Home,Renters,241
2022-10-10,Allstate,Life,Term,217
2022-10-10,Allstate,Life,Whole,120
2022-10-11,Geico,Auto,Comprehensive,325
2022-10-11,Geico,Auto,Liability,274
2022-10-11,Geico,Home,Property,292
2022-10-11,Geico,Home,Renters,125
2022-10-11,Geico,Life,Term,239
2022-10-11,Geico,Life,Whole,284
2022-10-11,StateFarm,Auto,Comprehensive,334
2022-10-11,StateFarm,Auto,Liability,353
2022-10-11,StateFarm,Home,Property,191
2022-10-11,StateFarm,Home,Renters,224
2022-10-11,StateFarm,Life,Term,147
2022-10-11,StateFarm,Life,Whole,96
2022-10-11,Allstate,Auto,Comprehensive,113
2022-10-11,Allstate,Auto,Liability,139
2022-10-11,Allstate,Home,Property,224
2022-10-11,Allstate,Home,Renters,97
2022-10-11,Allstate,Life,Term,270
2022-10-11,Allstate,Life,Whole,63
2022-10-12,Geico,Auto,Comprehensive,273
2022-10-12,Geico,Auto,Liability,172
2022-10-12,Geico,Home,Property,250
2022-10-12,Geico,Home,Renters,277
2022-10-12,Geico,Life,Term,58
2022-10-12,Geico,Life,Whole,156
2022-10-12,StateFarm,Auto,Comprehensive,251
2022-10-12,StateFarm,Auto,Liability,303
2022-10-12,StateFarm,Home,Property,160
2022-10-12,StateFarm,Home,Renters,65
2022-10-12,StateFarm,Life,Term,279
2022-10-12,StateFarm,Life,Whole,125
2022-10-12,Allstate,Auto,Comprehensive,211
2022-10-12,Allstate,Auto,Liability,147
2022-10-12,Allstate,Home,Property,287
2022-10-12,Allstate,Home,Renters,121
2022-10-12,Allstate,Life,Term,180
2022-10-12,Allstate,Life,Whole,249
2022-10-13,Geico,Auto,Comprehensive,239
2022-10-13,Geico,Auto,Liability,262
2022-10-13,Geico,Home,Property,89
2022-10-13,Geico,Home,Renters,83
2022-10-13,Geico,Life,Term,113
2022-10-13,Geico,Life,Whole,139
2022-10-13,StateFarm,Auto,Comprehensive,255
2022-10-13,StateFarm,Auto,Liability,203
2022-10-13,StateFarm,Home,Property,140
2022-10-13,StateFarm,Home,Renters,263
2022-10-13,StateFarm,Life,Term,178
2022-10-13,StateFarm,Life,Whole,105
2022-10-13,Allstate,Auto,Comprehensive,183
2022-10-13,Allstate,Auto,Liability,178
2022-10-13,Allstate,Home,Property,223
2022-10-13,Allstate,Home,Renters,169
2022-10-13,Allstate,Life,Term,115
2022-10-13,Allstate,Life,Whole,61
2022-10-14,Geico,Auto,Comprehensive,251
2022-10-14,Geico,Auto,Liability,252
2022-10-14,Geico,Home,Property,75
2022-10-14,Geico,Home,Renters,251
2022-10-14,Geico,Life,Term,134
2022-10-14,Geico,Life,Whole,149
2022-10-14,StateFarm,Auto,Comprehensive,353
2022-10-14,StateFarm,Auto,Liability,192
2022-10-14,StateFarm,Home,Property,224
2022-10-14,StateFarm,Home,Renters,275
2022-10-14,StateFarm,Life,Term,146
2022-10-14,StateFarm,Life,Whole,266
2022-10-14,Allstate,Auto,Comprehensive,262
2022-10-14,Allstate,Auto,Liability,86
2022-10-14,Allstate,Home,Property,285
2022-10-14,Allstate,Home,Renters,69
2022-10-14,Allstate,Life,Term,73
2022-10-14,Allstate,Life,Whole,141
2022-10-15,Geico,Auto,Comprehensive,102
2022-10-15,Geico,Auto,Liability,299
2022-10-15,Geico,Home,Property,171
2022-10-15,Geico,Home,Renters,161
2022-10-15,Geico,Life,Term,94
2022-10-15,Geico,Life,Whole,150
2022-10-15,StateFarm,Auto,Comprehensive,323
2022-10-15,StateFarm,Auto,Liability,146
2022-10-15,StateFarm,Home,Property,244
2022-10-15,StateFarm,Home,Renters,174
2022-10-15,StateFarm,Life,Term,236
2022-10-15,StateFarm,Life,Whole,54
2022-10-15,Allstate,Auto,Comprehensive,97
2022-10-15,Allstate,Auto,Liability,279
2022-10-15,Allstate,Home,Property,118
2022-10-15,Allstate,Home,Renters,216
2022-10-15,Allstate,Life,Term,186
2022-10-15,Allstate,Life,Whole,63
2022-10-16,Geico,Auto,Comprehensive,196
2022-10-16,Geico,Auto,Liability,220
2022-10-16,Geico,Home,Property,283
2022-10-16,Geico,Home,Renters,235
2022-10-16,Geico,Life,Term,164
2022-10-16,Geico,Life,Whole,218
2022-10-16,StateFarm,Auto,Comprehensive,365
2022-10-16,StateFarm,Auto,Liability,282
2022-10-16,StateFarm,Home,Property,213
2022-10-16,StateFarm,Home,Renters,56
2022-10-16,StateFarm,Life,Term,278
2022-10-16,StateFarm,Life,Whole,241
2022-10-16,Allstate,Auto,Comprehensive,218
2022-10-16,Allstate,Auto,Liability,304
2022-10-16,Allstate,Home,Property,216
2022-10-16,Allstate,Home,Renters,77
2022-10-16,Allstate,Life,Term,229
2022-10-16,Allstate,Life,Whole,217
2022-10-17,Geico,Auto,Comprehensive,326
2022-10-17,Geico,Auto,Liability,246
2022-10-17,Geico,Home,Property,259
2022-10-17,Geico,Home,Renters,120
2022-10-17,Geico,Life,Term,248
2022-10-17,Geico,Life,Whole,240
2022-10-17,StateFarm,Auto,Comprehensive,299
2022-10-17,StateFarm,Auto,Liability,338
2022-10-17,StateFarm,Home,Property,294
2022-10-17,StateFarm,Home,Renters,171
2022-10-17,StateFarm,Life,Term,110
2022-10-17,StateFarm,Life,Whole,78
2022-10-17,Allstate,Auto,Comprehensive,125
2022-10-17,Allstate,Auto,Liability,371
2022-10-17,Allstate,Home,Property,206
2022-10-17,Allstate,Home,Renters,281
2022-10-17,Allstate,Life,Term,118
2022-10-17,Allstate,Life,Whole,296
2022-10-18,Geico,Auto,Comprehensive,177
2022-10-18,Geico,Auto,Liability,259
2022-10-18,Geico,Home,Property,187
2022-10-18,Geico,Home,Renters,196
2022-10-18,Geico,Life,Term,241
2022-10-18,Geico,Life,Whole,124
2022-10-18,StateFarm,Auto,Comprehensive,215
2022-10-18,StateFarm,Auto,Liability,325
2022-10-18,StateFarm,Home,Property,87
2022-10-18,StateFarm,Home,Renters,68
2022-10-18,StateFarm,Life,Term,235
2022-10-18,StateFarm,Life,Whole,274
2022-10-18,Allstate,Auto,Comprehensive,80
2022-10-18,Allstate,Auto,Liability,136
2022-10-18,Allstate,Home,Property,125
2022-10-18,Allstate,Home,Renters,180
2022-10-18,Allstate,Life,Term,91
2022-10-18,Allstate,Life,Whole,90
2022-10-19,Geico,Auto,Comprehensive,265
2022-10-19,Geico,Auto,Liability,222
2022-10-19,Geico,Home,Property,170
2022-10-19,Geico,Home,Renters,265
2022-10-19,Geico,Life,Term,253
2022-10-19,Geico,Life,Whole,67
2022-10-19,StateFarm,Auto,Comprehensive,111
2022-10-19,StateFarm,Auto,Liability,269
2022-10-19,StateFarm,Home,Property,235
2022-10-19,StateFarm,Home,Renters,182
2022-10-19,StateFarm,Life,Term,190
2022-10-19,StateFarm,Life,Whole,179
2022-10-19,Allstate,Auto,Comprehensive,312
2022-10-19,Allstate,Auto,Liability,100
2022-10-19,Allstate,Home,Property,121
2022-10-19,Allstate,Home,Renters,134
2022-10-19,Allstate,Life,Term,218
2022-10-19,Allstate,Life,Whole,69
2022-10-20,Geico,Auto,Comprehensive,268
2022-10-20,Geico,Auto,Liability,197
2022-10-20,Geico,Home,Property,209
2022-10-20,Geico,Home,Renters,135
2022-10-20,Geico,Life,Term,208
2022-10-20,Geico,Life,Whole,88
2022-10-20,StateFarm,Auto,Comprehensive,155
2022-10-20,StateFarm,Auto,Liability,199
2022-10-20,StateFarm,Home,Property,199
2022-10-20,StateFarm,Home,Renters,226
2022-10-20,StateFarm,Life,Term,194
2022-10-20,StateFarm,Life,Whole,246
2022-10-20,Allstate,Auto,Comprehensive,240
2022-10-20,Allstate,Auto,Liability,294
2022-10-20,Allstate,Home,Property,220
2022-10-20,Allstate,Home,Renters,108
2022-10-20,Allstate,Life,Term,51
2022-10-20,Allstate,Life,Whole,285
2022-10-21,Geico,Auto,Comprehensive,178
2022-10-21,Geico,Auto,Liability,143
2022-10-21,Geico,Home,Property,299
2022-10-21,Geico,Home,Renters,114
2022-10-21,Geico,Life,Term,60
2022-10-21,Geico,Life,Whole,125
2022-10-21,StateFarm,Auto,Comprehensive,221
2022-10-21,StateFarm,Auto,Liability,287
2022-10-21,StateFarm,Home,Property,221
2022-10-21,StateFarm,Home,Renters,112
2022-10-21,StateFarm,Life,Term,268
2022-10-21,StateFarm,Life,Whole,126
2022-10-21,Allstate,Auto,Comprehensive,334
2022-10-21,Allstate,Auto,Liability,177
2022-10-21,Allstate,Home,Property,186
2022-10-21,Allstate,Home,Renters,193
2022-10-21,Allstate,Life,Term,146
2022-10-21,Allstate,Life,Whole,88
2022-10-22,Geico,Auto,Comprehensive,202
2022-10-22,Geico,Auto,Liability,203
2022-10-22,Geico,Home,Property,138
2022-10-22,Geico,Home,Renters,242
2022-10-22,Geico,Life,Term,76
2022-10-22,Geico,Life,Whole,104
2022-10-22,StateFarm,Auto,Comprehensive,322
2022-10-22,StateFarm,Auto,Liability,248
2022-10-22,StateFarm,Home,Property,242
2022-10-22,StateFarm,Home,Renters,250
2022-10-22,StateFarm,Life,Term,273
2022-10-22,StateFarm,Life,Whole,55
2022-10-22,Allstate,Auto,Comprehensive,161
2022-10-22,Allstate,Auto,Liability,224
2022-10-22,Allstate,Home,Property,161
2022-10-22,Allstate,Home,Renters,255
2022-10-22,Allstate,Life,Term,157
2022-10-22,Allstate,Life,Whole,280
2022-10-23,Geico,Auto,Comprehensive,132
2022-10-23,Geico,Auto,Liability,244
2022-10-23,Geico,Home,Property,208
2022-10-23,Geico,Home,Renters,115
2022-10-23,Geico,Life,Term,151
2022-10-23,Geico,Life,Whole,72
2022-10-23,StateFarm,Auto,Comprehensive,315
2022-10-23,StateFarm,Auto,Liability,325
2022-10-23,StateFarm,Home,Property,190
2022-10-23,StateFarm,Home,Renters,243
2022-10-23,StateFarm,Life,Term,152
2022-10-23,StateFarm,Life,Whole,111
2022-10-23,Allstate,Auto,Comprehensive,326
2022-10-23,Allstate,Auto,Liability,224
2022-10-23,Allstate,Home,Property,235
2022-10-23,Allstate,Home,Renters,260
2022-10-23,Allstate,Life,Term,202
2022-10-23,Allstate,Life,Whole,240
2022-10-24,Geico,Auto,Comprehensive,204
2022-10-24,Geico,Auto,Liability,218
2022-10-24,Geico,Home,Property,83
2022-10-24,Geico,Home,Renters,52
2022-10-24,Geico,Life,Term,257
2022-10-24,Geico,Life,Whole,263
2022-10-24,StateFarm,Auto,Comprehensive,269
2022-10-24,StateFarm,Auto,Liability,308
2022-10-24,StateFarm,Home,Property,211
2022-10-24,StateFarm,Home,Renters,128
2022-10-24,StateFarm,Life,Term,268
2022-10-24,StateFarm,Life,Whole,235
2022-10-24,Allstate,Auto,Comprehensive,290
2022-10-24,Allstate,Auto,Liability,118
2022-10-24,Allstate,Home,Property,264
2022-10-24,Allstate,Home,Renters,72
2022-10-24,Allstate,Life,Term,248
2022-10-24,Allstate,Life,Whole,159
2022-10-25,Geico,Auto,Comprehensive,249
2022-10-25,Geico,Auto,Liability,332
2022-10-25,Geico,Home,Property,295
2022-10-25,Geico,Home,Renters,196
2022-10-25,Geico,Life,Term,97
2022-10-25,Geico,Life,Whole,142
2022-10-25,StateFarm,Auto,Comprehensive,282
2022-10-25,StateFarm,Auto,Liability,249
2022-10-25,StateFarm,Home,Property,118
2022-10-25,StateFarm,Home,Renters,107
2022-10-25,StateFarm,Life,Term,71
2022-10-25,StateFarm,Life,Whole,188
2022-10-25,Allstate,Auto,Comprehensive,305
2022-10-25,Allstate,Auto,Liability,305
2022-10-25,Allstate,Home,Property,135
2022-10-25,Allstate,Home,Renters,85
2022-10-25,Allstate,Life,Term,104
2022-10-25,Allstate,Life,Whole,269
2022-10-26,Geico,Auto,Comprehensive,127
2022-10-26,Geico,Auto,Liability,109
2022-10-26,Geico,Home,Property,117
2022-10-26,Geico,Home,Renters,234
2022-10-26,Geico,Life,Term,60
2022-10-26,Geico,Life,Whole,138
2022-10-26,StateFarm,Auto,Comprehensive,201
2022-10-26,StateFarm,Auto,Liability,175
2022-10-26,StateFarm,Home,Property,99
2022-10-26,StateFarm,Home,Renters,184
2022-10-26,StateFarm,Life,Term,194
2022-10-26,StateFarm,Life,Whole,270
2022-10-26,Allstate,Auto,Comprehensive,202
2022-10-26,Allstate,Auto,Liability,93
2022-10-26,Allstate,Home,Property,116
2022-10-26,Allstate,Home,Renters,299
2022-10-26,Allstate,Life,Term,265
2022-10-26,Allstate,Life,Whole,147
2022-10-27,Geico,Auto,Comprehensive,330
2022-10-27,Geico,Auto,Liability,238
2022-10-27,Geico,Home,Property,207
2022-10-27,Geico,Home,Renters,138
2022-10-27,Geico,Life,Term,152
2022-10-27,Geico,Life,Whole,89
2022-10-27,StateFarm,Auto,Comprehensive,89
2022-10-27,StateFarm,Auto,Liability,261
2022-10-27,StateFarm,Home,Property,270
2022-10-27,StateFarm,Home,Renters,114
2022-10-27,StateFarm,Life,Term,71
2022-10-27,StateFarm,Life,Whole,181
2022-10-27,Allstate,Auto,Comprehensive,316
2022-10-27,Allstate,Auto,Liability,278
2022-10-27,Allstate,Home,Property,96
2022-10-27,Allstate,Home,Renters,254
2022-10-27,Allstate,Life,Term,203
2022-10-27,Allstate,Life,Whole,70
2022-10-28,Geico,Auto,Comprehensive,305
2022-10-28,Geico,Auto,Liability,218
2022-10-28,Geico,Home,Property,212
2022-10-28,Geico,Home,Renters,171
2022-10-28,Geico,Life,Term,211
2022-10-28,Geico,Life,Whole,139
2022-10-28,StateFarm,Auto,Comprehensive,332
2022-10-28,StateFarm,Auto,Liability,242
2022-10-28,StateFarm,Home,Property,148
2022-10-28,StateFarm,Home,Renters,271
2022-10-28,StateFarm,Life,Term,206
2022-10-28,StateFarm,Life,Whole,82
2022-10-28,Allstate,Auto,Comprehensive,102
2022-10-28,Allstate,Auto,Liability,269
2022-10-28,Allstate,Home,Property,51
2022-10-28,Allstate,Home,Renters,110
2022-10-28,Allstate,Life,Term,134
2022-10-28,Allstate,Life,Whole,179
2022-10-29,Geico,Auto,Comprehensive,240
2022-10-29,Geico,Auto,Liability,190
2022-10-29,Geico,Home,Property,86
2022-10-29,Geico,Home,Renters,98
2022-10-29,Geico,Life,Term,115
2022-10-29,Geico,Life,Whole,59
2022-10-29,StateFarm,Auto,Comprehensive,276
2022-10-29,StateFarm,Auto,Liability,260
2022-10-29,StateFarm,Home,Property,96
2022-10-29,StateFarm,Home,Renters,92
2022-10-29,StateFarm,Life,Term,103
2022-10-29,StateFarm,Life,Whole,257
2022-10-29,Allstate,Auto,Comprehensive,303
2022-10-29,Allstate,Auto,Liability,235
2022-10-29,Allstate,Home,Property,273
2022-10-29,Allstate,Home,Renters,112
2022-10-29,Allstate,Life,Term,114
2022-10-29,Allstate,Life,Whole,141
2022-10-30,Geico,Auto,Comprehensive,195
2022-10-30,Geico,Auto,Liability,207
2022-10-30,Geico,Home,Property,65
2022-10-30,Geico,Home,Renters,233
2022-10-30,Geico,Life,Term,146
2022-10-30,Geico,Life,Whole,282
2022-10-30,StateFarm,Auto,Comprehensive,277
2022-10-30,StateFarm,Auto,Liability,191
2022-10-30,StateFarm,Home,Property,248
2022-10-30,StateFarm,Home,Renters,149
2022-10-30,StateFarm,Life,Term,192
2022-10-30,StateFarm,Life,Whole,299
2022-10-30,Allstate,Auto,Comprehensive,286
2022-10-30,Allstate,Auto,Liability,223
2022-10-30,Allstate,Home,Property,129
2022-10-30,Allstate,Home,Renters,52
2022-10-30,Allstate,Life,Term,100
2022-10-30,Allstate,Life,Whole,105
2022-10-31,Geico,Auto,Comprehensive,340
2022-10-31,Geico,Auto,Liability,258
2022-10-31,Geico,Home,Property,179
2022-10-31,Geico,Home,Renters,213
2022-10-31,Geico,Life,Term,243
2022-10-31,Geico,Life,Whole,104
2022-10-31,StateFarm,Auto,Comprehensive,360
2022-10-31,StateFarm,Auto,Liability,327
2022-10-31,StateFarm,Home,Property,172
2022-10-31,StateFarm,Home,Renters,218
2022-10-31,StateFarm,Life,Term,92
2022-10-31,StateFarm,Life,Whole,187
2022-10-31,Allstate,Auto,Comprehensive,327
2022-10-31,Allstate,Auto,Liability,212
2022-10-31,Allstate,Home,Property,88
2022-10-31,Allstate,Home,Renters,53
2022-10-31,Allstate,Life,Term,155
2022-10-31,Allstate,Life,Whole,120
2022-11-01,Geico,Auto,Comprehensive,165
2022-11-01,Geico,Auto,Liability,138
2022-11-01,Geico,Home,Property,50
2022-11-01,Geico,Home,Renters,90
2022-11-01,Geico,Life,Term,58
2022-11-01,Geico,Life,Whole,170
2022-11-01,StateFarm,Auto,Comprehensive,215
2022-11-01,StateFarm,Auto,Liability,195
2022-11-01,StateFarm,Home,Property,251
2022-11-01,StateFarm,Home,Renters,285
2022-11-01,StateFarm,Life,Term,58
2022-11-01,StateFarm,Life,Whole,171
2022-11-01,Allstate,Auto,Comprehensive,316
2022-11-01,Allstate,Auto,Liability,223
2022-11-01,Allstate,Home,Property,286
2022-11-01,Allstate,Home,Renters,298
2022-11-01,Allstate,Life,Term,82
2022-11-01,Allstate,Life,Whole,68
2022-11-02,Geico,Auto,Comprehensive,95
2022-11-02,Geico,Auto,Liability,195
2022-11-02,Geico,Home,Property,212
2022-11-02,Geico,Home,Renters,106
2022-11-02,Geico,Life,Term,243
2022-11-02,Geico,Life,Whole,131
2022-11-02,StateFarm,Auto,Comprehensive,354
2022-11-02,StateFarm,Auto,Liability,143
2022-11-02,StateFarm,Home,Property,63
2022-11-02,StateFarm,Home,Renters,275
2022-11-02,StateFarm,Life,Term,251
2022-11-02,StateFarm,Life,Whole,228
2022-11-02,Allstate,Auto,Comprehensive,181
2022-11-02,Allstate,Auto,Liability,158
2022-11-02,Allstate,Home,Property,51
2022-11-02,Allstate,Home,Renters,190
2022-11-02,Allstate,Life,Term,272
2022-11-02,Allstate,Life,Whole,266
2022-11-03,Geico,Auto,Comprehensive,156
2022-11-03,Geico,Auto,Liability,278
2022-11-03,Geico,Home,Property,157
2022-11-03,Geico,Home,Renters,73
2022-11-03,Geico,Life,Term,279
2022-11-03,Geico,Life,Whole,158
2022-11-03,StateFarm,Auto,Comprehensive,145
2022-11-03,StateFarm,Auto,Liability,333
2022-11-03,StateFarm,Home,Property,90
2022-11-03,StateFarm,Home,Renters,137
2022-11-03,StateFarm,Life,Term,228
2022-11-03,StateFarm,Life,Whole,140
2022-11-03,Allstate,Auto,Comprehensive,197
2022-11-03,Allstate,Auto,Liability,128
2022-11-03,Allstate,Home,Property,132
2022-11-03,Allstate,Home,Renters,202
2022-11-03,Allstate,Life,Term,223
2022-11-03,Allstate,Life,Whole,101
2022-11-04,Geico,Auto,Comprehensive,249
2022-11-04,Geico,Auto,Liability,179
2022-11-04,Geico,Home,Property,293
2022-11-04,Geico,Home,Renters,53
2022-11-04,Geico,Life,Term,112
2022-11-04,Geico,Life,Whole,56
2022-11-04,StateFarm,Auto,Comprehensive,317
2022-11-04,StateFarm,Auto,Liability,272
2022-11-04,StateFarm,Home,Property,150
2022-11-04,StateFarm,Home,Renters,266
2022-11-04,StateFarm,Life,Term,116
2022-11-04,StateFarm,Life,Whole,202
2022-11-04,Allstate,Auto,Comprehensive,329
2022-11-04,Allstate,Auto,Liability,134
2022-11-04,Allstate,Home,Property,203
2022-11-04,Allstate,Home,Renters,181
2022-11-04,Allstate,Life,Term,106
2022-11-04,Allstate,Life,Whole,217
2022-11-05,Geico,Auto,Comprehensive,186
2022-11-05,Geico,Auto,Liability,361
2022-11-05,Geico,Home,Property,173
2022-11-05,Geico,Home,Renters,238
2022-11-05,Geico,Life,Term,101
2022-11-05,Geico,Life,Whole,249
2022-11-05,StateFarm,Auto,Comprehensive,168
2022-11-05,StateFarm,Auto,Liability,344
2022-11-05,StateFarm,Home,Property,285
2022-11-05,StateFarm,Home,Renters,157
2022-11-05,StateFarm,Life,Term,119
2022-11-05,StateFarm,Life,Whole,166
2022-11-05,Allstate,Auto,Comprehensive,265
2022-11-05,Allstate,Auto,Liability,202
2022-11-05,Allstate,Home,Property,247
2022-11-05,Allstate,Home,Renters,264
2022-11-05,Allstate,Life,Term,193
2022-11-05,Allstate,Life,Whole,107
2022-11-06,Geico,Auto,Comprehensive,175
2022-11-06,Geico,Auto,Liability,334
2022-11-06,Geico,Home,Property,127
2022-11-06,Geico,Home,Renters,206
2022-11-06,Geico,Life,Term,50
2022-11-06,Geico,Life,Whole,285
2022-11-06,StateFarm,Auto,Comprehensive,144
2022-11-06,StateFarm,Auto,Liability,215
2022-11-06,StateFarm,Home,Property,138
2022-11-06,StateFarm,Home,Renters,262
2022-11-06,StateFarm,Life,Term,70
2022-11-06,StateFarm,Life,Whole,95
2022-11-06,Allstate,Auto,Comprehensive,352
2022-11-06,Allstate,Auto,Liability,138
2022-11-06,Allstate,Home,Property,259
2022-11-06,Allstate,Home,Renters,210
2022-11-06,Allstate,Life,Term,239
2022-11-06,Allstate,Life,Whole,241
2022-11-07,Geico,Auto,Comprehensive,147
2022-11-07,Geico,Auto,Liability,285
2022-11-07,Geico,Home,Property,57
2022-11-07,Geico,Home,Renters,125
2022-11-07,Geico,Life,Term,150
2022-11-07,Geico,Life,Whole,66
2022-11-07,StateFarm,Auto,Comprehensive,294
2022-11-07,StateFarm,Auto,Liability,267
2022-11-07,StateFarm,Home,Property,262
2022-11-07,StateFarm,Home,Renters,121
2022-11-07,StateFarm,Life,Term,128
2022-11-07,StateFarm,Life,Whole,296
2022-11-07,Allstate,Auto,Comprehensive,213
2022-11-07,Allstate,Auto,Liability,156
2022-11-07,Allstate,Home,Property,224
2022-11-07,Allstate,Home,Renters,91
2022-11-07,Allstate,Life,Term,86
2022-11-07,Allstate,Life,Whole,189
2022-11-08,Geico,Auto,Comprehensive,362
2022-11-08,Geico,Auto,Liability,98
2022-11-08,Geico,Home,Property,168
2022-11-08,Geico,Home,Renters,245
2022-11-08,Geico,Life,Term,75
2022-11-08,Geico,Life,Whole,194
2022-11-08,StateFarm,Auto,Comprehensive,357
2022-11-08,StateFarm,Auto,Liability,331
2022-11-08,StateFarm,Home,Property,117
2022-11-08,StateFarm,Home,Renters,286
2022-11-08,StateFarm,Life,Term,247
2022-11-08,StateFarm,Life,Whole,215
2022-11-08,Allstate,Auto,Comprehensive,138
2022-11-08,Allstate,Auto,Liability,296
2022-11-08,Allstate,Home,Property,284
2022-11-08,Allstate,Home,Renters,194
2022-11-08,Allstate,Life,Term,143
2022-11-08,Allstate,Life,Whole,137
2022-11-09,Geico,Auto,Comprehensive,241
2022-11-09,Geico,Auto,Liability,189
2022-11-09,Geico,Home,Property,152
2022-11-09,Geico,Home,Renters,157
2022-11-09,Geico,Life,Term,275
2022-11-09,Geico,Life,Whole,233
2022-11-09,StateFarm,Auto,Comprehensive,341
2022-11-09,StateFarm,Auto,Liability,339
2022-11-09,StateFarm,Home,Property,143
2022-11-09,StateFarm,Home,Renters,191
2022-11-09,StateFarm,Life,Term,192
2022-11-09,StateFarm,Life,Whole,108
2022-11-09,Allstate,Auto,Comprehensive,319
2022-11-09,Allstate,Auto,Liability,157
2022-11-09,Allstate,Home,Property,60
2022-11-09,Allstate,Home,Renters,173
2022-11-09,Allstate,Life,Term,107
2022-11-09,Allstate,Life,Whole,105
2022-11-10,Geico,Auto,Comprehensive,109
2022-11-10,Geico,Auto,Liability,171
2022-11-10,Geico,Home,Property,270
2022-11-10,Geico,Home,Renters,68
2022-11-10,Geico,Life,Term,87
2022-11-10,Geico,Life,Whole,97
2022-11-10,StateFarm,Auto,Comprehensive,206
2022-11-10,StateFarm,Auto,Liability,194
2022-11-10,StateFarm,Home,Property,243
2022-11-10,StateFarm,Home,Renters,227
2022-11-10,StateFarm,Life,Term,292
2022-11-10,StateFarm,Life,Whole,271
2022-11-10,Allstate,Auto,Comprehensive,104
2022-11-10,Allstate,Auto,Liability,210
2022-11-10,Allstate,Home,Property,113
2022-11-10,Allstate,Home,Renters,99
2022-11-10,Allstate,Life,Term,294
2022-11-10,Allstate,Life,Whole,292
2022-11-11,Geico,Auto,Comprehensive,291
2022-11-11,Geico,Auto,Liability,227
2022-11-11,Geico,Home,Property,109
2022-11-11,Geico,Home,Renters,101
2022-11-11,Geico,Life,Term,244
2022-11-11,Geico,Life,Whole,272
2022-11-11,StateFarm,Auto,Comprehensive,259
2022-11-11,StateFarm,Auto,Liability,155
2022-11-11,StateFarm,Home,Property,285
2022-11-11,StateFarm,Home,Renters,129
2022-11-11,StateFarm,Life,Term,273
2022-11-11,StateFarm,Life,Whole,234
2022-11-11,Allstate,Auto,Comprehensive,149
2022-11-11,Allstate,Auto,Liability,298
2022-11-11,Allstate,Home,Property,164
2022-11-11,Allstate,Home,Renters,80
2022-11-11,Allstate,Life,Term,145
2022-11-11,Allstate,Life,Whole,264
2022-11-12,Geico,Auto,Comprehensive,272
2022-11-12,Geico,Auto,Liability,303
2022-11-12,Geico,Home,Property,216
2022-11-12,Geico,Home,Renters,295
2022-11-12,Geico,Life,Term,181
2022-11-12,Geico,Life,Whole,93
2022-11-12,StateFarm,Auto,Comprehensive,294
2022-11-12,StateFarm,Auto,Liability,116
2022-11-12,StateFarm,Home,Property,192
2022-11-12,StateFarm,Home,Renters,242
2022-11-12,StateFarm,Life,Term,239
2022-11-12,StateFarm,Life,Whole,258
2022-11-12,Allstate,Auto,Comprehensive,109
2022-11-12,Allstate,Auto,Liability,318
2022-11-12,Allstate,Home,Property,295
2022-11-12,Allstate,Home,Renters,100
2022-11-12,Allstate,Life,Term,78
2022-11-12,Allstate,Life,Whole,142
2022-11-13,Geico,Auto,Comprehensive,174
2022-11-13,Geico,Auto,Liability,183
2022-11-13,Geico,Home,Property,233
2022-11-13,Geico,Home,Renters,67
2022-11-13,Geico,Life,Term,264
2022-11-13,Geico,Life,Whole,141
2022-11-13,StateFarm,Auto,Comprehensive,157
2022-11-13,StateFarm,Auto,Liability,115
2022-11-13,StateFarm,Home,Property,50
2022-11-13,StateFarm,Home,Renters,284
2022-11-13,StateFarm,Life,Term,182
2022-11-13,StateFarm,Life,Whole,218
2022-11-13,Allstate,Auto,Comprehensive,137
2022-11-13,Allstate,Auto,Liability,128
2022-11-13,Allstate,Home,Property,248
2022-11-13,Allstate,Home,Renters,240
2022-11-13,Allstate,Life,Term,103
2022-11-13,Allstate,Life,Whole,180
2022-11-14,Geico,Auto,Comprehensive,121
2022-11-14,Geico,Auto,Liability,202
2022-11-14,Geico,Home,Property,81
2022-11-14,Geico,Home,Renters,65
2022-11-14,Geico,Life,Term,196
2022-11-14,Geico,Life,Whole,245
2022-11-14,StateFarm,Auto,Comprehensive,301
2022-11-14,StateFarm,Auto,Liability,310
2022-11-14,StateFarm,Home,Property,239
2022-11-14,StateFarm,Home,Renters,213
2022-11-14,StateFarm,Life,Term,107
2022-11-14,StateFarm,Life,Whole,56
2022-11-14,Allstate,Auto,Comprehensive,133
2022-11-14,Allstate,Auto,Liability,166
2022-11-14,Allstate,Home,Property,127
2022-11-14,Allstate,Home,Renters,254
2022-11-14,Allstate,Life,Term,270
2022-11-14,Allstate,Life,Whole,229
2022-11-15,Geico,Auto,Comprehensive,335
2022-11-15,Geico,Auto,Liability,179
2022-11-15,Geico,Home,Property,71
2022-11-15,Geico,Home,Renters,91
2022-11-15,Geico,Life,Term,77
2022-11-15,Geico,Life,Whole,163
2022-11-15,StateFarm,Auto,Comprehensive,277
2022-11-15,StateFarm,Auto,Liability,198
2022-11-15,StateFarm,Home,Property,208
2022-11-15,StateFarm,Home,Renters,57
2022-11-15,StateFarm,Life,Term,222
2022-11-15,StateFarm,Life,Whole,107
2022-11-15,Allstate,Auto,Comprehensive,259
2022-11-15,Allstate,Auto,Liability,94
2022-11-15,Allstate,Home,Property,64
2022-11-15,Allstate,Home,Renters,224
2022-11-15,Allstate,Life,Term,211
2022-11-15,Allstate,Life,Whole,59
2022-11-16,Geico,Auto,Comprehensive,152
2022-11-16,Geico,Auto,Liability,106
2022-11-16,Geico,Home,Property,140
2022-11-16,Geico,Home,Renters,176
2022-11-16,Geico,Life,Term,200
2022-11-16,Geico,Life,Whole,149
2022-11-16,StateFarm,Auto,Comprehensive,98
2022-11-16,StateFarm,Auto,Liability,118
2022-11-16,StateFarm,Home,Property,77
2022-11-16,StateFarm,Home,Renters,290
2022-11-16,StateFarm,Life,Term,223
2022-11-16,StateFarm,Life,Whole,133
2022-11-16,Allstate,Auto,Comprehensive,234
2022-11-16,Allstate,Auto,Liability,327
2022-11-16,Allstate,Home,Property,236
2022-11-16,Allstate,Home,Renters,257
2022-11-16,Allstate,Life,Term,252
2022-11-16,Allstate,Life,Whole,117
2022-11-17,Geico,Auto,Comprehensive,266
2022-11-17,Geico,Auto,Liability,130
2022-11-17,Geico,Home,Property,128
2022-11-17,Geico,Home,Renters,217
2022-11-17,Geico,Life,Term,88
2022-11-17,Geico,Life,Whole,187
2022-11-17,StateFarm,Auto,Comprehensive,201
2022-11-17,StateFarm,Auto,Liability,249
2022-11-17,StateFarm,Home,Property,81
2022-11-17,StateFarm,Home,Renters,226
2022-11-17,StateFarm,Life,Term,126
2022-11-17,StateFarm,Life,Whole,251
2022-11-17,Allstate,Auto,Comprehensive,220
2022-11-17,Allstate,Auto,Liability,129
2022-11-17,Allstate,Home,Property,126
2022-11-17,Allstate,Home,Renters,287
2022-11-17,Allstate,Life,Term,89
2022-11-17,Allstate,Life,Whole,174
2022-11-18,Geico,Auto,Comprehensive,126
2022-11-18,Geico,Auto,Liability,272
2022-11-18,Geico,Home,Property,105
2022-11-18,Geico,Home,Renters,87
2022-11-18,Geico,Life,Term,254
2022-11-18,Geico,Life,Whole,258
2022-11-18,StateFarm,Auto,Comprehensive,159
2022-11-18,StateFarm,Auto,Liability,258
2022-11-18,StateFarm,Home,Property,257
2022-11-18,StateFarm,Home,Renters,299
2022-11-18,StateFarm,Life,Term,124
2022-11-18,StateFarm,Life,Whole,116
2022-11-18,Allstate,Auto,Comprehensive,317
2022-11-18,Allstate,Auto,Liability,126
2022-11-18,Allstate,Home,Property,109
2022-11-18,Allstate,Home,Renters,73
2022-11-18,Allstate,Life,Term,143
2022-11-18,Allstate,Life,Whole,209
2022-11-19,Geico,Auto,Comprehensive,297
2022-11-19,Geico,Auto,Liability,170
2022-11-19,Geico,Home,Property,55
2022-11-19,Geico,Home,Renters,58
2022-11-19,Geico,Life,Term,105
2022-11-19,Geico,Life,Whole,120
2022-11-19,StateFarm,Auto,Comprehensive,348
2022-11-19,StateFarm,Auto,Liability,175
2022-11-19,StateFarm,Home,Property,216
2022-11-19,StateFarm,Home,Renters,178
2022-11-19,StateFarm,Life,Term,207
2022-11-19,StateFarm,Life,Whole,163
2022-11-19,Allstate,Auto,Comprehensive,252
2022-11-19,Allstate,Auto,Liability,283
2022-11-19,Allstate,Home,Property,173
2022-11-19,Allstate,Home,Renters,253
2022-11-19,Allstate,Life,Term,116
2022-11-19,Allstate,Life,Whole,216
2022-11-20,Geico,Auto,Comprehensive,303
2022-11-20,Geico,Auto,Liability,259
2022-11-20,Geico,Home,Property,177
2022-11-20,Geico,Home,Renters,295
2022-11-20,Geico,Life,Term,266
2022-11-20,Geico,Life,Whole,240
2022-11-20,StateFarm,Auto,Comprehensive,135
2022-11-20,StateFarm,Auto,Liability,202
2022-11-20,StateFarm,Home,Property,200
2022-11-20,StateFarm,Home,Renters,245
2022-11-20,StateFarm,Life,Term,147
2022-11-20,StateFarm,Life,Whole,125
2022-11-20,Allstate,Auto,Comprehensive,162
2022-11-20,Allstate,Auto,Liability,334
2022-11-20,Allstate,Home,Property,288
2022-11-20,Allstate,Home,Renters,81
2022-11-20,Allstate,Life,Term,123
2022-11-20,Allstate,Life,Whole,261
2022-11-21,Geico,Auto,Comprehensive,144
2022-11-21,Geico,Auto,Liability,184
2022-11-21,Geico,Home,Property,171
2022-11-21,Geico,Home,Renters,268
2022-11-21,Geico,Life,Term,281
2022-11-21,Geico,Life,Whole,63
2022-11-21,StateFarm,Auto,Comprehensive,153
2022-11-21,StateFarm,Auto,Liability,295
2022-11-21,StateFarm,Home,Property,224
2022-11-21,StateFarm,Home,Renters,285
2022-11-21,StateFarm,Life,Term,274
2022-11-21,StateFarm,Life,Whole,275
2022-11-21,Allstate,Auto,Comprehensive,153
2022-11-21,Allstate,Auto,Liability,133
2022-11-21,Allstate,Home,Property,189
2022-11-21,Allstate,Home,Renters,278
2022-11-21,Allstate,Life,Term,177
2022-11-21,Allstate,Life,Whole,289
2022-11-22,Geico,Auto,Comprehensive,189
2022-11-22,Geico,Auto,Liability,265
2022-11-22,Geico,Home,Property,247
2022-11-22,Geico,Home,Renters,56
2022-11-22,Geico,Life,Term,292
2022-11-22,Geico,Life,Whole,78
2022-11-22,StateFarm,Auto,Comprehensive,165
2022-11-22,StateFarm,Auto,Liability,346
2022-11-22,StateFarm,Home,Property,212
2022-11-22,StateFarm,Home,Renters,216
2022-11-22,StateFarm,Life,Term,249
2022-11-22,StateFarm,Life,Whole,94
2022-11-22,Allstate,Auto,Comprehensive,224
2022-11-22,Allstate,Auto,Liability,137
2022-11-22,Allstate,Home,Property,157
2022-11-22,Allstate,Home,Renters,108
2022-11-22,Allstate,Life,Term,76
2022-11-22,Allstate,Life,Whole,164
2022-11-23,Geico,Auto,Comprehensive,129
2022-11-23,Geico,Auto,Liability,258
2022-11-23,Geico,Home,Property,57
2022-11-23,Geico,Home,Renters,62
2022-11-23,Geico,Life,Term,132
2022-11-23,Geico,Life,Whole,65
2022-11-23,StateFarm,Auto,Comprehensive,270
2022-11-23,StateFarm,Auto,Liability,123
2022-11-23,StateFarm,Home,Property,99
2022-11-23,StateFarm,Home,Renters,296
2022-11-23,StateFarm,Life,Term,145
2022-11-23,StateFarm,Life,Whole,150
2022-11-23,Allstate,Auto,Comprehensive,355
2022-11-23,Allstate,Auto,Liability,108
2022-11-23,Allstate,Home,Property,134
2022-11-23,Allstate,Home,Renters,61
2022-11-23,Allstate,Life,Term,284
2022-11-23,Allstate,Life,Whole,144
2022-11-24,Geico,Auto,Comprehensive,165
2022-11-24,Geico,Auto,Liability,318
2022-11-24,Geico,Home,Property,167
2022-11-24,Geico,Home,Renters,100
2022-11-24,Geico,Life,Term,171
2022-11-24,Geico,Life,Whole,272
2022-11-24,StateFarm,Auto,Comprehensive,279
2022-11-24,StateFarm,Auto,Liability,166
2022-11-24,StateFarm,Home,Property,204
2022-11-24,StateFarm,Home,Renters,69
2022-11-24,StateFarm,Life,Term,193
2022-11-24,StateFarm,Life,Whole,299
2022-11-24,Allstate,Auto,Comprehensive,217
2022-11-24,Allstate,Auto,Liability,259
2022-11-24,Allstate,Home,Property,82
2022-11-24,Allstate,Home,Renters,176
2022-11-24,Allstate,Life,Term,127
2022-11-24,Allstate,Life,Whole,276
2022-11-25,Geico,Auto,Comprehensive,182
2022-11-25,Geico,Auto,Liability,255
2022-11-25,Geico,Home,Property,280
2022-11-25,Geico,Home,Renters,251
2022-11-25,Geico,Life,Term,154
2022-11-25,Geico,Life,Whole,157
2022-11-25,StateFarm,Auto,Comprehensive,283
2022-11-25,StateFarm,Auto,Liability,311
2022-11-25,StateFarm,Home,Property,221
2022-11-25,StateFarm,Home,Renters,83
2022-11-25,StateFarm,Life,Term,191
2022-11-25,StateFarm,Life,Whole,152
2022-11-25,Allstate,Auto,Comprehensive,212
2022-11-25,Allstate,Auto,Liability,263
2022-11-25,Allstate,Home,Property,274
2022-11-25,Allstate,Home,Renters,162
2022-11-25,Allstate,Life,Term,244
2022-11-25,Allstate,Life,Whole,65
2022-11-26,Geico,Auto,Comprehensive,281
2022-11-26,Geico,Auto,Liability,130
2022-11-26,Geico,Home,Property,266
2022-11-26,Geico,Home,Renters,128
2022-11-26,Geico,Life,Term,73
2022-11-26,Geico,Life,Whole,76
2022-11-26,StateFarm,Auto,Comprehensive,302
2022-11-26,StateFarm,Auto,Liability,92
2022-11-26,StateFarm,Home,Property,216
2022-11-26,StateFarm,Home,Renters,247
2022-11-26,StateFarm,Life,Term,166
2022-11-26,StateFarm,Life,Whole,152
2022-11-26,Allstate,Auto,Comprehensive,137
2022-11-26,Allstate,Auto,Liability,171
2022-11-26,Allstate,Home,Property,63
2022-11-26,Allstate,Home,Renters,288
2022-11-26,Allstate,Life,Term,233
2022-11-26,Allstate,Life,Whole,206
2022-11-27,Geico,Auto,Comprehensive,277
2022-11-27,Geico,Auto,Liability,314
2022-11-27,Geico,Home,Property,218
2022-11-27,Geico,Home,Renters,217
2022-11-27,Geico,Life,Term,151
2022-11-27,Geico,Life,Whole,57
2022-11-27,StateFarm,Auto,Comprehensive,145
2022-11-27,StateFarm,Auto,Liability,265
2022-11-27,StateFarm,Home,Property,234
2022-11-27,StateFarm,Home,Renters,151
2022-11-27,StateFarm,Life,Term,139
2022-11-27,StateFarm,Life,Whole,105
2022-11-27,Allstate,Auto,Comprehensive,245
2022-11-27,Allstate,Auto,Liability,294
2022-11-27,Allstate,Home,Property,299
2022-11-27,Allstate,Home,Renters,243
2022-11-27,Allstate,Life,Term,194
2022-11-27,Allstate,Life,Whole,147
2022-11-28,Geico,Auto,Comprehensive,250
2022-11-28,Geico,Auto,Liability,314
2022-11-28,Geico,Home,Property,227
2022-11-28,Geico,Home,Renters,202
2022-11-28,Geico,Life,Term,252
2022-11-28,Geico,Life,Whole,184
2022-11-28,StateFarm,Auto,Comprehensive,229
2022-11-28,StateFarm,Auto,Liability,349
2022-11-28,StateFarm,Home,Property,141
2022-11-28,StateFarm,Home,Renters,218
2022-11-28,StateFarm,Life,Term,272
2022-11-28,StateFarm,Life,Whole,127
2022-11-28,Allstate,Auto,Comprehensive,317
2022-11-28,Allstate,Auto,Liability,97
2022-11-28,Allstate,Home,Property,110
2022-11-28,Allstate,Home,Renters,207
2022-11-28,Allstate,Life,Term,187
2022-11-28,Allstate,Life,Whole,151
2022-11-29,Geico,Auto,Comprehensive,331
2022-11-29,Geico,Auto,Liability,151
2022-11-29,Geico,Home,Property,243
2022-11-29,Geico,Home,Renters,235
2022-11-29,Geico,Life,Term,269
2022-11-29,Geico,Life,Whole,96
2022-11-29,StateFarm,Auto,Comprehensive,280
2022-11-29,StateFarm,Auto,Liability,253
2022-11-29,StateFarm,Home,Property,75
2022-11-29,StateFarm,Home,Renters,255
2022-11-29,StateFarm,Life,Term,297
2022-11-29,StateFarm,Life,Whole,199
2022-11-29,Allstate,Auto,Comprehensive,194
2022-11-29,Allstate,Auto,Liability,182
2022-11-29,Allstate,Home,Property,129
2022-11-29,Allstate,Home,Renters,277
2022-11-29,Allstate,Life,Term,169
2022-11-29,Allstate,Life,Whole,120
2022-11-30,Geico,Auto,Comprehensive,253
2022-11-30,Geico,Auto,Liability,272
2022-11-30,Geico,Home,Property,227
2022-11-30,Geico,Home,Renters,291
2022-11-30,Geico,Life,Term,188
2022-11-30,Geico,Life,Whole,92
2022-11-30,StateFarm,Auto,Comprehensive,118
2022-11-30,StateFarm,Auto,Liability,239
2022-11-30,StateFarm,Home,Property,260
2022-11-30,StateFarm,Home,Renters,113
2022-11-30,StateFarm,Life,Term,197
2022-11-30,StateFarm,Life,Whole,164
2022-11-30,Allstate,Auto,Comprehensive,254
2022-11-30,Allstate,Auto,Liability,298
2022-11-30,Allstate,Home,Property,176
2022-11-30,Allstate,Home,Renters,195
2022-11-30,Allstate,Life,Term,55
2022-11-30,Allstate,Life,Whole,55
2022-12-01,Geico,Auto,Comprehensive,243
2022-12-01,Geico,Auto,Liability,290
2022-12-01,Geico,Home,Property,216
2022-12-01,Geico,Home,Renters,240
2022-12-01,Geico,Life,Term,80
2022-12-01,Geico,Life,Whole,297
2022-12-01,StateFarm,Auto,Comprehensive,257
2022-12-01,StateFarm,Auto,Liability,237
2022-12-01,StateFarm,Home,Property,101
2022-12-01,StateFarm,Home,Renters,186
2022-12-01,StateFarm,Life,Term,57
2022-12-01,StateFarm,Life,Whole,229
2022-12-01,Allstate,Auto,Comprehensive,145
2022-12-01,Allstate,Auto,Liability,216
2022-12-01,Allstate,Home,Property,278
2022-12-01,Allstate,Home,Renters,260
2022-12-01,Allstate,Life,Term,107
2022-12-01,Allstate,Life,Whole,167
2022-12-02,Geico,Auto,Comprehensive,322
2022-12-02,Geico,Auto,Liability,159
2022-12-02,Geico,Home,Property,277
2022-12-02,Geico,Home,Renters,211
2022-12-02,Geico,Life,Term,122
2022-12-02,Geico,Life,Whole,122
2022-12-02,StateFarm,Auto,Comprehensive,191
2022-12-02,StateFarm,Auto,Liability,291
2022-12-02,StateFarm,Home,Property,197
2022-12-02,StateFarm,Home,Renters,297
2022-12-02,StateFarm,Life,Term,286
2022-12-02,StateFarm,Life,Whole,260
2022-12-02,Allstate,Auto,Comprehensive,269
2022-12-02,Allstate,Auto,Liability,119
2022-12-02,Allstate,Home,Property,267
2022-12-02,Allstate,Home,Renters,66
2022-12-02,Allstate,Life,Term,100
2022-12-02,Allstate,Life,Whole,203
2022-12-03,Geico,Auto,Comprehensive,261
2022-12-03,Geico,Auto,Liability,243
2022-12-03,Geico,Home,Property,225
2022-12-03,Geico,Home,Renters,237
2022-12-03,Geico,Life,Term,279
2022-12-03,Geico,Life,Whole,97
2022-12-03,StateFarm,Auto,Comprehensive,169
2022-12-03,StateFarm,Auto,Liability,174
2022-12-03,StateFarm,Home,Property,180
2022-12-03,StateFarm,Home,Renters,178
2022-12-03,StateFarm,Life,Term,197
2022-12-03,StateFarm,Life,Whole,216
2022-12-03,Allstate,Auto,Comprehensive,368
2022-12-03,Allstate,Auto,Liability,322
2022-12-03,Allstate,Home,Property,270
2022-12-03,Allstate,Home,Renters,109
2022-12-03,Allstate,Life,Term,207
2022-12-03,Allstate,Life,Whole,187
2022-12-04,Geico,Auto,Comprehensive,167
2022-12-04,Geico,Auto,Liability,184
2022-12-04,Geico,Home,Property,159
2022-12-04,Geico,Home,Renters,88
2022-12-04,Geico,Life,Term,289
2022-12-04,Geico,Life,Whole,269
2022-12-04,StateFarm,Auto,Comprehensive,369
2022-12-04,StateFarm,Auto,Liability,194
2022-12-04,StateFarm,Home,Property,144
2022-12-04,StateFarm,Home,Renters,262
2022-12-04,StateFarm,Life,Term,278
2022-12-04,StateFarm,Life,Whole,183
2022-12-04,Allstate,Auto,Comprehensive,205
2022-12-04,Allstate,Auto,Liability,343
2022-12-04,Allstate,Home,Property,206
2022-12-04,Allstate,Home,Renters,183
2022-12-04,Allstate,Life,Term,100
2022-12-04,Allstate,Life,Whole,57
2022-12-05,Geico,Auto,Comprehensive,180
2022-12-05,Geico,Auto,Liability,242
2022-12-05,Geico,Home,Property,155
2022-12-05,Geico,Home,Renters,199
2022-12-05,Geico,Life,Term,101
2022-12-05,Geico,Life,Whole,165
2022-12-05,StateFarm,Auto,Comprehensive,186
2022-12-05,StateFarm,Auto,Liability,238
2022-12-05,StateFarm,Home,Property,57
2022-12-05,StateFarm,Home,Renters,180
2022-12-05,StateFarm,Life,Term,68
2022-12-05,StateFarm,Life,Whole,236
2022-12-05,Allstate,Auto,Comprehensive,200
2022-12-05,Allstate,Auto,Liability,90
2022-12-05,Allstate,Home,Property,167
2022-12-05,Allstate,Home,Renters,90
2022-12-05,Allstate,Life,Term,229
2022-12-05,Allstate,Life,Whole,250
2022-12-06,Geico,Auto,Comprehensive,150
2022-12-06,Geico,Auto,Liability,129
2022-12-06,Geico,Home,Property,188
2022-12-06,Geico,Home,Renters,206
2022-12-06,Geico,Life,Term,232
2022-12-06,Geico,Life,Whole,149
2022-12-06,StateFarm,Auto,Comprehensive,230
2022-12-06,StateFarm,Auto,Liability,207
2022-12-06,StateFarm,Home,Property,100
2022-12-06,StateFarm,Home,Renters,268
2022-12-06,StateFarm,Life,Term,222
2022-12-06,StateFarm,Life,Whole,288
2022-12-06,Allstate,Auto,Comprehensive,313
2022-12-06,Allstate,Auto,Liability,267
2022-12-06,Allstate,Home,Property,145
2022-12-06,Allstate,Home,Renters,231
2022-12-06,Allstate,Life,Term,266
2022-12-06,Allstate,Life,Whole,267
2022-12-07,Geico,Auto,Comprehensive,142
2022-12-07,Geico,Auto,Liability,266
2022-12-07,Geico,Home,Property,117
2022-12-07,Geico,Home,Renters,134
2022-12-07,Geico,Life,Term,73
2022-12-07,Geico,Life,Whole,81
2022-12-07,StateFarm,Auto,Comprehensive,143
2022-12-07,StateFarm,Auto,Liability,243
2022-12-07,StateFarm,Home,Property,168
2022-12-07,StateFarm,Home,Renters,94
2022-12-07,StateFarm,Life,Term,125
2022-12-07,StateFarm,Life,Whole,155
2022-12-07,Allstate,Auto,Comprehensive,319
2022-12-07,Allstate,Auto,Liability,222
2022-12-07,Allstate,Home,Property,208
2022-12-07,Allstate,Home,Renters,99
2022-12-07,Allstate,Life,Term,296
2022-12-07,Allstate,Life,Whole,230
2022-12-08,Geico,Auto,Comprehensive,265
2022-12-08,Geico,Auto,Liability,132
2022-12-08,Geico,Home,Property,245
2022-12-08,Geico,Home,Renters,143
2022-12-08,Geico,Life,Term,73
2022-12-08,Geico,Life,Whole,227
2022-12-08,StateFarm,Auto,Comprehensive,155
2022-12-08,StateFarm,Auto,Liability,183
2022-12-08,StateFarm,Home,Property,230
2022-12-08,StateFarm,Home,Renters,145
2022-12-08,StateFarm,Life,Term,115
2022-12-08,StateFarm,Life,Whole,50
2022-12-08,Allstate,Auto,Comprehensive,252
2022-12-08,Allstate,Auto,Liability,231
2022-12-08,Allstate,Home,Property,261
2022-12-08,Allstate,Home,Renters,299
2022-12-08,Allstate,Life,Term,247
2022-12-08,Allstate,Life,Whole,295
2022-12-09,Geico,Auto,Comprehensive,113
2022-12-09,Geico,Auto,Liability,353
2022-12-09,Geico,Home,Property,214
2022-12-09,Geico,Home,Renters,115
2022-12-09,Geico,Life,Term,127
2022-12-09,Geico,Life,Whole,110
2022-12-09,StateFarm,Auto,Comprehensive,243
2022-12-09,StateFarm,Auto,Liability,295
2022-12-09,StateFarm,Home,Property,203
2022-12-09,StateFarm,Home,Renters,246
2022-12-09,StateFarm,Life,Term,246
2022-12-09,StateFarm,Life,Whole,223
2022-12-09,Allstate,Auto,Comprehensive,259
2022-12-09,Allstate,Auto,Liability,352
2022-12-09,Allstate,Home,Property,291
2022-12-09,Allstate,Home,Renters,87
2022-12-09,Allstate,Life,Term,140
2022-12-09,Allstate,Life,Whole,171
2022-12-10,Geico,Auto,Comprehensive,318
2022-12-10,Geico,Auto,Liability,160
2022-12-10,Geico,Home,Property,65
2022-12-10,Geico,Home,Renters,107
2022-12-10,Geico,Life,Term,84
2022-12-10,Geico,Life,Whole,209
2022-12-10,StateFarm,Auto,Comprehensive,284
2022-12-10,StateFarm,Auto,Liability,300
2022-12-10,StateFarm,Home,Property,94
2022-12-10,StateFarm,Home,Renters,246
2022-12-10,StateFarm,Life,Term,262
2022-12-10,StateFarm,Life,Whole,270
2022-12-10,Allstate,Auto,Comprehensive,246
2022-12-10,Allstate,Auto,Liability,344
2022-12-10,Allstate,Home,Property,93
2022-12-10,Allstate,Home,Renters,105
2022-12-10,Allstate,Life,Term,161
2022-12-10,Allstate,Life,Whole,64
2022-12-11,Geico,Auto,Comprehensive,171
2022-12-11,Geico,Auto,Liability,269
2022-12-11,Geico,Home,Property,208
2022-12-11,Geico,Home,Renters,63
2022-12-11,Geico,Life,Term,212
2022-12-11,Geico,Life,Whole,220
2022-12-11,StateFarm,Auto,Comprehensive,216
2022-12-11,StateFarm,Auto,Liability,189
2022-12-11,StateFarm,Home,Property,257
2022-12-11,StateFarm,Home,Renters,157
2022-12-11,StateFarm,Life,Term,271
2022-12-11,StateFarm,Life,Whole,134
2022-12-11,Allstate,Auto,Comprehensive,306
2022-12-11,Allstate,Auto,Liability,209
2022-12-11,Allstate,Home,Property,198
2022-12-11,Allstate,Home,Renters,209
2022-12-11,Allstate,Life,Term,68
2022-12-11,Allstate,Life,Whole,277
2022-12-12,Geico,Auto,Comprehensive,305
2022-12-12,Geico,Auto,Liability,119
2022-12-12,Geico,Home,Property,61
2022-12-12,Geico,Home,Renters,161
2022-12-12,Geico,Life,Term,285
2022-12-12,Geico,Life,Whole,55
2022-12-12,StateFarm,Auto,Comprehensive,114
2022-12-12,StateFarm,Auto,Liability,304
2022-12-12,StateFarm,Home,Property,209
2022-12-12,StateFarm,Home,Renters,283
2022-12-12,StateFarm,Life,Term,153
2022-12-12,StateFarm,Life,Whole,290
2022-12-12,Allstate,Auto,Comprehensive,196
2022-12-12,Allstate,Auto,Liability,192
2022-12-12,Allstate,Home,Property,235
2022-12-12,Allstate,Home,Renters,64
2022-12-12,Allstate,Life,Term,109
2022-12-12,Allstate,Life,Whole,77
2022-12-13,Geico,Auto,Comprehensive,345
2022-12-13,Geico,Auto,Liability,150
2022-12-13,Geico,Home,Property,224
2022-12-13,Geico,Home,Renters,60
2022-12-13,Geico,Life,Term,164
2022-12-13,Geico,Life,Whole,169
2022-12-13,StateFarm,Auto,Comprehensive,173
2022-12-13,StateFarm,Auto,Liability,146
2022-12-13,StateFarm,Home,Property,282
2022-12-13,StateFarm,Home,Renters,91
2022-12-13,StateFarm,Life,Term,189
2022-12-13,StateFarm,Life,Whole,282
2022-12-13,Allstate,Auto,Comprehensive,115
2022-12-13,Allstate,Auto,Liability,190
2022-12-13,Allstate,Home,Property,184
2022-12-13,Allstate,Home,Renters,50
2022-12-13,Allstate,Life,Term,79
2022-12-13,Allstate,Life,Whole,206
2022-12-14,Geico,Auto,Comprehensive,191
2022-12-14,Geico,Auto,Liability,160
2022-12-14,Geico,Home,Property,187
2022-12-14,Geico,Home,Renters,209
2022-12-14,Geico,Life,Term,246
2022-12-14,Geico,Life,Whole,173
2022-12-14,StateFarm,Auto,Comprehensive,127
2022-12-14,StateFarm,Auto,Liability,200
2022-12-14,StateFarm,Home,Property,248
2022-12-14,StateFarm,Home,Renters,141
2022-12-14,StateFarm,Life,Term,104
2022-12-14,StateFarm,Life,Whole,99
2022-12-14,Allstate,Auto,Comprehensive,144
2022-12-14,Allstate,Auto,Liability,198
2022-12-14,Allstate,Home,Property,273
2022-12-14,Allstate,Home,Renters,103
2022-12-14,Allstate,Life,Term,140
2022-12-14,Allstate,Life,Whole,119
2022-12-15,Geico,Auto,Comprehensive,107
2022-12-15,Geico,Auto,Liability,313
2022-12-15,Geico,Home,Property,58
2022-12-15,Geico,Home,Renters,108
2022-12-15,Geico,Life,Term,90
2022-12-15,Geico,Life,Whole,288
2022-12-15,StateFarm,Auto,Comprehensive,121
2022-12-15,StateFarm,Auto,Liability,310
2022-12-15,StateFarm,Home,Property,269
2022-12-15,StateFarm,Home,Renters,185
2022-12-15,StateFarm,Life,Term,212
2022-12-15,StateFarm,Life,Whole,283
2022-12-15,Allstate,Auto,Comprehensive,193
2022-12-15,Allstate,Auto,Liability,112
2022-12-15,Allstate,Home,Property,208
2022-12-15,Allstate,Home,Renters,261
2022-12-15,Allstate,Life,Term,116
2022-12-15,Allstate,Life,Whole,194
2022-12-16,Geico,Auto,Comprehensive,325
2022-12-16,Geico,Auto,Liability,273
2022-12-16,Geico,Home,Property,212
2022-12-16,Geico,Home,Renters,167
2022-12-16,Geico,Life,Term,262
2022-12-16,Geico,Life,Whole,191
2022-12-16,StateFarm,Auto,Comprehensive,221
2022-12-16,StateFarm,Auto,Liability,138
2022-12-16,StateFarm,Home,Property,53
2022-12-16,StateFarm,Home,Renters,123
2022-12-16,StateFarm,Life,Term,156
2022-12-16,StateFarm,Life,Whole,150
2022-12-16,Allstate,Auto,Comprehensive,279
2022-12-16,Allstate,Auto,Liability,140
2022-12-16,Allstate,Home,Property,176
2022-12-16,Allstate,Home,Renters,146
2022-12-16,Allstate,Life,Term,297
2022-12-16,Allstate,Life,Whole,51
2022-12-17,Geico,Auto,Comprehensive,330
2022-12-17,Geico,Auto,Liability,199
2022-12-17,Geico,Home,Property,208
2022-12-17,Geico,Home,Renters,68
2022-12-17,Geico,Life,Term,280
2022-12-17,Geico,Life,Whole,181
2022-12-17,StateFarm,Auto,Comprehensive,172
2022-12-17,StateFarm,Auto,Liability,213
2022-12-17,StateFarm,Home,Property,268
2022-12-17,StateFarm,Home,Renters,133
2022-12-17,StateFarm,Life,Term,151
2022-12-17,StateFarm,Life,Whole,245
2022-12-17,Allstate,Auto,Comprehensive,186
2022-12-17,Allstate,Auto,Liability,214
2022-12-17,Allstate,Home,Property,217
2022-12-17,Allstate,Home,Renters,217
2022-12-17,Allstate,Life,Term,202
2022-12-17,Allstate,Life,Whole,66
2022-12-18,Geico,Auto,Comprehensive,105
2022-12-18,Geico,Auto,Liability,151
2022-12-18,Geico,Home,Property,141
2022-12-18,Geico,Home,Renters,148
2022-12-18,Geico,Life,Term,122
2022-12-18,Geico,Life,Whole,183
2022-12-18,StateFarm,Auto,Comprehensive,352
2022-12-18,StateFarm,Auto,Liability,278
2022-12-18,StateFarm,Home,Property,186
2022-12-18,StateFarm,Home,Renters,89
2022-12-18,StateFarm,Life,Term,222
2022-12-18,StateFarm,Life,Whole,271
2022-12-18,Allstate,Auto,Comprehensive,238
2022-12-18,Allstate,Auto,Liability,186
2022-12-18,Allstate,Home,Property,222
2022-12-18,Allstate,Home,Renters,252
2022-12-18,Allstate,Life,Term,199
2022-12-18,Allstate,Life,Whole,104
2022-12-19,Geico,Auto,Comprehensive,109
2022-12-19,Geico,Auto,Liability,221
2022-12-19,Geico,Home,Property,263
2022-12-19,Geico,Home,Renters,94
2022-12-19,Geico,Life,Term,127
2022-12-19,Geico,Life,Whole,161
2022-12-19,StateFarm,Auto,Comprehensive,332
2022-12-19,StateFarm,Auto,Liability,275
2022-12-19,StateFarm,Home,Property,183
2022-12-19,StateFarm,Home,Renters,212
2022-12-19,StateFarm,Life,Term,200
2022-12-19,StateFarm,Life,Whole,51
2022-12-19,Allstate,Auto,Comprehensive,239
2022-12-19,Allstate,Auto,Liability,314
2022-12-19,Allstate,Home,Property,294
2022-12-19,Allstate,Home,Renters,295
2022-12-19,Allstate,Life,Term,151
2022-12-19,Allstate,Life,Whole,293
2022-12-20,Geico,Auto,Comprehensive,253
2022-12-20,Geico,Auto,Liability,157
2022-12-20,Geico,Home,Property,299
2022-12-20,Geico,Home,Renters,180
2022-12-20,Geico,Life,Term,249
2022-12-20,Geico,Life,Whole,162
2022-12-20,StateFarm,Auto,Comprehensive,371
2022-12-20,StateFarm,Auto,Liability,91
2022-12-20,StateFarm,Home,Property,216
2022-12-20,StateFarm,Home,Renters,146
2022-12-20,StateFarm,Life,Term,148
2022-12-20,StateFarm,Life,Whole,187
2022-12-20,Allstate,Auto,Comprehensive,298
2022-12-20,Allstate,Auto,Liability,216
2022-12-20,Allstate,Home,Property,243
2022-12-20,Allstate,Home,Renters,276
2022-12-20,Allstate,Life,Term,292
2022-12-20,Allstate,Life,Whole,214
2022-12-21,Geico,Auto,Comprehensive,126
2022-12-21,Geico,Auto,Liability,93
2022-12-21,Geico,Home,Property,175
2022-12-21,Geico,Home,Renters,52
2022-12-21,Geico,Life,Term,98
2022-12-21,Geico,Life,Whole,110
2022-12-21,StateFarm,Auto,Comprehensive,289
2022-12-21,StateFarm,Auto,Liability,179
2022-12-21,StateFarm,Home,Property,126
2022-12-21,StateFarm,Home,Renters,131
2022-12-21,StateFarm,Life,Term,110
2022-12-21,StateFarm,Life,Whole,130
2022-12-21,Allstate,Auto,Comprehensive,307
2022-12-21,Allstate,Auto,Liability,274
2022-12-21,Allstate,Home,Property,266
2022-12-21,Allstate,Home,Renters,104
2022-12-21,Allstate,Life,Term,194
2022-12-21,Allstate,Life,Whole,299
2022-12-22,Geico,Auto,Comprehensive,175
2022-12-22,Geico,Auto,Liability,305
2022-12-22,Geico,Home,Property,66
2022-12-22,Geico,Home,Renters,246
2022-12-22,Geico,Life,Term,198
2022-12-22,Geico,Life,Whole,103
2022-12-22,StateFarm,Auto,Comprehensive,343
2022-12-22,StateFarm,Auto,Liability,333
2022-12-22,StateFarm,Home,Property,280
2022-12-22,StateFarm,Home,Renters,215
2022-12-22,StateFarm,Life,Term,158
2022-12-22,StateFarm,Life,Whole,97
2022-12-22,Allstate,Auto,Comprehensive,315
2022-12-22,Allstate,Auto,Liability,102
2022-12-22,Allstate,Home,Property,87
2022-12-22,Allstate,Home,Renters,71
2022-12-22,Allstate,Life,Term,218
2022-12-22,Allstate,Life,Whole,169
2022-12-23,Geico,Auto,Comprehensive,175
2022-12-23,Geico,Auto,Liability,106
2022-12-23,Geico,Home,Property,284
2022-12-23,Geico,Home,Renters,278
2022-12-23,Geico,Life,Term,86
2022-12-23,Geico,Life,Whole,217
2022-12-23,StateFarm,Auto,Comprehensive,95
2022-12-23,StateFarm,Auto,Liability,92
2022-12-23,StateFarm,Home,Property,296
2022-12-23,StateFarm,Home,Renters,180
2022-12-23,StateFarm,Life,Term,151
2022-12-23,StateFarm,Life,Whole,151
2022-12-23,Allstate,Auto,Comprehensive,119
2022-12-23,Allstate,Auto,Liability,292
2022-12-23,Allstate,Home,Property,133
2022-12-23,Allstate,Home,Renters,233
2022-12-23,Allstate,Life,Term,144
2022-12-23,Allstate,Life,Whole,186
2022-12-24,Geico,Auto,Comprehensive,135
2022-12-24,Geico,Auto,Liability,129
2022-12-24,Geico,Home,Property,136
2022-12-24,Geico,Home,Renters,221
2022-12-24,Geico,Life,Term,295
2022-12-24,Geico,Life,Whole,187
2022-12-24,StateFarm,Auto,Comprehensive,307
2022-12-24,StateFarm,Auto,Liability,147
2022-12-24,StateFarm,Home,Property,227
2022-12-24,StateFarm,Home,Renters,215
2022-12-24,StateFarm,Life,Term,142
2022-12-24,StateFarm,Life,Whole,173
2022-12-24,Allstate,Auto,Comprehensive,206
2022-12-24,Allstate,Auto,Liability,184
2022-12-24,Allstate,Home,Property,199
2022-12-24,Allstate,Home,Renters,102
2022-12-24,Allstate,Life,Term,137
2022-12-24,Allstate,Life,Whole,204
2022-12-25,Geico,Auto,Comprehensive,138
2022-12-25,Geico,Auto,Liability,233
2022-12-25,Geico,Home,Property,173
2022-12-25,Geico,Home,Renters,193
2022-12-25,Geico,Life,Term,253
2022-12-25,Geico,Life,Whole,84
2022-12-25,StateFarm,Auto,Comprehensive,305
2022-12-25,StateFarm,Auto,Liability,134
2022-12-25,StateFarm,Home,Property,268
2022-12-25,StateFarm,Home,Renters,273
2022-12-25,StateFarm,Life,Term,70
2022-12-25,StateFarm,Life,Whole,242
2022-12-25,Allstate,Auto,Comprehensive,324
2022-12-25,Allstate,Auto,Liability,191
2022-12-25,Allstate,Home,Property,84
2022-12-25,Allstate,Home,Renters,246
2022-12-25,Allstate,Life,Term,170
2022-12-25,Allstate,Life,Whole,96
2022-12-26,Geico,Auto,Comprehensive,220
2022-12-26,Geico,Auto,Liability,225
2022-12-26,Geico,Home,Property,292
2022-12-26,Geico,Home,Renters,193
2022-12-26,Geico,Life,Term,152
2022-12-26,Geico,Life,Whole,187
2022-12-26,StateFarm,Auto,Comprehensive,136
2022-12-26,StateFarm,Auto,Liability,276
2022-12-26,StateFarm,Home,Property,277
2022-12-26,StateFarm,Home,Renters,149
2022-12-26,StateFarm,Life,Term,281
2022-12-26,StateFarm,Life,Whole,242
2022-12-26,Allstate,Auto,Comprehensive,338
2022-12-26,Allstate,Auto,Liability,171
2022-12-26,Allstate,Home,Property,205
2022-12-26,Allstate,Home,Renters,204
2022-12-26,Allstate,Life,Term,67
2022-12-26,Allstate,Life,Whole,197
2022-12-27,Geico,Auto,Comprehensive,348
2022-12-27,Geico,Auto,Liability,150
2022-12-27,Geico,Home,Property,132
2022-12-27,Geico,Home,Renters,275
2022-12-27,Geico,Life,Term,244
2022-12-27,Geico,Life,Whole,191
2022-12-27,StateFarm,Auto,Comprehensive,229
2022-12-27,StateFarm,Auto,Liability,118
2022-12-27,StateFarm,Home,Property,95
2022-12-27,StateFarm,Home,Renters,53
2022-12-27,StateFarm,Life,Term,247
2022-12-27,StateFarm,Life,Whole,181
2022-12-27,Allstate,Auto,Comprehensive,136
2022-12-27,Allstate,Auto,Liability,366
2022-12-27,Allstate,Home,Property,98
2022-12-27,Allstate,Home,Renters,205
2022-12-27,Allstate,Life,Term,297
2022-12-27,Allstate,Life,Whole,134
2022-12-28,Geico,Auto,Comprehensive,291
2022-12-28,Geico,Auto,Liability,137
2022-12-28,Geico,Home,Property,158
2022-12-28,Geico,Home,Renters,272
2022-12-28,Geico,Life,Term,244
2022-12-28,Geico,Life,Whole,152
2022-12-28,StateFarm,Auto,Comprehensive,143
2022-12-28,StateFarm,Auto,Liability,146
2022-12-28,StateFarm,Home,Property,148
2022-12-28,StateFarm,Home,Renters,57
2022-12-28,StateFarm,Life,Term,263
2022-12-28,StateFarm,Life,Whole,265
2022-12-28,Allstate,Auto,Comprehensive,314
2022-12-28,Allstate,Auto,Liability,274
2022-12-28,Allstate,Home,Property,239
2022-12-28,Allstate,Home,Renters,198
2022-12-28,Allstate,Life,Term,169
2022-12-28,Allstate,Life,Whole,288
2022-12-29,Geico,Auto,Comprehensive,272
2022-12-29,Geico,Auto,Liability,153
2022-12-29,Geico,Home,Property,113
2022-12-29,Geico,Home,Renters,158
2022-12-29,Geico,Life,Term,227
2022-12-29,Geico,Life,Whole,279
2022-12-29,StateFarm,Auto,Comprehensive,324
2022-12-29,StateFarm,Auto,Liability,150
2022-12-29,StateFarm,Home,Property,226
2022-12-29,StateFarm,Home,Renters,205
2022-12-29,StateFarm,Life,Term,296
2022-12-29,StateFarm,Life,Whole,220
2022-12-29,Allstate,Auto,Comprehensive,289
2022-12-29,Allstate,Auto,Liability,320
2022-12-29,Allstate,Home,Property,73
2022-12-29,Allstate,Home,Renters,52
2022-12-29,Allstate,Life,Term,188
2022-12-29,Allstate,Life,Whole,291
2022-12-30,Geico,Auto,Comprehensive,270
2022-12-30,Geico,Auto,Liability,345
2022-12-30,Geico,Home,Property,125
2022-12-30,Geico,Home,Renters,144
2022-12-30,Geico,Life,Term,226
2022-12-30,Geico,Life,Whole,171
2022-12-30,StateFarm,Auto,Comprehensive,277
2022-12-30,StateFarm,Auto,Liability,150
2022-12-30,StateFarm,Home,Property,246
2022-12-30,StateFarm,Home,Renters,75
2022-12-30,StateFarm,Life,Term,99
2022-12-30,StateFarm,Life,Whole,196
2022-12-30,Allstate,Auto,Comprehensive,83
2022-12-30,Allstate,Auto,Liability,298
2022-12-30,Allstate,Home,Property,218
2022-12-30,Allstate,Home,Renters,175
2022-12-30,Allstate,Life,Term,87
2022-12-30,Allstate,Life,Whole,102
2022-12-31,Geico,Auto,Comprehensive,289
2022-12-31,Geico,Auto,Liability,301
2022-12-31,Geico,Home,Property,224
2022-12-31,Geico,Home,Renters,185
2022-12-31,Geico,Life,Term,63
2022-12-31,Geico,Life,Whole,215
2022-12-31,StateFarm,Auto,Comprehensive,114
2022-12-31,StateFarm,Auto,Liability,136
2022-12-31,StateFarm,Home,Property,66
2022-12-31,StateFarm,Home,Renters,284
2022-12-31,StateFarm,Life,Term,294
2022-12-31,StateFarm,Life,Whole,258
2022-12-31,Allstate,Auto,Comprehensive,267
2022-12-31,Allstate,Auto,Liability,185
2022-12-31,Allstate,Home,Property,291
2022-12-31,Allstate,Home,Renters,212
2022-12-31,Allstate,Life,Term,81
2022-12-31,Allstate,Life,Whole,113
2023-01-01,Geico,Auto,Comprehensive,109
2023-01-01,Geico,Auto,Liability,146
2023-01-01,Geico,Home,Property,147
2023-01-01,Geico,Home,Renters,161
2023-01-01,Geico,Life,Term,114
2023-01-01,Geico,Life,Whole,77
2023-01-01,StateFarm,Auto,Comprehensive,159
2023-01-01,StateFarm,Auto,Liability,165
2023-01-01,StateFarm,Home,Property,210
2023-01-01,StateFarm,Home,Renters,239
2023-01-01,StateFarm,Life,Term,54
2023-01-01,StateFarm,Life,Whole,252
2023-01-01,Allstate,Auto,Comprehensive,252
2023-01-01,Allstate,Auto,Liability,365
2023-01-01,Allstate,Home,Property,130
2023-01-01,Allstate,Home,Renters,153
2023-01-01,Allstate,Life,Term,276
2023-01-01,Allstate,Life,Whole,133
2023-01-02,Geico,Auto,Comprehensive,210
2023-01-02,Geico,Auto,Liability,149
2023-01-02,Geico,Home,Property,223
2023-01-02,Geico,Home,Renters,236
2023-01-02,Geico,Life,Term,201
2023-01-02,Geico,Life,Whole,226
2023-01-02,StateFarm,Auto,Comprehensive,229
2023-01-02,StateFarm,Auto,Liability,292
2023-01-02,StateFarm,Home,Property,207
2023-01-02,StateFarm,Home,Renters,184
2023-01-02,StateFarm,Life,Term,74
2023-01-02,StateFarm,Life,Whole,181
2023-01-02,Allstate,Auto,Comprehensive,360
2023-01-02,Allstate,Auto,Liability,165
2023-01-02,Allstate,Home,Property,170
2023-01-02,Allstate,Home,Renters,121
2023-01-02,Allstate,Life,Term,101
2023-01-02,Allstate,Life,Whole,121
2023-01-03,Geico,Auto,Comprehensive,103
2023-01-03,Geico,Auto,Liability,183
2023-01-03,Geico,Home,Property,264
2023-01-03,Geico,Home,Renters,78
2023-01-03,Geico,Life,Term,278
2023-01-03,Geico,Life,Whole,119
2023-01-03,StateFarm,Auto,Comprehensive,154
2023-01-03,StateFarm,Auto,Liability,155
2023-01-03,StateFarm,Home,Property,51
2023-01-03,StateFarm,Home,Renters,79
2023-01-03,StateFarm,Life,Term,245
2023-01-03,StateFarm,Life,Whole,173
2023-01-03,Allstate,Auto,Comprehensive,215
2023-01-03,Allstate,Auto,Liability,221
2023-01-03,Allstate,Home,Property,200
2023-01-03,Allstate,Home,Renters,265
2023-01-03,Allstate,Life,Term,262
2023-01-03,Allstate,Life,Whole,212
2023-01-04,Geico,Auto,Comprehensive,117
2023-01-04,Geico,Auto,Liability,132
2023-01-04,Geico,Home,Property,123
2023-01-04,Geico,Home,Renters,108
2023-01-04,Geico,Life,Term,67
2023-01-04,Geico,Life,Whole,281
2023-01-04,StateFarm,Auto,Comprehensive,237
2023-01-04,StateFarm,Auto,Liability,279
2023-01-04,StateFarm,Home,Property,197
2023-01-04,StateFarm,Home,Renters,132
2023-01-04,StateFarm,Life,Term,152
2023-01-04,StateFarm,Life,Whole,64
2023-01-04,Allstate,Auto,Comprehensive,268
2023-01-04,Allstate,Auto,Liability,286
2023-01-04,Allstate,Home,Property,166
2023-01-04,Allstate,Home,Renters,205
2023-01-04,Allstate,Life,Term,291
2023-01-04,Allstate,Life,Whole,217
2023-01-05,Geico,Auto,Comprehensive,90
2023-01-05,Geico,Auto,Liability,200
2023-01-05,Geico,Home,Property,174
2023-01-05,Geico,Home,Renters,264
2023-01-05,Geico,Life,Term,202
2023-01-05,Geico,Life,Whole,270
2023-01-05,StateFarm,Auto,Comprehensive,122
2023-01-05,StateFarm,Auto,Liability,221
2023-01-05,StateFarm,Home,Property,293
2023-01-05,StateFarm,Home,Renters,256
2023-01-05,StateFarm,Life,Term,68
2023-01-05,StateFarm,Life,Whole,290
2023-01-05,Allstate,Auto,Comprehensive,184
2023-01-05,Allstate,Auto,Liability,220
2023-01-05,Allstate,Home,Property,102
2023-01-05,Allstate,Home,Renters,209
2023-01-05,Allstate,Life,Term,181
2023-01-05,Allstate,Life,Whole,82
2023-01-06,Geico,Auto,Comprehensive,301
2023-01-06,Geico,Auto,Liability,188
2023-01-06,Geico,Home,Property,212
2023-01-06,Geico,Home,Renters,105
2023-01-06,Geico,Life,Term,109
2023-01-06,Geico,Life,Whole,106
2023-01-06,StateFarm,Auto,Comprehensive,291
2023-01-06,StateFarm,Auto,Liability,253
2023-01-06,StateFarm,Home,Property,290
2023-01-06,StateFarm,Home,Renters,263
2023-01-06,StateFarm,Life,Term,278
2023-01-06,StateFarm,Life,Whole,60
2023-01-06,Allstate,Auto,Comprehensive,183
2023-01-06,Allstate,Auto,Liability,144
2023-01-06,Allstate,Home,Property,232
2023-01-06,Allstate,Home,Renters,240
2023-01-06,Allstate,Life,Term,220
2023-01-06,Allstate,Life,Whole,109
2023-01-07,Geico,Auto,Comprehensive,319
2023-01-07,Geico,Auto,Liability,227
2023-01-07,Geico,Home,Property,118
2023-01-07,Geico,Home,Renters,125
2023-01-07,Geico,Life,Term,207
2023-01-07,Geico,Life,Whole,257
2023-01-07,StateFarm,Auto,Comprehensive,149
2023-01-07,StateFarm,Auto,Liability,166
2023-01-07,StateFarm,Home,Property,260
2023-01-07,StateFarm,Home,Renters,245
2023-01-07,StateFarm,Life,Term,100
2023-01-07,StateFarm,Life,Whole,114
2023-01-07,Allstate,Auto,Comprehensive,327
2023-01-07,Allstate,Auto,Liability,310
2023-01-07,Allstate,Home,Property,99
2023-01-07,Allstate,Home,Renters,119
2023-01-07,Allstate,Life,Term,281
2023-01-07,Allstate,Life,Whole,63
2023-01-08,Geico,Auto,Comprehensive,241
2023-01-08,Geico,Auto,Liability,238
2023-01-08,Geico,Home,Property,109
2023-01-08,Geico,Home,Renters,106
2023-01-08,Geico,Life,Term,80
2023-01-08,Geico,Life,Whole,131
2023-01-08,StateFarm,Auto,Comprehensive,304
2023-01-08,StateFarm,Auto,Liability,287
2023-01-08,StateFarm,Home,Property,148
2023-01-08,StateFarm,Home,Renters,114
2023-01-08,StateFarm,Life,Term,287
2023-01-08,StateFarm,Life,Whole,110
2023-01-08,Allstate,Auto,Comprehensive,281
2023-01-08,Allstate,Auto,Liability,100
2023-01-08,Allstate,Home,Property,244
2023-01-08,Allstate,Home,Renters,68
2023-01-08,Allstate,Life,Term,66
2023-01-08,Allstate,Life,Whole,53
2023-01-09,Geico,Auto,Comprehensive,337
2023-01-09,Geico,Auto,Liability,227
2023-01-09,Geico,Home,Property,157
2023-01-09,Geico,Home,Renters,71
2023-01-09,Geico,Life,Term,83
2023-01-09,Geico,Life,Whole,90
2023-01-09,StateFarm,Auto,Comprehensive,255
2023-01-09,StateFarm,Auto,Liability,269
2023-01-09,StateFarm,Home,Property,210
2023-01-09,StateFarm,Home,Renters,71
2023-01-09,StateFarm,Life,Term,284
2023-01-09,StateFarm,Life,Whole,82
2023-01-09,Allstate,Auto,Comprehensive,244
2023-01-09,Allstate,Auto,Liability,124
2023-01-09,Allstate,Home,Property,182
2023-01-09,Allstate,Home,Renters,248
2023-01-09,Allstate,Life,Term,251
2023-01-09,Allstate,Life,Whole,147
2023-01-10,Geico,Auto,Comprehensive,273
2023-01-10,Geico,Auto,Liability,252
2023-01-10,Geico,Home,Property,251
2023-01-10,Geico,Home,Renters,245
2023-01-10,Geico,Life,Term,223
2023-01-10,Geico,Life,Whole,172
2023-01-10,StateFarm,Auto,Comprehensive,348
2023-01-10,StateFarm,Auto,Liability,103
2023-01-10,StateFarm,Home,Property,250
2023-01-10,StateFarm,Home,Renters,112
2023-01-10,StateFarm,Life,Term,171
2023-01-10,StateFarm,Life,Whole,144
2023-01-10,Allstate,Auto,Comprehensive,137
2023-01-10,Allstate,Auto,Liability,128
2023-01-10,Allstate,Home,Property,245
2023-01-10,Allstate,Home,Renters,262
2023-01-10,Allstate,Life,Term,203
2023-01-10,Allstate,Life,Whole,248
2023-01-11,Geico,Auto,Comprehensive,300
2023-01-11,Geico,Auto,Liability,194
2023-01-11,Geico,Home,Property,208
2023-01-11,Geico,Home,Renters,122
2023-01-11,Geico,Life,Term,121
2023-01-11,Geico,Life,Whole,107
2023-01-11,StateFarm,Auto,Comprehensive,236
2023-01-11,StateFarm,Auto,Liability,206
2023-01-11,StateFarm,Home,Property,142
2023-01-11,StateFarm,Home,Renters,149
2023-01-11,StateFarm,Life,Term,256
2023-01-11,StateFarm,Life,Whole,294
2023-01-11,Allstate,Auto,Comprehensive,247
2023-01-11,Allstate,Auto,Liability,162
2023-01-11,Allstate,Home,Property,211
2023-01-11,Allstate,Home,Renters,253
2023-01-11,Allstate,Life,Term,289
2023-01-11,Allstate,Life,Whole,201
2023-01-12,Geico,Auto,Comprehensive,242
2023-01-12,Geico,Auto,Liability,302
2023-01-12,Geico,Home,Property,81
2023-01-12,Geico,Home,Renters,216
2023-01-12,Geico,Life,Term,185
2023-01-12,Geico,Life,Whole,178
2023-01-12,StateFarm,Auto,Comprehensive,156
2023-01-12,StateFarm,Auto,Liability,299
2023-01-12,StateFarm,Home,Property,278
2023-01-12,StateFarm,Home,Renters,273
2023-01-12,StateFarm,Life,Term,162
2023-01-12,StateFarm,Life,Whole,194
2023-01-12,Allstate,Auto,Comprehensive,270
2023-01-12,Allstate,Auto,Liability,237
2023-01-12,Allstate,Home,Property,117
2023-01-12,Allstate,Home,Renters,105
2023-01-12,Allstate,Life,Term,263
2023-01-12,Allstate,Life,Whole,282
2023-01-13,Geico,Auto,Comprehensive,216
2023-01-13,Geico,Auto,Liability,218
2023-01-13,Geico,Home,Property,109
2023-01-13,Geico,Home,Renters,141
2023-01-13,Geico,Life,Term,70
2023-01-13,Geico,Life,Whole,220
2023-01-13,StateFarm,Auto,Comprehensive,281
2023-01-13,StateFarm,Auto,Liability,329
2023-01-13,StateFarm,Home,Property,237
2023-01-13,StateFarm,Home,Renters,260
2023-01-13,StateFarm,Life,Term,256
2023-01-13,StateFarm,Life,Whole,77
2023-01-13,Allstate,Auto,Comprehensive,345
2023-01-13,Allstate,Auto,Liability,256
2023-01-13,Allstate,Home,Property,94
2023-01-13,Allstate,Home,Renters,101
2023-01-13,Allstate,Life,Term,279
2023-01-13,Allstate,Life,Whole,212
2023-01-14,Geico,Auto,Comprehensive,154
2023-01-14,Geico,Auto,Liability,91
2023-01-14,Geico,Home,Property,158
2023-01-14,Geico,Home,Renters,114
2023-01-14,Geico,Life,Term,121
2023-01-14,Geico,Life,Whole,184
2023-01-14,StateFarm,Auto,Comprehensive,152
2023-01-14,StateFarm,Auto,Liability,314
2023-01-14,StateFarm,Home,Property,245
2023-01-14,StateFarm,Home,Renters,61
2023-01-14,StateFarm,Life,Term,63
2023-01-14,StateFarm,Life,Whole,119
2023-01-14,Allstate,Auto,Comprehensive,319
2023-01-14,Allstate,Auto,Liability,147
2023-01-14,Allstate,Home,Property,279
2023-01-14,Allstate,Home,Renters,168
2023-01-14,Allstate,Life,Term,140
2023-01-14,Allstate,Life,Whole,183
2023-01-15,Geico,Auto,Comprehensive,235
2023-01-15,Geico,Auto,Liability,214
2023-01-15,Geico,Home,Property,78
2023-01-15,Geico,Home,Renters,166
2023-01-15,Geico,Life,Term,52
2023-01-15,Geico,Life,Whole,162
2023-01-15,StateFarm,Auto,Comprehensive,261
2023-01-15,StateFarm,Auto,Liability,299
2023-01-15,StateFarm,Home,Property,137
2023-01-15,StateFarm,Home,Renters,110
2023-01-15,StateFarm,Life,Term,68
2023-01-15,StateFarm,Life,Whole,292
2023-01-15,Allstate,Auto,Comprehensive,196
2023-01-15,Allstate,Auto,Liability,276
2023-01-15,Allstate,Home,Property,150
2023-01-15,Allstate,Home,Renters,258
2023-01-15,Allstate,Life,Term,289
2023-01-15,Allstate,Life,Whole,210
2023-01-16,Geico,Auto,Comprehensive,210
2023-01-16,Geico,Auto,Liability,327
2023-01-16,Geico,Home,Property,260
2023-01-16,Geico,Home,Renters,261
2023-01-16,Geico,Life,Term,142
2023-01-16,Geico,Life,Whole,179
2023-01-16,StateFarm,Auto,Comprehensive,226
2023-01-16,StateFarm,Auto,Liability,184
2023-01-16,StateFarm,Home,Property,161
2023-01-16,StateFarm,Home,Renters,298
2023-01-16,StateFarm,Life,Term,170
2023-01-16,StateFarm,Life,Whole,159
2023-01-16,Allstate,Auto,Comprehensive,150
2023-01-16,Allstate,Auto,Liability,314
2023-01-16,Allstate,Home,Property,220
2023-01-16,Allstate,Home,Renters,194
2023-01-16,Allstate,Life,Term,258
2023-01-16,Allstate,Life,Whole,204
2023-01-17,Geico,Auto,Comprehensive,132
2023-01-17,Geico,Auto,Liability,73
2023-01-17,Geico,Home,Property,211
2023-01-17,Geico,Home,Renters,60
2023-01-17,Geico,Life,Term,294
2023-01-17,Geico,Life,Whole,143
2023-01-17,StateFarm,Auto,Comprehensive,112
2023-01-17,StateFarm,Auto,Liability,280
2023-01-17,StateFarm,Home,Property,53
2023-01-17,StateFarm,Home,Renters,214
2023-01-17,StateFarm,Life,Term,55
2023-01-17,StateFarm,Life,Whole,74
2023-01-17,Allstate,Auto,Comprehensive,191
2023-01-17,Allstate,Auto,Liability,133
2023-01-17,Allstate,Home,Property,278
2023-01-17,Allstate,Home,Renters,151
2023-01-17,Allstate,Life,Term,109
2023-01-17,Allstate,Life,Whole,178
2023-01-18,Geico,Auto,Comprehensive,178
2023-01-18,Geico,Auto,Liability,225
2023-01-18,Geico,Home,Property,219
2023-01-18,Geico,Home,Renters,115
2023-01-18,Geico,Life,Term,112
2023-01-18,Geico,Life,Whole,189
2023-01-18,StateFarm,Auto,Comprehensive,323
2023-01-18,StateFarm,Auto,Liability,222
2023-01-18,StateFarm,Home,Property,292
2023-01-18,StateFarm,Home,Renters,273
2023-01-18,StateFarm,Life,Term,122
2023-01-18,StateFarm,Life,Whole,189
2023-01-18,Allstate,Auto,Comprehensive,217
2023-01-18,Allstate,Auto,Liability,349
2023-01-18,Allstate,Home,Property,169
2023-01-18,Allstate,Home,Renters,277
2023-01-18,Allstate,Life,Term,101
2023-01-18,Allstate,Life,Whole,115
2023-01-19,Geico,Auto,Comprehensive,135
2023-01-19,Geico,Auto,Liability,195
2023-01-19,Geico,Home,Property,274
2023-01-19,Geico,Home,Renters,295
2023-01-19,Geico,Life,Term,114
2023-01-19,Geico,Life,Whole,168
2023-01-19,StateFarm,Auto,Comprehensive,237
2023-01-19,StateFarm,Auto,Liability,179
2023-01-19,StateFarm,Home,Property,225
2023-01-19,StateFarm,Home,Renters,177
2023-01-19,StateFarm,Life,Term,76
2023-01-19,StateFarm,Life,Whole,88
2023-01-19,Allstate,Auto,Comprehensive,275
2023-01-19,Allstate,Auto,Liability,291
2023-01-19,Allstate,Home,Property,104
2023-01-19,Allstate,Home,Renters,202
2023-01-19,Allstate,Life,Term,166
2023-01-19,Allstate,Life,Whole,120
2023-01-20,Geico,Auto,Comprehensive,103
2023-01-20,Geico,Auto,Liability,137
2023-01-20,Geico,Home,Property,299
2023-01-20,Geico,Home,Renters,284
2023-01-20,Geico,Life,Term,102
2023-01-20,Geico,Life,Whole,258
2023-01-20,StateFarm,Auto,Comprehensive,245
2023-01-20,StateFarm,Auto,Liability,249
2023-01-20,StateFarm,Home,Property,219
2023-01-20,StateFarm,Home,Renters,154
2023-01-20,StateFarm,Life,Term,180
2023-01-20,StateFarm,Life,Whole,143
2023-01-20,Allstate,Auto,Comprehensive,210
2023-01-20,Allstate,Auto,Liability,311
2023-01-20,Allstate,Home,Property,284
2023-01-20,Allstate,Home,Renters,200
2023-01-20,Allstate,Life,Term,58
2023-01-20,Allstate,Life,Whole,145
2023-01-21,Geico,Auto,Comprehensive,120
2023-01-21,Geico,Auto,Liability,103
2023-01-21,Geico,Home,Property,255
2023-01-21,Geico,Home,Renters,58
2023-01-21,Geico,Life,Term,287
2023-01-21,Geico,Life,Whole,240
2023-01-21,StateFarm,Auto,Comprehensive,224
2023-01-21,StateFarm,Auto,Liability,316
2023-01-21,StateFarm,Home,Property,66
2023-01-21,StateFarm,Home,Renters,128
2023-01-21,StateFarm,Life,Term,147
2023-01-21,StateFarm,Life,Whole,215
2023-01-21,Allstate,Auto,Comprehensive,307
2023-01-21,Allstate,Auto,Liability,236
2023-01-21,Allstate,Home,Property,233
2023-01-21,Allstate,Home,Renters,224
2023-01-21,Allstate,Life,Term,103
2023-01-21,Allstate,Life,Whole,270
2023-01-22,Geico,Auto,Comprehensive,276
2023-01-22,Geico,Auto,Liability,304
2023-01-22,Geico,Home,Property,151
2023-01-22,Geico,Home,Renters,286
2023-01-22,Geico,Life,Term,167
2023-01-22,Geico,Life,Whole,283
2023-01-22,StateFarm,Auto,Comprehensive,127
2023-01-22,StateFarm,Auto,Liability,331
2023-01-22,StateFarm,Home,Property,79
2023-01-22,StateFarm,Home,Renters,239
2023-01-22,StateFarm,Life,Term,274
2023-01-22,StateFarm,Life,Whole,252
2023-01-22,Allstate,Auto,Comprehensive,99
2023-01-22,Allstate,Auto,Liability,301
2023-01-22,Allstate,Home,Property,205
2023-01-22,Allstate,Home,Renters,65
2023-01-22,Allstate,Life,Term,173
2023-01-22,Allstate,Life,Whole,284
2023-01-23,Geico,Auto,Comprehensive,272
2023-01-23,Geico,Auto,Liability,206
2023-01-23,Geico,Home,Property,292
2023-01-23,Geico,Home,Renters,112
2023-01-23,Geico,Life,Term,92
2023-01-23,Geico,Life,Whole,155
2023-01-23,StateFarm,Auto,Comprehensive,274
2023-01-23,StateFarm,Auto,Liability,327
2023-01-23,StateFarm,Home,Property,189
2023-01-23,StateFarm,Home,Renters,99
2023-01-23,StateFarm,Life,Term,51
2023-01-23,StateFarm,Life,Whole,192
2023-01-23,Allstate,Auto,Comprehensive,359
2023-01-23,Allstate,Auto,Liability,245
2023-01-23,Allstate,Home,Property,214
2023-01-23,Allstate,Home,Renters,224
2023-01-23,Allstate,Life,Term,270
2023-01-23,Allstate,Life,Whole,55
2023-01-24,Geico,Auto,Comprehensive,137
2023-01-24,Geico,Auto,Liability,207
2023-01-24,Geico,Home,Property,131
2023-01-24,Geico,Home,Renters,100
2023-01-24,Geico,Life,Term,169
2023-01-24,Geico,Life,Whole,103
2023-01-24,StateFarm,Auto,Comprehensive,151
2023-01-24,StateFarm,Auto,Liability,110
2023-01-24,StateFarm,Home,Property,190
2023-01-24,StateFarm,Home,Renters,180
2023-01-24,StateFarm,Life,Term,186
2023-01-24,StateFarm,Life,Whole,175
2023-01-24,Allstate,Auto,Comprehensive,337
2023-01-24,Allstate,Auto,Liability,260
2023-01-24,Allstate,Home,Property,247
2023-01-24,Allstate,Home,Renters,168
2023-01-24,Allstate,Life,Term,237
2023-01-24,Allstate,Life,Whole,253
2023-01-25,Geico,Auto,Comprehensive,183
2023-01-25,Geico,Auto,Liability,187
2023-01-25,Geico,Home,Property,225
2023-01-25,Geico,Home,Renters,189
2023-01-25,Geico,Life,Term,127
2023-01-25,Geico,Life,Whole,212
2023-01-25,StateFarm,Auto,Comprehensive,286
2023-01-25,StateFarm,Auto,Liability,130
2023-01-25,StateFarm,Home,Property,112
2023-01-25,StateFarm,Home,Renters,166
2023-01-25,StateFarm,Life,Term,176
2023-01-25,StateFarm,Life,Whole,216
2023-01-25,Allstate,Auto,Comprehensive,265
2023-01-25,Allstate,Auto,Liability,125
2023-01-25,Allstate,Home,Property,206
2023-01-25,Allstate,Home,Renters,270
2023-01-25,Allstate,Life,Term,267
2023-01-25,Allstate,Life,Whole,254
2023-01-26,Geico,Auto,Comprehensive,198
2023-01-26,Geico,Auto,Liability,198
2023-01-26,Geico,Home,Property,229
2023-01-26,Geico,Home,Renters,242
2023-01-26,Geico,Life,Term,213
2023-01-26,Geico,Life,Whole,218
2023-01-26,StateFarm,Auto,Comprehensive,147
2023-01-26,StateFarm,Auto,Liability,165
2023-01-26,StateFarm,Home,Property,99
2023-01-26,StateFarm,Home,Renters,128
2023-01-26,StateFarm,Life,Term,179
2023-01-26,StateFarm,Life,Whole,262
2023-01-26,Allstate,Auto,Comprehensive,315
2023-01-26,Allstate,Auto,Liability,128
2023-01-26,Allstate,Home,Property,234
2023-01-26,Allstate,Home,Renters,53
2023-01-26,Allstate,Life,Term,298
2023-01-26,Allstate,Life,Whole,109
2023-01-27,Geico,Auto,Comprehensive,254
2023-01-27,Geico,Auto,Liability,239
2023-01-27,Geico,Home,Property,75
2023-01-27,Geico,Home,Renters,260
2023-01-27,Geico,Life,Term,69
2023-01-27,Geico,Life,Whole,142
2023-01-27,StateFarm,Auto,Comprehensive,143
2023-01-27,StateFarm,Auto,Liability,220
2023-01-27,StateFarm,Home,Property,213
2023-01-27,StateFarm,Home,Renters,204
2023-01-27,StateFarm,Life,Term,190
2023-01-27,StateFarm,Life,Whole,169
2023-01-27,Allstate,Auto,Comprehensive,339
2023-01-27,Allstate,Auto,Liability,251
2023-01-27,Allstate,Home,Property,87
2023-01-27,Allstate,Home,Renters,80
2023-01-27,Allstate,Life,Term,265
2023-01-27,Allstate,Life,Whole,208
2023-01-28,Geico,Auto,Comprehensive,170
2023-01-28,Geico,Auto,Liability,297
2023-01-28,Geico,Home,Property,230
2023-01-28,Geico,Home,Renters,299
2023-01-28,Geico,Life,Term,157
2023-01-28,Geico,Life,Whole,207
2023-01-28,StateFarm,Auto,Comprehensive,135
2023-01-28,StateFarm,Auto,Liability,295
2023-01-28,StateFarm,Home,Property,206
2023-01-28,StateFarm,Home,Renters,232
2023-01-28,StateFarm,Life,Term,232
2023-01-28,StateFarm,Life,Whole,264
2023-01-28,Allstate,Auto,Comprehensive,129
2023-01-28,Allstate,Auto,Liability,213
2023-01-28,Allstate,Home,Property,284
2023-01-28,Allstate,Home,Renters,217
2023-01-28,Allstate,Life,Term,102
2023-01-28,Allstate,Life,Whole,149
2023-01-29,Geico,Auto,Comprehensive,220
2023-01-29,Geico,Auto,Liability,235
2023-01-29,Geico,Home,Property,79
2023-01-29,Geico,Home,Renters,145
2023-01-29,Geico,Life,Term,225
2023-01-29,Geico,Life,Whole,296
2023-01-29,StateFarm,Auto,Comprehensive,273
2023-01-29,StateFarm,Auto,Liability,348
2023-01-29,StateFarm,Home,Property,71
2023-01-29,StateFarm,Home,Renters,262
2023-01-29,StateFarm,Life,Term,107
2023-01-29,StateFarm,Life,Whole,58
2023-01-29,Allstate,Auto,Comprehensive,134
2023-01-29,Allstate,Auto,Liability,214
2023-01-29,Allstate,Home,Property,234
2023-01-29,Allstate,Home,Renters,117
2023-01-29,Allstate,Life,Term,179
2023-01-29,Allstate,Life,Whole,197
2023-01-30,Geico,Auto,Comprehensive,346
2023-01-30,Geico,Auto,Liability,227
2023-01-30,Geico,Home,Property,91
2023-01-30,Geico,Home,Renters,219
2023-01-30,Geico,Life,Term,150
2023-01-30,Geico,Life,Whole,120
2023-01-30,StateFarm,Auto,Comprehensive,132
2023-01-30,StateFarm,Auto,Liability,140
2023-01-30,StateFarm,Home,Property,170
2023-01-30,StateFarm,Home,Renters,73
2023-01-30,StateFarm,Life,Term,153
2023-01-30,StateFarm,Life,Whole,233
2023-01-30,Allstate,Auto,Comprehensive,216
2023-01-30,Allstate,Auto,Liability,304
2023-01-30,Allstate,Home,Property,266
2023-01-30,Allstate,Home,Renters,68
2023-01-30,Allstate,Life,Term,165
2023-01-30,Allstate,Life,Whole,72
2023-01-31,Geico,Auto,Comprehensive,275
2023-01-31,Geico,Auto,Liability,150
2023-01-31,Geico,Home,Property,58
2023-01-31,Geico,Home,Renters,117
2023-01-31,Geico,Life,Term,283
2023-01-31,Geico,Life,Whole,271
2023-01-31,StateFarm,Auto,Comprehensive,186
2023-01-31,StateFarm,Auto,Liability,263
2023-01-31,StateFarm,Home,Property,185
2023-01-31,StateFarm,Home,Renters,273
2023-01-31,StateFarm,Life,Term,211
2023-01-31,StateFarm,Life,Whole,50
2023-01-31,Allstate,Auto,Comprehensive,171
2023-01-31,Allstate,Auto,Liability,378
2023-01-31,Allstate,Home,Property,90
2023-01-31,Allstate,Home,Renters,200
2023-01-31,Allstate,Life,Term,241
2023-01-31,Allstate,Life,Whole,216
2023-02-01,Geico,Auto,Comprehensive,321
2023-02-01,Geico,Auto,Liability,277
2023-02-01,Geico,Home,Property,280
2023-02-01,Geico,Home,Renters,287
2023-02-01,Geico,Life,Term,89
2023-02-01,Geico,Life,Whole,71
2023-02-01,StateFarm,Auto,Comprehensive,232
2023-02-01,StateFarm,Auto,Liability,151
2023-02-01,StateFarm,Home,Property,277
2023-02-01,StateFarm,Home,Renters,264
2023-02-01,StateFarm,Life,Term,149
2023-02-01,StateFarm,Life,Whole,287
2023-02-01,Allstate,Auto,Comprehensive,207
2023-02-01,Allstate,Auto,Liability,227
2023-02-01,Allstate,Home,Property,237
2023-02-01,Allstate,Home,Renters,142
2023-02-01,Allstate,Life,Term,275
2023-02-01,Allstate,Life,Whole,56
2023-02-02,Geico,Auto,Comprehensive,319
2023-02-02,Geico,Auto,Liability,263
2023-02-02,Geico,Home,Property,138
2023-02-02,Geico,Home,Renters,108
2023-02-02,Geico,Life,Term,218
2023-02-02,Geico,Life,Whole,299
2023-02-02,StateFarm,Auto,Comprehensive,123
2023-02-02,StateFarm,Auto,Liability,272
2023-02-02,StateFarm,Home,Property,162
2023-02-02,StateFarm,Home,Renters,290
2023-02-02,StateFarm,Life,Term,164
2023-02-02,StateFarm,Life,Whole,132
2023-02-02,Allstate,Auto,Comprehensive,277
2023-02-02,Allstate,Auto,Liability,125
2023-02-02,Allstate,Home,Property,205
2023-02-02,Allstate,Home,Renters,161
2023-02-02,Allstate,Life,Term,142
2023-02-02,Allstate,Life,Whole,273
2023-02-03,Geico,Auto,Comprehensive,307
2023-02-03,Geico,Auto,Liability,332
2023-02-03,Geico,Home,Property,53
2023-02-03,Geico,Home,Renters,207
2023-02-03,Geico,Life,Term,223
2023-02-03,Geico,Life,Whole,226
2023-02-03,StateFarm,Auto,Comprehensive,281
2023-02-03,StateFarm,Auto,Liability,135
2023-02-03,StateFarm,Home,Property,243
2023-02-03,StateFarm,Home,Renters,83
2023-02-03,StateFarm,Life,Term,69
2023-02-03,StateFarm,Life,Whole,293
2023-02-03,Allstate,Auto,Comprehensive,260
2023-02-03,Allstate,Auto,Liability,227
2023-02-03,Allstate,Home,Property,278
2023-02-03,Allstate,Home,Renters,293
2023-02-03,Allstate,Life,Term,143
2023-02-03,Allstate,Life,Whole,65
2023-02-04,Geico,Auto,Comprehensive,258
2023-02-04,Geico,Auto,Liability,130
2023-02-04,Geico,Home,Property,160
2023-02-04,Geico,Home,Renters,276
2023-02-04,Geico,Life,Term,92
2023-02-04,Geico,Life,Whole,67
2023-02-04,StateFarm,Auto,Comprehensive,220
2023-02-04,StateFarm,Auto,Liability,184
2023-02-04,StateFarm,Home,Property,153
2023-02-04,StateFarm,Home,Renters,206
2023-02-04,StateFarm,Life,Term,102
2023-02-04,StateFarm,Life,Whole,126
2023-02-04,Allstate,Auto,Comprehensive,237
2023-02-04,Allstate,Auto,Liability,125
2023-02-04,Allstate,Home,Property,250
2023-02-04,Allstate,Home,Renters,252
2023-02-04,Allstate,Life,Term,137
2023-02-04,Allstate,Life,Whole,81
2023-02-05,Geico,Auto,Comprehensive,338
2023-02-05,Geico,Auto,Liability,297
2023-02-05,Geico,Home,Property,118
2023-02-05,Geico,Home,Renters,226
2023-02-05,Geico,Life,Term,84
2023-02-05,Geico,Life,Whole,246
2023-02-05,StateFarm,Auto,Comprehensive,151
2023-02-05,StateFarm,Auto,Liability,208
2023-02-05,StateFarm,Home,Property,257
2023-02-05,StateFarm,Home,Renters,230
2023-02-05,StateFarm,Life,Term,232
2023-02-05,StateFarm,Life,Whole,261
2023-02-05,Allstate,Auto,Comprehensive,313
2023-02-05,Allstate,Auto,Liability,147
2023-02-05,Allstate,Home,Property,159
2023-02-05,Allstate,Home,Renters,274
2023-02-05,Allstate,Life,Term,151
2023-02-05,Allstate,Life,Whole,150
2023-02-06,Geico,Auto,Comprehensive,226
2023-02-06,Geico,Auto,Liability,295
2023-02-06,Geico,Home,Property,235
2023-02-06,Geico,Home,Renters,135
2023-02-06,Geico,Life,Term,188
2023-02-06,Geico,Life,Whole,69
2023-02-06,StateFarm,Auto,Comprehensive,175
2023-02-06,StateFarm,Auto,Liability,108
2023-02-06,StateFarm,Home,Property,234
2023-02-06,StateFarm,Home,Renters,83
2023-02-06,StateFarm,Life,Term,52
2023-02-06,StateFarm,Life,Whole,254
2023-02-06,Allstate,Auto,Comprehensive,249
2023-02-06,Allstate,Auto,Liability,363
2023-02-06,Allstate,Home,Property,84
2023-02-06,Allstate,Home,Renters,158
2023-02-06,Allstate,Life,Term,154
2023-02-06,Allstate,Life,Whole,142
2023-02-07,Geico,Auto,Comprehensive,259
2023-02-07,Geico,Auto,Liability,191
2023-02-07,Geico,Home,Property,72
2023-02-07,Geico,Home,Renters,77
2023-02-07,Geico,Life,Term,286
2023-02-07,Geico,Life,Whole,188
2023-02-07,StateFarm,Auto,Comprehensive,279
2023-02-07,StateFarm,Auto,Liability,169
2023-02-07,StateFarm,Home,Property,252
2023-02-07,StateFarm,Home,Renters,281
2023-02-07,StateFarm,Life,Term,73
2023-02-07,StateFarm,Life,Whole,186
2023-02-07,Allstate,Auto,Comprehensive,199
2023-02-07,Allstate,Auto,Liability,198
2023-02-07,Allstate,Home,Property,54
2023-02-07,Allstate,Home,Renters,184
2023-02-07,Allstate,Life,Term,86
2023-02-07,Allstate,Life,Whole,184
2023-02-08,Geico,Auto,Comprehensive,181
2023-02-08,Geico,Auto,Liability,122
2023-02-08,Geico,Home,Property,111
2023-02-08,Geico,Home,Renters,296
2023-02-08,Geico,Life,Term,291
2023-02-08,Geico,Life,Whole,254
2023-02-08,StateFarm,Auto,Comprehensive,135
2023-02-08,StateFarm,Auto,Liability,152
2023-02-08,StateFarm,Home,Property,231
2023-02-08,StateFarm,Home,Renters,236
2023-02-08,StateFarm,Life,Term,224
2023-02-08,StateFarm,Life,Whole,94
2023-02-08,Allstate,Auto,Comprehensive,230
2023-02-08,Allstate,Auto,Liability,331
2023-02-08,Allstate,Home,Property,240
2023-02-08,Allstate,Home,Renters,74
2023-02-08,Allstate,Life,Term,247
2023-02-08,Allstate,Life,Whole,154
2023-02-09,Geico,Auto,Comprehensive,270
2023-02-09,Geico,Auto,Liability,359
2023-02-09,Geico,Home,Property,72
2023-02-09,Geico,Home,Renters,105
2023-02-09,Geico,Life,Term,165
2023-02-09,Geico,Life,Whole,169
2023-02-09,StateFarm,Auto,Comprehensive,83
2023-02-09,StateFarm,Auto,Liability,201
2023-02-09,StateFarm,Home,Property,159
2023-02-09,StateFarm,Home,Renters,195
2023-02-09,StateFarm,Life,Term,278
2023-02-09,StateFarm,Life,Whole,221
2023-02-09,Allstate,Auto,Comprehensive,336
2023-02-09,Allstate,Auto,Liability,230
2023-02-09,Allstate,Home,Property,203
2023-02-09,Allstate,Home,Renters,268
2023-02-09,Allstate,Life,Term,89
2023-02-09,Allstate,Life,Whole,102
2023-02-10,Geico,Auto,Comprehensive,253
2023-02-10,Geico,Auto,Liability,231
2023-02-10,Geico,Home,Property,228
2023-02-10,Geico,Home,Renters,98
2023-02-10,Geico,Life,Term,181
2023-02-10,Geico,Life,Whole,64
2023-02-10,StateFarm,Auto,Comprehensive,157
2023-02-10,StateFarm,Auto,Liability,263
2023-02-10,StateFarm,Home,Property,197
2023-02-10,StateFarm,Home,Renters,295
2023-02-10,StateFarm,Life,Term,291
2023-02-10,StateFarm,Life,Whole,282
2023-02-10,Allstate,Auto,Comprehensive,230
2023-02-10,Allstate,Auto,Liability,157
2023-02-10,Allstate,Home,Property,216
2023-02-10,Allstate,Home,Renters,91
2023-02-10,Allstate,Life,Term,276
2023-02-10,Allstate,Life,Whole,135
2023-02-11,Geico,Auto,Comprehensive,219
2023-02-11,Geico,Auto,Liability,142
2023-02-11,Geico,Home,Property,201
2023-02-11,Geico,Home,Renters,176
2023-02-11,Geico,Life,Term,152
2023-02-11,Geico,Life,Whole,132
2023-02-11,StateFarm,Auto,Comprehensive,328
2023-02-11,StateFarm,Auto,Liability,298
2023-02-11,StateFarm,Home,Property,195
2023-02-11,StateFarm,Home,Renters,101
2023-02-11,StateFarm,Life,Term,104
2023-02-11,StateFarm,Life,Whole,218
2023-02-11,Allstate,Auto,Comprehensive,343
2023-02-11,Allstate,Auto,Liability,315
2023-02-11,Allstate,Home,Property,113
2023-02-11,Allstate,Home,Renters,106
2023-02-11,Allstate,Life,Term,253
2023-02-11,Allstate,Life,Whole,184
2023-02-12,Geico,Auto,Comprehensive,228
2023-02-12,Geico,Auto,Liability,259
2023-02-12,Geico,Home,Property,286
2023-02-12,Geico,Home,Renters,181
2023-02-12,Geico,Life,Term,71
2023-02-12,Geico,Life,Whole,143
2023-02-12,StateFarm,Auto,Comprehensive,113
2023-02-12,StateFarm,Auto,Liability,308
2023-02-12,StateFarm,Home,Property,174
2023-02-12,StateFarm,Home,Renters,225
2023-02-12,StateFarm,Life,Term,200
2023-02-12,StateFarm,Life,Whole,136
2023-02-12,Allstate,Auto,Comprehensive,344
2023-02-12,Allstate,Auto,Liability,269
2023-02-12,Allstate,Home,Property,258
2023-02-12,Allstate,Home,Renters,72
2023-02-12,Allstate,Life,Term,251
2023-02-12,Allstate,Life,Whole,147
2023-02-13,Geico,Auto,Comprehensive,276
2023-02-13,Geico,Auto,Liability,231
2023-02-13,Geico,Home,Property,85
2023-02-13,Geico,Home,Renters,165
2023-02-13,Geico,Life,Term,262
2023-02-13,Geico,Life,Whole,239
2023-02-13,StateFarm,Auto,Comprehensive,111
2023-02-13,StateFarm,Auto,Liability,111
2023-02-13,StateFarm,Home,Property,238
2023-02-13,StateFarm,Home,Renters,162
2023-02-13,StateFarm,Life,Term,204
2023-02-13,StateFarm,Life,Whole,242
2023-02-13,Allstate,Auto,Comprehensive,228
2023-02-13,Allstate,Auto,Liability,147
2023-02-13,Allstate,Home,Property,179
2023-02-13,Allstate,Home,Renters,235
2023-02-13,Allstate,Life,Term,218
2023-02-13,Allstate,Life,Whole,277
2023-02-14,Geico,Auto,Comprehensive,90
2023-02-14,Geico,Auto,Liability,104
2023-02-14,Geico,Home,Property,74
2023-02-14,Geico,Home,Renters,202
2023-02-14,Geico,Life,Term,217
2023-02-14,Geico,Life,Whole,223
2023-02-14,StateFarm,Auto,Comprehensive,208
2023-02-14,StateFarm,Auto,Liability,145
2023-02-14,StateFarm,Home,Property,219
2023-02-14,StateFarm,Home,Renters,241
2023-02-14,StateFarm,Life,Term,141
2023-02-14,StateFarm,Life,Whole,52
2023-02-14,Allstate,Auto,Comprehensive,320
2023-02-14,Allstate,Auto,Liability,86
2023-02-14,Allstate,Home,Property,128
2023-02-14,Allstate,Home,Renters,66
2023-02-14,Allstate,Life,Term,159
2023-02-14,Allstate,Life,Whole,124
2023-02-15,Geico,Auto,Comprehensive,337
2023-02-15,Geico,Auto,Liability,198
2023-02-15,Geico,Home,Property,67
2023-02-15,Geico,Home,Renters,206
2023-02-15,Geico,Life,Term,177
2023-02-15,Geico,Life,Whole,189
2023-02-15,StateFarm,Auto,Comprehensive,287
2023-02-15,StateFarm,Auto,Liability,283
2023-02-15,StateFarm,Home,Property,234
2023-02-15,StateFarm,Home,Renters,168
2023-02-15,StateFarm,Life,Term,250
2023-02-15,StateFarm,Life,Whole,119
2023-02-15,Allstate,Auto,Comprehensive,126
2023-02-15,Allstate,Auto,Liability,297
2023-02-15,Allstate,Home,Property,62
2023-02-15,Allstate,Home,Renters,94
2023-02-15,Allstate,Life,Term,101
2023-02-15,Allstate,Life,Whole,99
2023-02-16,Geico,Auto,Comprehensive,234
2023-02-16,Geico,Auto,Liability,131
2023-02-16,Geico,Home,Property,254
2023-02-16,Geico,Home,Renters,70
2023-02-16,Geico,Life,Term,159
2023-02-16,Geico,Life,Whole,55
2023-02-16,StateFarm,Auto,Comprehensive,216
2023-02-16,StateFarm,Auto,Liability,337
2023-02-16,StateFarm,Home,Property,120
2023-02-16,StateFarm,Home,Renters,131
2023-02-16,StateFarm,Life,Term,208
2023-02-16,StateFarm,Life,Whole,249
2023-02-16,Allstate,Auto,Comprehensive,142
2023-02-16,Allstate,Auto,Liability,192
2023-02-16,Allstate,Home,Property,224
2023-02-16,Allstate,Home,Renters,224
2023-02-16,Allstate,Life,Term,197
2023-02-16,Allstate,Life,Whole,270
2023-02-17,Geico,Auto,Comprehensive,200
2023-02-17,Geico,Auto,Liability,131
2023-02-17,Geico,Home,Property,214
2023-02-17,Geico,Home,Renters,163
2023-02-17,Geico,Life,Term,152
2023-02-17,Geico,Life,Whole,112
2023-02-17,StateFarm,Auto,Comprehensive,155
2023-02-17,StateFarm,Auto,Liability,191
2023-02-17,StateFarm,Home,Property,185
2023-02-17,StateFarm,Home,Renters,148
2023-02-17,StateFarm,Life,Term,156
2023-02-17,StateFarm,Life,Whole,98
2023-02-17,Allstate,Auto,Comprehensive,150
2023-02-17,Allstate,Auto,Liability,283
2023-02-17,Allstate,Home,Property,68
2023-02-17,Allstate,Home,Renters,135
2023-02-17,Allstate,Life,Term,228
2023-02-17,Allstate,Life,Whole,299
2023-02-18,Geico,Auto,Comprehensive,114
2023-02-18,Geico,Auto,Liability,243
2023-02-18,Geico,Home,Property,175
2023-02-18,Geico,Home,Renters,177
2023-02-18,Geico,Life,Term,56
2023-02-18,Geico,Life,Whole,115
2023-02-18,StateFarm,Auto,Comprehensive,280
2023-02-18,StateFarm,Auto,Liability,209
2023-02-18,StateFarm,Home,Property,195
2023-02-18,StateFarm,Home,Renters,265
2023-02-18,StateFarm,Life,Term,213
2023-02-18,StateFarm,Life,Whole,228
2023-02-18,Allstate,Auto,Comprehensive,344
2023-02-18,Allstate,Auto,Liability,172
2023-02-18,Allstate,Home,Property,231
2023-02-18,Allstate,Home,Renters,288
2023-02-18,Allstate,Life,Term,191
2023-02-18,Allstate,Life,Whole,180
2023-02-19,Geico,Auto,Comprehensive,179
2023-02-19,Geico,Auto,Liability,327
2023-02-19,Geico,Home,Property,88
2023-02-19,Geico,Home,Renters,57
2023-02-19,Geico,Life,Term,229
2023-02-19,Geico,Life,Whole,293
2023-02-19,StateFarm,Auto,Comprehensive,259
2023-02-19,StateFarm,Auto,Liability,159
2023-02-19,StateFarm,Home,Property,87
2023-02-19,StateFarm,Home,Renters,183
2023-02-19,StateFarm,Life,Term,243
2023-02-19,StateFarm,Life,Whole,57
2023-02-19,Allstate,Auto,Comprehensive,245
2023-02-19,Allstate,Auto,Liability,327
2023-02-19,Allstate,Home,Property,127
2023-02-19,Allstate,Home,Renters,265
2023-02-19,Allstate,Life,Term,77
2023-02-19,Allstate,Life,Whole,233
2023-02-20,Geico,Auto,Comprehensive,197
2023-02-20,Geico,Auto,Liability,219
2023-02-20,Geico,Home,Property,211
2023-02-20,Geico,Home,Renters,192
2023-02-20,Geico,Life,Term,102
2023-02-20,Geico,Life,Whole,135
2023-02-20,StateFarm,Auto,Comprehensive,264
2023-02-20,StateFarm,Auto,Liability,324
2023-02-20,StateFarm,Home,Property,210
2023-02-20,StateFarm,Home,Renters,185
2023-02-20,StateFarm,Life,Term,166
2023-02-20,StateFarm,Life,Whole,226
2023-02-20,Allstate,Auto,Comprehensive,132
2023-02-20,Allstate,Auto,Liability,347
2023-02-20,Allstate,Home,Property,182
2023-02-20,Allstate,Home,Renters,240
2023-02-20,Allstate,Life,Term,227
2023-02-20,Allstate,Life,Whole,297
2023-02-21,Geico,Auto,Comprehensive,168
2023-02-21,Geico,Auto,Liability,113
2023-02-21,Geico,Home,Property,99
2023-02-21,Geico,Home,Renters,202
2023-02-21,Geico,Life,Term,264
2023-02-21,Geico,Life,Whole,150
2023-02-21,StateFarm,Auto,Comprehensive,235
2023-02-21,StateFarm,Auto,Liability,322
2023-02-21,StateFarm,Home,Property,239
2023-02-21,StateFarm,Home,Renters,91
2023-02-21,StateFarm,Life,Term,79
2023-02-21,StateFarm,Life,Whole,64
2023-02-21,Allstate,Auto,Comprehensive,135
2023-02-21,Allstate,Auto,Liability,331
2023-02-21,Allstate,Home,Property,78
2023-02-21,Allstate,Home,Renters,295
2023-02-21,Allstate,Life,Term,283
2023-02-21,Allstate,Life,Whole,215
2023-02-22,Geico,Auto,Comprehensive,126
2023-02-22,Geico,Auto,Liability,365
2023-02-22,Geico,Home,Property,115
2023-02-22,Geico,Home,Renters,101
2023-02-22,Geico,Life,Term,155
2023-02-22,Geico,Life,Whole,195
2023-02-22,StateFarm,Auto,Comprehensive,107
2023-02-22,StateFarm,Auto,Liability,144
2023-02-22,StateFarm,Home,Property,264
2023-02-22,StateFarm,Home,Renters,90
2023-02-22,StateFarm,Life,Term,130
2023-02-22,StateFarm,Life,Whole,94
2023-02-22,Allstate,Auto,Comprehensive,292
2023-02-22,Allstate,Auto,Liability,111
2023-02-22,Allstate,Home,Property,189
2023-02-22,Allstate,Home,Renters,289
2023-02-22,Allstate,Life,Term,219
2023-02-22,Allstate,Life,Whole,99
2023-02-23,Geico,Auto,Comprehensive,136
2023-02-23,Geico,Auto,Liability,183
2023-02-23,Geico,Home,Property,103
2023-02-23,Geico,Home,Renters,190
2023-02-23,Geico,Life,Term,259
2023-02-23,Geico,Life,Whole,76
2023-02-23,StateFarm,Auto,Comprehensive,253
2023-02-23,StateFarm,Auto,Liability,330
2023-02-23,StateFarm,Home,Property,260
2023-02-23,StateFarm,Home,Renters,253
2023-02-23,StateFarm,Life,Term,97
2023-02-23,StateFarm,Life,Whole,72
2023-02-23,Allstate,Auto,Comprehensive,238
2023-02-23,Allstate,Auto,Liability,219
2023-02-23,Allstate,Home,Property,142
2023-02-23,Allstate,Home,Renters,249
2023-02-23,Allstate,Life,Term,230
2023-02-23,Allstate,Life,Whole,134
2023-02-24,Geico,Auto,Comprehensive,204
2023-02-24,Geico,Auto,Liability,165
2023-02-24,Geico,Home,Property,98
2023-02-24,Geico,Home,Renters,51
2023-02-24,Geico,Life,Term,271
2023-02-24,Geico,Life,Whole,169
2023-02-24,StateFarm,Auto,Comprehensive,251
2023-02-24,StateFarm,Auto,Liability,136
2023-02-24,StateFarm,Home,Property,199
2023-02-24,StateFarm,Home,Renters,149
2023-02-24,StateFarm,Life,Term,129
2023-02-24,StateFarm,Life,Whole,94
2023-02-24,Allstate,Auto,Comprehensive,235
2023-02-24,Allstate,Auto,Liability,148
2023-02-24,Allstate,Home,Property,62
2023-02-24,Allstate,Home,Renters,294
2023-02-24,Allstate,Life,Term,229
2023-02-24,Allstate,Life,Whole,178
2023-02-25,Geico,Auto,Comprehensive,162
2023-02-25,Geico,Auto,Liability,159
2023-02-25,Geico,Home,Property,146
2023-02-25,Geico,Home,Renters,142
2023-02-25,Geico,Life,Term,198
2023-02-25,Geico,Life,Whole,278
2023-02-25,StateFarm,Auto,Comprehensive,208
2023-02-25,StateFarm,Auto,Liability,263
2023-02-25,StateFarm,Home,Property,247
2023-02-25,StateFarm,Home,Renters,60
2023-02-25,StateFarm,Life,Term,130
2023-02-25,StateFarm,Life,Whole,114
2023-02-25,Allstate,Auto,Comprehensive,282
2023-02-25,Allstate,Auto,Liability,287
2023-02-25,Allstate,Home,Property,178
2023-02-25,Allstate,Home,Renters,111
2023-02-25,Allstate,Life,Term,94
2023-02-25,Allstate,Life,Whole,280
2023-02-26,Geico,Auto,Comprehensive,349
2023-02-26,Geico,Auto,Liability,157
2023-02-26,Geico,Home,Property,233
2023-02-26,Geico,Home,Renters,83
2023-02-26,Geico,Life,Term,212
2023-02-26,Geico,Life,Whole,233
2023-02-26,StateFarm,Auto,Comprehensive,314
2023-02-26,StateFarm,Auto,Liability,343
2023-02-26,StateFarm,Home,Property,87
2023-02-26,StateFarm,Home,Renters,54
2023-02-26,StateFarm,Life,Term,267
2023-02-26,StateFarm,Life,Whole,167
2023-02-26,Allstate,Auto,Comprehensive,248
2023-02-26,Allstate,Auto,Liability,168
2023-02-26,Allstate,Home,Property,154
2023-02-26,Allstate,Home,Renters,255
2023-02-26,Allstate,Life,Term,292
2023-02-26,Allstate,Life,Whole,154
2023-02-27,Geico,Auto,Comprehensive,202
2023-02-27,Geico,Auto,Liability,201
2023-02-27,Geico,Home,Property,156
2023-02-27,Geico,Home,Renters,83
2023-02-27,Geico,Life,Term,73
2023-02-27,Geico,Life,Whole,103
2023-02-27,StateFarm,Auto,Comprehensive,222
2023-02-27,StateFarm,Auto,Liability,303
2023-02-27,StateFarm,Home,Property,263
2023-02-27,StateFarm,Home,Renters,73
2023-02-27,StateFarm,Life,Term,212
2023-02-27,StateFarm,Life,Whole,285
2023-02-27,Allstate,Auto,Comprehensive,322
2023-02-27,Allstate,Auto,Liability,283
2023-02-27,Allstate,Home,Property,174
2023-02-27,Allstate,Home,Renters,86
2023-02-27,Allstate,Life,Term,124
2023-02-27,Allstate,Life,Whole,186
2023-02-28,Geico,Auto,Comprehensive,129
2023-02-28,Geico,Auto,Liability,162
2023-02-28,Geico,Home,Property,209
2023-02-28,Geico,Home,Renters,261
2023-02-28,Geico,Life,Term,217
2023-02-28,Geico,Life,Whole,97
2023-02-28,StateFarm,Auto,Comprehensive,267
2023-02-28,StateFarm,Auto,Liability,113
2023-02-28,StateFarm,Home,Property,97
2023-02-28,StateFarm,Home,Renters,211
2023-02-28,StateFarm,Life,Term,87
2023-02-28,StateFarm,Life,Whole,233
2023-02-28,Allstate,Auto,Comprehensive,166
2023-02-28,Allstate,Auto,Liability,323
2023-02-28,Allstate,Home,Property,187
2023-02-28,Allstate,Home,Renters,115
2023-02-28,Allstate,Life,Term,108
2023-02-28,Allstate,Life,Whole,99
2023-03-01,Geico,Auto,Comprehensive,186
2023-03-01,Geico,Auto,Liability,181
2023-03-01,Geico,Home,Property,140
2023-03-01,Geico,Home,Renters,252
2023-03-01,Geico,Life,Term,198
2023-03-01,Geico,Life,Whole,79
2023-03-01,StateFarm,Auto,Comprehensive,133
2023-03-01,StateFarm,Auto,Liability,256
2023-03-01,StateFarm,Home,Property,165
2023-03-01,StateFarm,Home,Renters,169
2023-03-01,StateFarm,Life,Term,72
2023-03-01,StateFarm,Life,Whole,205
2023-03-01,Allstate,Auto,Comprehensive,236
2023-03-01,Allstate,Auto,Liability,235
2023-03-01,Allstate,Home,Property,94
2023-03-01,Allstate,Home,Renters,183
2023-03-01,Allstate,Life,Term,263
2023-03-01,Allstate,Life,Whole,127
2023-03-02,Geico,Auto,Comprehensive,337
2023-03-02,Geico,Auto,Liability,303
2023-03-02,Geico,Home,Property,65
2023-03-02,Geico,Home,Renters,282
2023-03-02,Geico,Life,Term,207
2023-03-02,Geico,Life,Whole,272
2023-03-02,StateFarm,Auto,Comprehensive,306
2023-03-02,StateFarm,Auto,Liability,220
2023-03-02,StateFarm,Home,Property,168
2023-03-02,StateFarm,Home,Renters,170
2023-03-02,StateFarm,Life,Term,169
2023-03-02,StateFarm,Life,Whole,68
2023-03-02,Allstate,Auto,Comprehensive,314
2023-03-02,Allstate,Auto,Liability,325
2023-03-02,Allstate,Home,Property,252
2023-03-02,Allstate,Home,Renters,62
2023-03-02,Allstate,Life,Term,239
2023-03-02,Allstate,Life,Whole,233
2023-03-03,Geico,Auto,Comprehensive,322
2023-03-03,Geico,Auto,Liability,281
2023-03-03,Geico,Home,Property,284
2023-03-03,Geico,Home,Renters,248
2023-03-03,Geico,Life,Term,99
2023-03-03,Geico,Life,Whole,222
2023-03-03,StateFarm,Auto,Comprehensive,342
2023-03-03,StateFarm,Auto,Liability,159
2023-03-03,StateFarm,Home,Property,241
2023-03-03,StateFarm,Home,Renters,226
2023-03-03,StateFarm,Life,Term,105
2023-03-03,StateFarm,Life,Whole,200
2023-03-03,Allstate,Auto,Comprehensive,347
2023-03-03,Allstate,Auto,Liability,207
2023-03-03,Allstate,Home,Property,68
2023-03-03,Allstate,Home,Renters,235
2023-03-03,Allstate,Life,Term,79
2023-03-03,Allstate,Life,Whole,155
2023-03-04,Geico,Auto,Comprehensive,309
2023-03-04,Geico,Auto,Liability,95
2023-03-04,Geico,Home,Property,150
2023-03-04,Geico,Home,Renters,71
2023-03-04,Geico,Life,Term,156
2023-03-04,Geico,Life,Whole,271
2023-03-04,StateFarm,Auto,Comprehensive,253
2023-03-04,StateFarm,Auto,Liability,329
2023-03-04,StateFarm,Home,Property,113
2023-03-04,StateFarm,Home,Renters,250
2023-03-04,StateFarm,Life,Term,109
2023-03-04,StateFarm,Life,Whole,140
2023-03-04,Allstate,Auto,Comprehensive,290
2023-03-04,Allstate,Auto,Liability,250
2023-03-04,Allstate,Home,Property,202
2023-03-04,Allstate,Home,Renters,271
2023-03-04,Allstate,Life,Term,56
2023-03-04,Allstate,Life,Whole,216
2023-03-05,Geico,Auto,Comprehensive,338
2023-03-05,Geico,Auto,Liability,160
2023-03-05,Geico,Home,Property,220
2023-03-05,Geico,Home,Renters,87
2023-03-05,Geico,Life,Term,222
2023-03-05,Geico,Life,Whole,61
2023-03-05,StateFarm,Auto,Comprehensive,153
2023-03-05,StateFarm,Auto,Liability,176
2023-03-05,StateFarm,Home,Property,221
2023-03-05,StateFarm,Home,Renters,228
2023-03-05,StateFarm,Life,Term,228
2023-03-05,StateFarm,Life,Whole,279
2023-03-05,Allstate,Auto,Comprehensive,128
2023-03-05,Allstate,Auto,Liability,369
2023-03-05,Allstate,Home,Property,190
2023-03-05,Allstate,Home,Renters,287
2023-03-05,Allstate,Life,Term,98
2023-03-05,Allstate,Life,Whole,72
2023-03-06,Geico,Auto,Comprehensive,276
2023-03-06,Geico,Auto,Liability,238
2023-03-06,Geico,Home,Property,275
2023-03-06,Geico,Home,Renters,245
2023-03-06,Geico,Life,Term,183
2023-03-06,Geico,Life,Whole,243
2023-03-06,StateFarm,Auto,Comprehensive,194
2023-03-06,StateFarm,Auto,Liability,97
2023-03-06,StateFarm,Home,Property,90
2023-03-06,StateFarm,Home,Renters,241
2023-03-06,StateFarm,Life,Term,108
2023-03-06,StateFarm,Life,Whole,284
2023-03-06,Allstate,Auto,Comprehensive,97
2023-03-06,Allstate,Auto,Liability,98
2023-03-06,Allstate,Home,Property,191
2023-03-06,Allstate,Home,Renters,230
2023-03-06,Allstate,Life,Term,113
2023-03-06,Allstate,Life,Whole,212
2023-03-07,Geico,Auto,Comprehensive,313
2023-03-07,Geico,Auto,Liability,322
2023-03-07,Geico,Home,Property,132
2023-03-07,Geico,Home,Renters,193
2023-03-07,Geico,Life,Term,212
2023-03-07,Geico,Life,Whole,207
2023-03-07,StateFarm,Auto,Comprehensive,224
2023-03-07,StateFarm,Auto,Liability,289
2023-03-07,StateFarm,Home,Property,188
2023-03-07,StateFarm,Home,Renters,56
2023-03-07,StateFarm,Life,Term,207
2023-03-07,StateFarm,Life,Whole,106
2023-03-07,Allstate,Auto,Comprehensive,336
2023-03-07,Allstate,Auto,Liability,353
2023-03-07,Allstate,Home,Property,96
2023-03-07,Allstate,Home,Renters,98
2023-03-07,Allstate,Life,Term,126
2023-03-07,Allstate,Life,Whole,84
2023-03-08,Geico,Auto,Comprehensive,307
2023-03-08,Geico,Auto,Liability,202
2023-03-08,Geico,Home,Property,58
2023-03-08,Geico,Home,Renters,192
2023-03-08,Geico,Life,Term,183
2023-03-08,Geico,Life,Whole,290
2023-03-08,StateFarm,Auto,Comprehensive,162
2023-03-08,StateFarm,Auto,Liability,323
2023-03-08,StateFarm,Home,Property,118
2023-03-08,StateFarm,Home,Renters,253
2023-03-08,StateFarm,Life,Term,259
2023-03-08,StateFarm,Life,Whole,63
2023-03-08,Allstate,Auto,Comprehensive,342
2023-03-08,Allstate,Auto,Liability,324
2023-03-08,Allstate,Home,Property,214
2023-03-08,Allstate,Home,Renters,117
2023-03-08,Allstate,Life,Term,70
2023-03-08,Allstate,Life,Whole,286
2023-03-09,Geico,Auto,Comprehensive,132
2023-03-09,Geico,Auto,Liability,320
2023-03-09,Geico,Home,Property,282
2023-03-09,Geico,Home,Renters,192
2023-03-09,Geico,Life,Term,105
2023-03-09,Geico,Life,Whole,257
2023-03-09,StateFarm,Auto,Comprehensive,178
2023-03-09,StateFarm,Auto,Liability,154
2023-03-09,StateFarm,Home,Property,286
2023-03-09,StateFarm,Home,Renters,55
2023-03-09,StateFarm,Life,Term,194
2023-03-09,StateFarm,Life,Whole,180
2023-03-09,Allstate,Auto,Comprehensive,322
2023-03-09,Allstate,Auto,Liability,240
2023-03-09,Allstate,Home,Property,251
2023-03-09,Allstate,Home,Renters,265
2023-03-09,Allstate,Life,Term,83
2023-03-09,Allstate,Life,Whole,296
2023-03-10,Geico,Auto,Comprehensive,273
2023-03-10,Geico,Auto,Liability,155
2023-03-10,Geico,Home,Property,186
2023-03-10,Geico,Home,Renters,252
2023-03-10,Geico,Life,Term,105
2023-03-10,Geico,Life,Whole,207
2023-03-10,StateFarm,Auto,Comprehensive,144
2023-03-10,StateFarm,Auto,Liability,307
2023-03-10,StateFarm,Home,Property,205
2023-03-10,StateFarm,Home,Renters,90
2023-03-10,StateFarm,Life,Term,52
2023-03-10,StateFarm,Life,Whole,252
2023-03-10,Allstate,Auto,Comprehensive,316
2023-03-10,Allstate,Auto,Liability,315
2023-03-10,Allstate,Home,Property,61
2023-03-10,Allstate,Home,Renters,72
2023-03-10,Allstate,Life,Term,192
2023-03-10,Allstate,Life,Whole,118
2023-03-11,Geico,Auto,Comprehensive,270
2023-03-11,Geico,Auto,Liability,243
2023-03-11,Geico,Home,Property,277
2023-03-11,Geico,Home,Renters,198
2023-03-11,Geico,Life,Term,129
2023-03-11,Geico,Life,Whole,216
2023-03-11,StateFarm,Auto,Comprehensive,195
2023-03-11,StateFarm,Auto,Liability,337
2023-03-11,StateFarm,Home,Property,227
2023-03-11,StateFarm,Home,Renters,270
2023-03-11,StateFarm,Life,Term,100
2023-03-11,StateFarm,Life,Whole,294
2023-03-11,Allstate,Auto,Comprehensive,245
2023-03-11,Allstate,Auto,Liability,319
2023-03-11,Allstate,Home,Property,79
2023-03-11,Allstate,Home,Renters,260
2023-03-11,Allstate,Life,Term,109
2023-03-11,Allstate,Life,Whole,187
2023-03-12,Geico,Auto,Comprehensive,161
2023-03-12,Geico,Auto,Liability,204
2023-03-12,Geico,Home,Property,127
2023-03-12,Geico,Home,Renters,260
2023-03-12,Geico,Life,Term,167
2023-03-12,Geico,Life,Whole,115
2023-03-12,StateFarm,Auto,Comprehensive,305
2023-03-12,StateFarm,Auto,Liability,271
2023-03-12,StateFarm,Home,Property,164
2023-03-12,StateFarm,Home,Renters,196
2023-03-12,StateFarm,Life,Term,165
2023-03-12,StateFarm,Life,Whole,105
2023-03-12,Allstate,Auto,Comprehensive,159
2023-03-12,Allstate,Auto,Liability,188
2023-03-12,Allstate,Home,Property,289
2023-03-12,Allstate,Home,Renters,173
2023-03-12,Allstate,Life,Term,299
2023-03-12,Allstate,Life,Whole,141
2023-03-13,Geico,Auto,Comprehensive,371
2023-03-13,Geico,Auto,Liability,218
2023-03-13,Geico,Home,Property,293
2023-03-13,Geico,Home,Renters,76
2023-03-13,Geico,Life,Term,165
2023-03-13,Geico,Life,Whole,290
2023-03-13,StateFarm,Auto,Comprehensive,129
2023-03-13,StateFarm,Auto,Liability,220
2023-03-13,StateFarm,Home,Property,78
2023-03-13,StateFarm,Home,Renters,292
2023-03-13,StateFarm,Life,Term,265
2023-03-13,StateFarm,Life,Whole,165
2023-03-13,Allstate,Auto,Comprehensive,155
2023-03-13,Allstate,Auto,Liability,191
2023-03-13,Allstate,Home,Property,149
2023-03-13,Allstate,Home,Renters,169
2023-03-13,Allstate,Life,Term,219
2023-03-13,Allstate,Life,Whole,171
2023-03-14,Geico,Auto,Comprehensive,190
2023-03-14,Geico,Auto,Liability,97
2023-03-14,Geico,Home,Property,80
2023-03-14,Geico,Home,Renters,168
2023-03-14,Geico,Life,Term,234
2023-03-14,Geico,Life,Whole,265
2023-03-14,StateFarm,Auto,Comprehensive,149
2023-03-14,StateFarm,Auto,Liability,92
2023-03-14,StateFarm,Home,Property,252
2023-03-14,StateFarm,Home,Renters,96
2023-03-14,StateFarm,Life,Term,192
2023-03-14,StateFarm,Life,Whole,115
2023-03-14,Allstate,Auto,Comprehensive,291
2023-03-14,Allstate,Auto,Liability,228
2023-03-14,Allstate,Home,Property,189
2023-03-14,Allstate,Home,Renters,204
2023-03-14,Allstate,Life,Term,231
2023-03-14,Allstate,Life,Whole,79
2023-03-15,Geico,Auto,Comprehensive,205
2023-03-15,Geico,Auto,Liability,329
2023-03-15,Geico,Home,Property,60
2023-03-15,Geico,Home,Renters,149
2023-03-15,Geico,Life,Term,92
2023-03-15,Geico,Life,Whole,131
2023-03-15,StateFarm,Auto,Comprehensive,284
2023-03-15,StateFarm,Auto,Liability,143
2023-03-15,StateFarm,Home,Property,257
2023-03-15,StateFarm,Home,Renters,226
2023-03-15,StateFarm,Life,Term,180
2023-03-15,StateFarm,Life,Whole,290
2023-03-15,Allstate,Auto,Comprehensive,323
2023-03-15,Allstate,Auto,Liability,163
2023-03-15,Allstate,Home,Property,183
2023-03-15,Allstate,Home,Renters,234
2023-03-15,Allstate,Life,Term,203
2023-03-15,Allstate,Life,Whole,243
2023-03-16,Geico,Auto,Comprehensive,230
2023-03-16,Geico,Auto,Liability,105
2023-03-16,Geico,Home,Property,259
2023-03-16,Geico,Home,Renters,263
2023-03-16,Geico,Life,Term,65
2023-03-16,Geico,Life,Whole,76
2023-03-16,StateFarm,Auto,Comprehensive,282
2023-03-16,StateFarm,Auto,Liability,278
2023-03-16,StateFarm,Home,Property,201
2023-03-16,StateFarm,Home,Renters,70
2023-03-16,StateFarm,Life,Term,146
2023-03-16,StateFarm,Life,Whole,115
2023-03-16,Allstate,Auto,Comprehensive,320
2023-03-16,Allstate,Auto,Liability,203
2023-03-16,Allstate,Home,Property,276
2023-03-16,Allstate,Home,Renters,165
2023-03-16,Allstate,Life,Term,57
2023-03-16,Allstate,Life,Whole,59
2023-03-17,Geico,Auto,Comprehensive,351
2023-03-17,Geico,Auto,Liability,322
2023-03-17,Geico,Home,Property,215
2023-03-17,Geico,Home,Renters,188
2023-03-17,Geico,Life,Term,160
2023-03-17,Geico,Life,Whole,211
2023-03-17,StateFarm,Auto,Comprehensive,266
2023-03-17,StateFarm,Auto,Liability,89
2023-03-17,StateFarm,Home,Property,298
2023-03-17,StateFarm,Home,Renters,297
2023-03-17,StateFarm,Life,Term,167
2023-03-17,StateFarm,Life,Whole,208
2023-03-17,Allstate,Auto,Comprehensive,109
2023-03-17,Allstate,Auto,Liability,187
2023-03-17,Allstate,Home,Property,235
2023-03-17,Allstate,Home,Renters,201
2023-03-17,Allstate,Life,Term,71
2023-03-17,Allstate,Life,Whole,264
2023-03-18,Geico,Auto,Comprehensive,213
2023-03-18,Geico,Auto,Liability,291
2023-03-18,Geico,Home,Property,219
2023-03-18,Geico,Home,Renters,188
2023-03-18,Geico,Life,Term,163
2023-03-18,Geico,Life,Whole,122
2023-03-18,StateFarm,Auto,Comprehensive,264
2023-03-18,StateFarm,Auto,Liability,259
2023-03-18,StateFarm,Home,Property,288
2023-03-18,StateFarm,Home,Renters,240
2023-03-18,StateFarm,Life,Term,76
2023-03-18,StateFarm,Life,Whole,58
2023-03-18,Allstate,Auto,Comprehensive,156
2023-03-18,Allstate,Auto,Liability,230
2023-03-18,Allstate,Home,Property,83
2023-03-18,Allstate,Home,Renters,88
2023-03-18,Allstate,Life,Term,193
2023-03-18,Allstate,Life,Whole,87
2023-03-19,Geico,Auto,Comprehensive,264
2023-03-19,Geico,Auto,Liability,145
2023-03-19,Geico,Home,Property,152
2023-03-19,Geico,Home,Renters,233
2023-03-19,Geico,Life,Term,107
2023-03-19,Geico,Life,Whole,284
2023-03-19,StateFarm,Auto,Comprehensive,351
2023-03-19,StateFarm,Auto,Liability,126
2023-03-19,StateFarm,Home,Property,134
2023-03-19,StateFarm,Home,Renters,138
2023-03-19,StateFarm,Life,Term,63
2023-03-19,StateFarm,Life,Whole,277
2023-03-19,Allstate,Auto,Comprehensive,176
2023-03-19,Allstate,Auto,Liability,207
2023-03-19,Allstate,Home,Property,274
2023-03-19,Allstate,Home,Renters,207
2023-03-19,Allstate,Life,Term,117
2023-03-19,Allstate,Life,Whole,151
2023-03-20,Geico,Auto,Comprehensive,239
2023-03-20,Geico,Auto,Liability,107
2023-03-20,Geico,Home,Property,253
2023-03-20,Geico,Home,Renters,103
2023-03-20,Geico,Life,Term,213
2023-03-20,Geico,Life,Whole,283
2023-03-20,StateFarm,Auto,Comprehensive,121
2023-03-20,StateFarm,Auto,Liability,261
2023-03-20,StateFarm,Home,Property,119
2023-03-20,StateFarm,Home,Renters,217
2023-03-20,StateFarm,Life,Term,223
2023-03-20,StateFarm,Life,Whole,66
2023-03-20,Allstate,Auto,Comprehensive,288
2023-03-20,Allstate,Auto,Liability,255
2023-03-20,Allstate,Home,Property,83
2023-03-20,Allstate,Home,Renters,196
2023-03-20,Allstate,Life,Term,93
2023-03-20,Allstate,Life,Whole,222
2023-03-21,Geico,Auto,Comprehensive,275
2023-03-21,Geico,Auto,Liability,296
2023-03-21,Geico,Home,Property,279
2023-03-21,Geico,Home,Renters,125
2023-03-21,Geico,Life,Term,125
2023-03-21,Geico,Life,Whole,184
2023-03-21,StateFarm,Auto,Comprehensive,333
2023-03-21,StateFarm,Auto,Liability,190
2023-03-21,StateFarm,Home,Property,288
2023-03-21,StateFarm,Home,Renters,121
2023-03-21,StateFarm,Life,Term,230
2023-03-21,StateFarm,Life,Whole,206
2023-03-21,Allstate,Auto,Comprehensive,218
2023-03-21,Allstate,Auto,Liability,173
2023-03-21,Allstate,Home,Property,225
2023-03-21,Allstate,Home,Renters,286
2023-03-21,Allstate,Life,Term,133
2023-03-21,Allstate,Life,Whole,106
2023-03-22,Geico,Auto,Comprehensive,218
2023-03-22,Geico,Auto,Liability,240
2023-03-22,Geico,Home,Property,111
2023-03-22,Geico,Home,Renters,244
2023-03-22,Geico,Life,Term,174
2023-03-22,Geico,Life,Whole,107
2023-03-22,StateFarm,Auto,Comprehensive,320
2023-03-22,StateFarm,Auto,Liability,85
2023-03-22,StateFarm,Home,Property,231
2023-03-22,StateFarm,Home,Renters,53
2023-03-22,StateFarm,Life,Term,111
2023-03-22,StateFarm,Life,Whole,241
2023-03-22,Allstate,Auto,Comprehensive,131
2023-03-22,Allstate,Auto,Liability,275
2023-03-22,Allstate,Home,Property,293
2023-03-22,Allstate,Home,Renters,277
2023-03-22,Allstate,Life,Term,299
2023-03-22,Allstate,Life,Whole,104
2023-03-23,Geico,Auto,Comprehensive,183
2023-03-23,Geico,Auto,Liability,236
2023-03-23,Geico,Home,Property,280
2023-03-23,Geico,Home,Renters,142
2023-03-23,Geico,Life,Term,118
2023-03-23,Geico,Life,Whole,133
2023-03-23,StateFarm,Auto,Comprehensive,237
2023-03-23,StateFarm,Auto,Liability,182
2023-03-23,StateFarm,Home,Property,162
2023-03-23,StateFarm,Home,Renters,105
2023-03-23,StateFarm,Life,Term,264
2023-03-23,StateFarm,Life,Whole,248
2023-03-23,Allstate,Auto,Comprehensive,270
2023-03-23,Allstate,Auto,Liability,134
2023-03-23,Allstate,Home,Property,219
2023-03-23,Allstate,Home,Renters,67
2023-03-23,Allstate,Life,Term,229
2023-03-23,Allstate,Life,Whole,220
2023-03-24,Geico,Auto,Comprehensive,190
2023-03-24,Geico,Auto,Liability,161
2023-03-24,Geico,Home,Property,77
2023-03-24,Geico,Home,Renters,241
2023-03-24,Geico,Life,Term,214
2023-03-24,Geico,Life,Whole,252
2023-03-24,StateFarm,Auto,Comprehensive,97
2023-03-24,StateFarm,Auto,Liability,169
2023-03-24,StateFarm,Home,Property,299
2023-03-24,StateFarm,Home,Renters,281
2023-03-24,StateFarm,Life,Term,219
2023-03-24,StateFarm,Life,Whole,83
2023-03-24,Allstate,Auto,Comprehensive,308
2023-03-24,Allstate,Auto,Liability,130
2023-03-24,Allstate,Home,Property,121
2023-03-24,Allstate,Home,Renters,277
2023-03-24,Allstate,Life,Term,254
2023-03-24,Allstate,Life,Whole,143
2023-03-25,Geico,Auto,Comprehensive,330
2023-03-25,Geico,Auto,Liability,150
2023-03-25,Geico,Home,Property,208
2023-03-25,Geico,Home,Renters,277
2023-03-25,Geico,Life,Term,256
2023-03-25,Geico,Life,Whole,231
2023-03-25,StateFarm,Auto,Comprehensive,368
2023-03-25,StateFarm,Auto,Liability,304
2023-03-25,StateFarm,Home,Property,272
2023-03-25,StateFarm,Home,Renters,110
2023-03-25,StateFarm,Life,Term,144
2023-03-25,StateFarm,Life,Whole,98
2023-03-25,Allstate,Auto,Comprehensive,216
2023-03-25,Allstate,Auto,Liability,252
2023-03-25,Allstate,Home,Property,174
2023-03-25,Allstate,Home,Renters,188
2023-03-25,Allstate,Life,Term,298
2023-03-25,Allstate,Life,Whole,289
2023-03-26,Geico,Auto,Comprehensive,147
2023-03-26,Geico,Auto,Liability,176
2023-03-26,Geico,Home,Property,154
2023-03-26,Geico,Home,Renters,273
2023-03-26,Geico,Life,Term,261
2023-03-26,Geico,Life,Whole,131
2023-03-26,StateFarm,Auto,Comprehensive,155
2023-03-26,StateFarm,Auto,Liability,165
2023-03-26,StateFarm,Home,Property,299
2023-03-26,StateFarm,Home,Renters,217
2023-03-26,StateFarm,Life,Term,72
2023-03-26,StateFarm,Life,Whole,56
2023-03-26,Allstate,Auto,Comprehensive,334
2023-03-26,Allstate,Auto,Liability,213
2023-03-26,Allstate,Home,Property,165
2023-03-26,Allstate,Home,Renters,78
2023-03-26,Allstate,Life,Term,67
2023-03-26,Allstate,Life,Whole,195
2023-03-27,Geico,Auto,Comprehensive,171
2023-03-27,Geico,Auto,Liability,335
2023-03-27,Geico,Home,Property,98
2023-03-27,Geico,Home,Renters,186
2023-03-27,Geico,Life,Term,295
2023-03-27,Geico,Life,Whole,283
2023-03-27,StateFarm,Auto,Comprehensive,160
2023-03-27,StateFarm,Auto,Liability,161
2023-03-27,StateFarm,Home,Property,235
2023-03-27,StateFarm,Home,Renters,229
2023-03-27,StateFarm,Life,Term,114
2023-03-27,StateFarm,Life,Whole,131
2023-03-27,Allstate,Auto,Comprehensive,303
2023-03-27,Allstate,Auto,Liability,238
2023-03-27,Allstate,Home,Property,104
2023-03-27,Allstate,Home,Renters,269
2023-03-27,Allstate,Life,Term,118
2023-03-27,Allstate,Life,Whole,108
2023-03-28,Geico,Auto,Comprehensive,308
2023-03-28,Geico,Auto,Liability,212
2023-03-28,Geico,Home,Property,217
2023-03-28,Geico,Home,Renters,216
2023-03-28,Geico,Life,Term,90
2023-03-28,Geico,Life,Whole,53
2023-03-28,StateFarm,Auto,Comprehensive,121
2023-03-28,StateFarm,Auto,Liability,281
2023-03-28,StateFarm,Home,Property,210
2023-03-28,StateFarm,Home,Renters,161
2023-03-28,StateFarm,Life,Term,282
2023-03-28,StateFarm,Life,Whole,87
2023-03-28,Allstate,Auto,Comprehensive,310
2023-03-28,Allstate,Auto,Liability,188
2023-03-28,Allstate,Home,Property,287
2023-03-28,Allstate,Home,Renters,73
2023-03-28,Allstate,Life,Term,68
2023-03-28,Allstate,Life,Whole,101
2023-03-29,Geico,Auto,Comprehensive,176
2023-03-29,Geico,Auto,Liability,128
2023-03-29,Geico,Home,Property,252
2023-03-29,Geico,Home,Renters,227
2023-03-29,Geico,Life,Term,133
2023-03-29,Geico,Life,Whole,229
2023-03-29,StateFarm,Auto,Comprehensive,152
2023-03-29,StateFarm,Auto,Liability,236
2023-03-29,StateFarm,Home,Property,140
2023-03-29,StateFarm,Home,Renters,194
2023-03-29,StateFarm,Life,Term,263
2023-03-29,StateFarm,Life,Whole,166
2023-03-29,Allstate,Auto,Comprehensive,256
2023-03-29,Allstate,Auto,Liability,140
2023-03-29,Allstate,Home,Property,232
2023-03-29,Allstate,Home,Renters,278
2023-03-29,Allstate,Life,Term,275
2023-03-29,Allstate,Life,Whole,112
2023-03-30,Geico,Auto,Comprehensive,174
2023-03-30,Geico,Auto,Liability,294
2023-03-30,Geico,Home,Property,154
2023-03-30,Geico,Home,Renters,105
2023-03-30,Geico,Life,Term,210
2023-03-30,Geico,Life,Whole,241
2023-03-30,StateFarm,Auto,Comprehensive,254
2023-03-30,StateFarm,Auto,Liability,290
2023-03-30,StateFarm,Home,Property,64
2023-03-30,StateFarm,Home,Renters,272
2023-03-30,StateFarm,Life,Term,273
2023-03-30,StateFarm,Life,Whole,235
2023-03-30,Allstate,Auto,Comprehensive,188
2023-03-30,Allstate,Auto,Liability,118
2023-03-30,Allstate,Home,Property,233
2023-03-30,Allstate,Home,Renters,69
2023-03-30,Allstate,Life,Term,58
2023-03-30,Allstate,Life,Whole,246
2023-03-31,Geico,Auto,Comprehensive,244
2023-03-31,Geico,Auto,Liability,173
2023-03-31,Geico,Home,Property,80
2023-03-31,Geico,Home,Renters,95
2023-03-31,Geico,Life,Term,135
2023-03-31,Geico,Life,Whole,285
2023-03-31,StateFarm,Auto,Comprehensive,232
2023-03-31,StateFarm,Auto,Liability,295
2023-03-31,StateFarm,Home,Property,224
2023-03-31,StateFarm,Home,Renters,192
2023-03-31,StateFarm,Life,Term,186
2023-03-31,StateFarm,Life,Whole,214
2023-03-31,Allstate,Auto,Comprehensive,327
2023-03-31,Allstate,Auto,Liability,269
2023-03-31,Allstate,Home,Property,197
2023-03-31,Allstate,Home,Renters,206
2023-03-31,Allstate,Life,Term,261
2023-03-31,Allstate,Life,Whole,294
2023-04-01,Geico,Auto,Comprehensive,351
2023-04-01,Geico,Auto,Liability,164
2023-04-01,Geico,Home,Property,189
2023-04-01,Geico,Home,Renters,211
2023-04-01,Geico,Life,Term,174
2023-04-01,Geico,Life,Whole,108
2023-04-01,StateFarm,Auto,Comprehensive,327
2023-04-01,StateFarm,Auto,Liability,319
2023-04-01,StateFarm,Home,Property,295
2023-04-01,StateFarm,Home,Renters,296
2023-04-01,StateFarm,Life,Term,259
2023-04-01,StateFarm,Life,Whole,121
2023-04-01,Allstate,Auto,Comprehensive,124
2023-04-01,Allstate,Auto,Liability,237
2023-04-01,Allstate,Home,Property,94
2023-04-01,Allstate,Home,Renters,205
2023-04-01,Allstate,Life,Term,203
2023-04-01,Allstate,Life,Whole,89
2023-04-02,Geico,Auto,Comprehensive,281
2023-04-02,Geico,Auto,Liability,170
2023-04-02,Geico,Home,Property,137
2023-04-02,Geico,Home,Renters,222
2023-04-02,Geico,Life,Term,154
2023-04-02,Geico,Life,Whole,120
2023-04-02,StateFarm,Auto,Comprehensive,205
2023-04-02,StateFarm,Auto,Liability,188
2023-04-02,StateFarm,Home,Property,198
2023-04-02,StateFarm,Home,Renters,56
2023-04-02,StateFarm,Life,Term,120
2023-04-02,StateFarm,Life,Whole,253
2023-04-02,Allstate,Auto,Comprehensive,123
2023-04-02,Allstate,Auto,Liability,240
2023-04-02,Allstate,Home,Property,97
2023-04-02,Allstate,Home,Renters,195
2023-04-02,Allstate,Life,Term,209
2023-04-02,Allstate,Life,Whole,172
2023-04-03,Geico,Auto,Comprehensive,215
2023-04-03,Geico,Auto,Liability,159
2023-04-03,Geico,Home,Property,109
2023-04-03,Geico,Home,Renters,288
2023-04-03,Geico,Life,Term,162
2023-04-03,Geico,Life,Whole,225
2023-04-03,StateFarm,Auto,Comprehensive,124
2023-04-03,StateFarm,Auto,Liability,270
2023-04-03,StateFarm,Home,Property,272
2023-04-03,StateFarm,Home,Renters,89
2023-04-03,StateFarm,Life,Term,254
2023-04-03,StateFarm,Life,Whole,174
2023-04-03,Allstate,Auto,Comprehensive,292
2023-04-03,Allstate,Auto,Liability,249
2023-04-03,Allstate,Home,Property,83
2023-04-03,Allstate,Home,Renters,73
2023-04-03,Allstate,Life,Term,245
2023-04-03,Allstate,Life,Whole,84
2023-04-04,Geico,Auto,Comprehensive,159
2023-04-04,Geico,Auto,Liability,104
2023-04-04,Geico,Home,Property,289
2023-04-04,Geico,Home,Renters,261
2023-04-04,Geico,Life,Term,148
2023-04-04,Geico,Life,Whole,53
2023-04-04,StateFarm,Auto,Comprehensive,190
2023-04-04,StateFarm,Auto,Liability,119
2023-04-04,StateFarm,Home,Property,221
2023-04-04,StateFarm,Home,Renters,199
2023-04-04,StateFarm,Life,Term,56
2023-04-04,StateFarm,Life,Whole,139
2023-04-04,Allstate,Auto,Comprehensive,145
2023-04-04,Allstate,Auto,Liability,200
2023-04-04,Allstate,Home,Property,65
2023-04-04,Allstate,Home,Renters,137
2023-04-04,Allstate,Life,Term,154
2023-04-04,Allstate,Life,Whole,86
2023-04-05,Geico,Auto,Comprehensive,204
2023-04-05,Geico,Auto,Liability,326
2023-04-05,Geico,Home,Property,265
2023-04-05,Geico,Home,Renters,141
2023-04-05,Geico,Life,Term,212
2023-04-05,Geico,Life,Whole,292
2023-04-05,StateFarm,Auto,Comprehensive,233
2023-04-05,StateFarm,Auto,Liability,329
2023-04-05,StateFarm,Home,Property,298
2023-04-05,StateFarm,Home,Renters,242
2023-04-05,StateFarm,Life,Term,195
2023-04-05,StateFarm,Life,Whole,124
2023-04-05,Allstate,Auto,Comprehensive,313
2023-04-05,Allstate,Auto,Liability,236
2023-04-05,Allstate,Home,Property,264
2023-04-05,Allstate,Home,Renters,255
2023-04-05,Allstate,Life,Term,132
2023-04-05,Allstate,Life,Whole,255
2023-04-06,Geico,Auto,Comprehensive,277
2023-04-06,Geico,Auto,Liability,344
2023-04-06,Geico,Home,Property,143
2023-04-06,Geico,Home,Renters,184
2023-04-06,Geico,Life,Term,105
2023-04-06,Geico,Life,Whole,193
2023-04-06,StateFarm,Auto,Comprehensive,231
2023-04-06,StateFarm,Auto,Liability,208
2023-04-06,StateFarm,Home,Property,68
2023-04-06,StateFarm,Home,Renters,268
2023-04-06,StateFarm,Life,Term,195
2023-04-06,StateFarm,Life,Whole,291
2023-04-06,Allstate,Auto,Comprehensive,138
2023-04-06,Allstate,Auto,Liability,284
2023-04-06,Allstate,Home,Property,60
2023-04-06,Allstate,Home,Renters,198
2023-04-06,Allstate,Life,Term,228
2023-04-06,Allstate,Life,Whole,230
2023-04-07,Geico,Auto,Comprehensive,234
2023-04-07,Geico,Auto,Liability,135
2023-04-07,Geico,Home,Property,127
2023-04-07,Geico,Home,Renters,270
2023-04-07,Geico,Life,Term,224
2023-04-07,Geico,Life,Whole,92
2023-04-07,StateFarm,Auto,Comprehensive,339
2023-04-07,StateFarm,Auto,Liability,324
2023-04-07,StateFarm,Home,Property,227
2023-04-07,StateFarm,Home,Renters,262
2023-04-07,StateFarm,Life,Term,275
2023-04-07,StateFarm,Life,Whole,209
2023-04-07,Allstate,Auto,Comprehensive,318
2023-04-07,Allstate,Auto,Liability,311
2023-04-07,Allstate,Home,Property,52
2023-04-07,Allstate,Home,Renters,249
2023-04-07,Allstate,Life,Term,180
2023-04-07,Allstate,Life,Whole,254
2023-04-08,Geico,Auto,Comprehensive,209
2023-04-08,Geico,Auto,Liability,310
2023-04-08,Geico,Home,Property,178
2023-04-08,Geico,Home,Renters,184
2023-04-08,Geico,Life,Term,74
2023-04-08,Geico,Life,Whole,263
2023-04-08,StateFarm,Auto,Comprehensive,347
2023-04-08,StateFarm,Auto,Liability,196
2023-04-08,StateFarm,Home,Property,197
2023-04-08,StateFarm,Home,Renters,292
2023-04-08,StateFarm,Life,Term,191
2023-04-08,StateFarm,Life,Whole,294
2023-04-08,Allstate,Auto,Comprehensive,145
2023-04-08,Allstate,Auto,Liability,207
2023-04-08,Allstate,Home,Property,171
2023-04-08,Allstate,Home,Renters,126
2023-04-08,Allstate,Life,Term,285
2023-04-08,Allstate,Life,Whole,91
2023-04-09,Geico,Auto,Comprehensive,326
2023-04-09,Geico,Auto,Liability,115
2023-04-09,Geico,Home,Property,266
2023-04-09,Geico,Home,Renters,126
2023-04-09,Geico,Life,Term,60
2023-04-09,Geico,Life,Whole,221
2023-04-09,StateFarm,Auto,Comprehensive,306
2023-04-09,StateFarm,Auto,Liability,203
2023-04-09,StateFarm,Home,Property,225
2023-04-09,StateFarm,Home,Renters,225
2023-04-09,StateFarm,Life,Term,134
2023-04-09,StateFarm,Life,Whole,157
2023-04-09,Allstate,Auto,Comprehensive,219
2023-04-09,Allstate,Auto,Liability,207
2023-04-09,Allstate,Home,Property,215
2023-04-09,Allstate,Home,Renters,60
2023-04-09,Allstate,Life,Term,186
2023-04-09,Allstate,Life,Whole,161
2023-04-10,Geico,Auto,Comprehensive,90
2023-04-10,Geico,Auto,Liability,257
2023-04-10,Geico,Home,Property,103
2023-04-10,Geico,Home,Renters,297
2023-04-10,Geico,Life,Term,107
2023-04-10,Geico,Life,Whole,58
2023-04-10,StateFarm,Auto,Comprehensive,325
2023-04-10,StateFarm,Auto,Liability,189
2023-04-10,StateFarm,Home,Property,68
2023-04-10,StateFarm,Home,Renters,177
2023-04-10,StateFarm,Life,Term,146
2023-04-10,StateFarm,Life,Whole,221
2023-04-10,Allstate,Auto,Comprehensive,224
2023-04-10,Allstate,Auto,Liability,156
2023-04-10,Allstate,Home,Property,283
2023-04-10,Allstate,Home,Renters,51
2023-04-10,Allstate,Life,Term,184
2023-04-10,Allstate,Life,Whole,104
2023-04-11,Geico,Auto,Comprehensive,216
2023-04-11,Geico,Auto,Liability,203
2023-04-11,Geico,Home,Property,69
2023-04-11,Geico,Home,Renters,240
2023-04-11,Geico,Life,Term,178
2023-04-11,Geico,Life,Whole,103
2023-04-11,StateFarm,Auto,Comprehensive,204
2023-04-11,StateFarm,Auto,Liability,228
2023-04-11,StateFarm,Home,Property,61
2023-04-11,StateFarm,Home,Renters,128
2023-04-11,StateFarm,Life,Term,203
2023-04-11,StateFarm,Life,Whole,251
2023-04-11,Allstate,Auto,Comprehensive,363
2023-04-11,Allstate,Auto,Liability,281
2023-04-11,Allstate,Home,Property,204
2023-04-11,Allstate,Home,Renters,82
2023-04-11,Allstate,Life,Term,278
2023-04-11,Allstate,Life,Whole,136
2023-04-12,Geico,Auto,Comprehensive,235
2023-04-12,Geico,Auto,Liability,113
2023-04-12,Geico,Home,Property,111
2023-04-12,Geico,Home,Renters,184
2023-04-12,Geico,Life,Term,184
2023-04-12,Geico,Life,Whole,60
2023-04-12,StateFarm,Auto,Comprehensive,246
2023-04-12,StateFarm,Auto,Liability,222
2023-04-12,StateFarm,Home,Property,273
2023-04-12,StateFarm,Home,Renters,139
2023-04-12,StateFarm,Life,Term,192
2023-04-12,StateFarm,Life,Whole,80
2023-04-12,Allstate,Auto,Comprehensive,192
2023-04-12,Allstate,Auto,Liability,188
2023-04-12,Allstate,Home,Property,254
2023-04-12,Allstate,Home,Renters,234
2023-04-12,Allstate,Life,Term,235
2023-04-12,Allstate,Life,Whole,71
2023-04-13,Geico,Auto,Comprehensive,172
2023-04-13,Geico,Auto,Liability,326
2023-04-13,Geico,Home,Property,261
2023-04-13,Geico,Home,Renters,81
2023-04-13,Geico,Life,Term,158
2023-04-13,Geico,Life,Whole,133
2023-04-13,StateFarm,Auto,Comprehensive,155
2023-04-13,StateFarm,Auto,Liability,368
2023-04-13,StateFarm,Home,Property,69
2023-04-13,StateFarm,Home,Renters,256
2023-04-13,StateFarm,Life,Term,113
2023-04-13,StateFarm,Life,Whole,134
2023-04-13,Allstate,Auto,Comprehensive,243
2023-04-13,Allstate,Auto,Liability,116
2023-04-13,Allstate,Home,Property,148
2023-04-13,Allstate,Home,Renters,218
2023-04-13,Allstate,Life,Term,138
2023-04-13,Allstate,Life,Whole,181
2023-04-14,Geico,Auto,Comprehensive,129
2023-04-14,Geico,Auto,Liability,123
2023-04-14,Geico,Home,Property,81
2023-04-14,Geico,Home,Renters,250
2023-04-14,Geico,Life,Term,171
2023-04-14,Geico,Life,Whole,245
2023-04-14,StateFarm,Auto,Comprehensive,172
2023-04-14,StateFarm,Auto,Liability,222
2023-04-14,StateFarm,Home,Property,246
2023-04-14,StateFarm,Home,Renters,234
2023-04-14,StateFarm,Life,Term,256
2023-04-14,StateFarm,Life,Whole,241
2023-04-14,Allstate,Auto,Comprehensive,155
2023-04-14,Allstate,Auto,Liability,358
2023-04-14,Allstate,Home,Property,232
2023-04-14,Allstate,Home,Renters,52
2023-04-14,Allstate,Life,Term,174
2023-04-14,Allstate,Life,Whole,273
2023-04-15,Geico,Auto,Comprehensive,328
2023-04-15,Geico,Auto,Liability,227
2023-04-15,Geico,Home,Property,136
2023-04-15,Geico,Home,Renters,156
2023-04-15,Geico,Life,Term,253
2023-04-15,Geico,Life,Whole,73
2023-04-15,StateFarm,Auto,Comprehensive,167
2023-04-15,StateFarm,Auto,Liability,317
2023-04-15,StateFarm,Home,Property,68
2023-04-15,StateFarm,Home,Renters,157
2023-04-15,StateFarm,Life,Term,98
2023-04-15,StateFarm,Life,Whole,153
2023-04-15,Allstate,Auto,Comprehensive,184
2023-04-15,Allstate,Auto,Liability,320
2023-04-15,Allstate,Home,Property,98
2023-04-15,Allstate,Home,Renters,79
2023-04-15,Allstate,Life,Term,151
2023-04-15,Allstate,Life,Whole,293
2023-04-16,Geico,Auto,Comprehensive,206
2023-04-16,Geico,Auto,Liability,204
2023-04-16,Geico,Home,Property,82
2023-04-16,Geico,Home,Renters,284
2023-04-16,Geico,Life,Term,131
2023-04-16,Geico,Life,Whole,173
2023-04-16,StateFarm,Auto,Comprehensive,158
2023-04-16,StateFarm,Auto,Liability,334
2023-04-16,StateFarm,Home,Property,261
2023-04-16,StateFarm,Home,Renters,294
2023-04-16,StateFarm,Life,Term,50
2023-04-16,StateFarm,Life,Whole,112
2023-04-16,Allstate,Auto,Comprehensive,326
2023-04-16,Allstate,Auto,Liability,130
2023-04-16,Allstate,Home,Property,83
2023-04-16,Allstate,Home,Renters,159
2023-04-16,Allstate,Life,Term,82
2023-04-16,Allstate,Life,Whole,83
2023-04-17,Geico,Auto,Comprehensive,135
2023-04-17,Geico,Auto,Liability,192
2023-04-17,Geico,Home,Property,278
2023-04-17,Geico,Home,Renters,144
2023-04-17,Geico,Life,Term,76
2023-04-17,Geico,Life,Whole,258
2023-04-17,StateFarm,Auto,Comprehensive,307
2023-04-17,StateFarm,Auto,Liability,123
2023-04-17,StateFarm,Home,Property,239
2023-04-17,StateFarm,Home,Renters,161
2023-04-17,StateFarm,Life,Term,129
2023-04-17,StateFarm,Life,Whole,166
2023-04-17,Allstate,Auto,Comprehensive,281
2023-04-17,Allstate,Auto,Liability,156
2023-04-17,Allstate,Home,Property,142
2023-04-17,Allstate,Home,Renters,232
2023-04-17,Allstate,Life,Term,295
2023-04-17,Allstate,Life,Whole,203
2023-04-18,Geico,Auto,Comprehensive,346
2023-04-18,Geico,Auto,Liability,353
2023-04-18,Geico,Home,Property,132
2023-04-18,Geico,Home,Renters,174
2023-04-18,Geico,Life,Term,82
2023-04-18,Geico,Life,Whole,73
2023-04-18,StateFarm,Auto,Comprehensive,168
2023-04-18,StateFarm,Auto,Liability,92
2023-04-18,StateFarm,Home,Property,151
2023-04-18,StateFarm,Home,Renters,154
2023-04-18,StateFarm,Life,Term,124
2023-04-18,StateFarm,Life,Whole,111
2023-04-18,Allstate,Auto,Comprehensive,267
2023-04-18,Allstate,Auto,Liability,326
2023-04-18,Allstate,Home,Property,188
2023-04-18,Allstate,Home,Renters,207
2023-04-18,Allstate,Life,Term,192
2023-04-18,Allstate,Life,Whole,162
2023-04-19,Geico,Auto,Comprehensive,226
2023-04-19,Geico,Auto,Liability,262
2023-04-19,Geico,Home,Property,100
2023-04-19,Geico,Home,Renters,176
2023-04-19,Geico,Life,Term,204
2023-04-19,Geico,Life,Whole,203
2023-04-19,StateFarm,Auto,Comprehensive,267
2023-04-19,StateFarm,Auto,Liability,259
2023-04-19,StateFarm,Home,Property,118
2023-04-19,StateFarm,Home,Renters,292
2023-04-19,StateFarm,Life,Term,255
2023-04-19,StateFarm,Life,Whole,211
2023-04-19,Allstate,Auto,Comprehensive,344
2023-04-19,Allstate,Auto,Liability,276
2023-04-19,Allstate,Home,Property,267
2023-04-19,Allstate,Home,Renters,103
2023-04-19,Allstate,Life,Term,140
2023-04-19,Allstate,Life,Whole,98
2023-04-20,Geico,Auto,Comprehensive,94
2023-04-20,Geico,Auto,Liability,104
2023-04-20,Geico,Home,Property,146
2023-04-20,Geico,Home,Renters,221
2023-04-20,Geico,Life,Term,287
2023-04-20,Geico,Life,Whole,201
2023-04-20,StateFarm,Auto,Comprehensive,268
2023-04-20,StateFarm,Auto,Liability,305
2023-04-20,StateFarm,Home,Property,260
2023-04-20,StateFarm,Home,Renters,136
2023-04-20,StateFarm,Life,Term,89
2023-04-20,StateFarm,Life,Whole,232
2023-04-20,Allstate,Auto,Comprehensive,177
2023-04-20,Allstate,Auto,Liability,209
2023-04-20,Allstate,Home,Property,60
2023-04-20,Allstate,Home,Renters,203
2023-04-20,Allstate,Life,Term,70
2023-04-20,Allstate,Life,Whole,151
2023-04-21,Geico,Auto,Comprehensive,296
2023-04-21,Geico,Auto,Liability,234
2023-04-21,Geico,Home,Property,217
2023-04-21,Geico,Home,Renters,82
2023-04-21,Geico,Life,Term,93
2023-04-21,Geico,Life,Whole,70
2023-04-21,StateFarm,Auto,Comprehensive,195
2023-04-21,StateFarm,Auto,Liability,175
2023-04-21,StateFarm,Home,Property,154
2023-04-21,StateFarm,Home,Renters,146
2023-04-21,StateFarm,Life,Term,103
2023-04-21,StateFarm,Life,Whole,68
2023-04-21,Allstate,Auto,Comprehensive,321
2023-04-21,Allstate,Auto,Liability,204
2023-04-21,Allstate,Home,Property,119
2023-04-21,Allstate,Home,Renters,211
2023-04-21,Allstate,Life,Term,287
2023-04-21,Allstate,Life,Whole,176
2023-04-22,Geico,Auto,Comprehensive,138
2023-04-22,Geico,Auto,Liability,302
2023-04-22,Geico,Home,Property,193
2023-04-22,Geico,Home,Renters,195
2023-04-22,Geico,Life,Term,251
2023-04-22,Geico,Life,Whole,124
2023-04-22,StateFarm,Auto,Comprehensive,203
2023-04-22,StateFarm,Auto,Liability,248
2023-04-22,StateFarm,Home,Property,242
2023-04-22,StateFarm,Home,Renters,118
2023-04-22,StateFarm,Life,Term,74
2023-04-22,StateFarm,Life,Whole,292
2023-04-22,Allstate,Auto,Comprehensive,162
2023-04-22,Allstate,Auto,Liability,134
2023-04-22,Allstate,Home,Property,208
2023-04-22,Allstate,Home,Renters,134
2023-04-22,Allstate,Life,Term,126
2023-04-22,Allstate,Life,Whole,234
2023-04-23,Geico,Auto,Comprehensive,191
2023-04-23,Geico,Auto,Liability,316
2023-04-23,Geico,Home,Property,98
2023-04-23,Geico,Home,Renters,179
2023-04-23,Geico,Life,Term,86
2023-04-23,Geico,Life,Whole,148
2023-04-23,StateFarm,Auto,Comprehensive,222
2023-04-23,StateFarm,Auto,Liability,111
2023-04-23,StateFarm,Home,Property,269
2023-04-23,StateFarm,Home,Renters,280
2023-04-23,StateFarm,Life,Term,194
2023-04-23,StateFarm,Life,Whole,255
2023-04-23,Allstate,Auto,Comprehensive,188
2023-04-23,Allstate,Auto,Liability,102
2023-04-23,Allstate,Home,Property,56
2023-04-23,Allstate,Home,Renters,69
2023-04-23,Allstate,Life,Term,125
2023-04-23,Allstate,Life,Whole,285
2023-04-24,Geico,Auto,Comprehensive,285
2023-04-24,Geico,Auto,Liability,214
2023-04-24,Geico,Home,Property,160
2023-04-24,Geico,Home,Renters,218
2023-04-24,Geico,Life,Term,292
2023-04-24,Geico,Life,Whole,160
2023-04-24,StateFarm,Auto,Comprehensive,322
2023-04-24,StateFarm,Auto,Liability,174
2023-04-24,StateFarm,Home,Property,287
2023-04-24,StateFarm,Home,Renters,140
2023-04-24,StateFarm,Life,Term,246
2023-04-24,StateFarm,Life,Whole,95
2023-04-24,Allstate,Auto,Comprehensive,330
2023-04-24,Allstate,Auto,Liability,72
2023-04-24,Allstate,Home,Property,204
2023-04-24,Allstate,Home,Renters,68
2023-04-24,Allstate,Life,Term,228
2023-04-24,Allstate,Life,Whole,153
2023-04-25,Geico,Auto,Comprehensive,313
2023-04-25,Geico,Auto,Liability,172
2023-04-25,Geico,Home,Property,149
2023-04-25,Geico,Home,Renters,171
2023-04-25,Geico,Life,Term,221
2023-04-25,Geico,Life,Whole,76
2023-04-25,StateFarm,Auto,Comprehensive,131
2023-04-25,StateFarm,Auto,Liability,192
2023-04-25,StateFarm,Home,Property,275
2023-04-25,StateFarm,Home,Renters,175
2023-04-25,StateFarm,Life,Term,272
2023-04-25,StateFarm,Life,Whole,184
2023-04-25,Allstate,Auto,Comprehensive,266
2023-04-25,Allstate,Auto,Liability,96
2023-04-25,Allstate,Home,Property,248
2023-04-25,Allstate,Home,Renters,53
2023-04-25,Allstate,Life,Term,294
2023-04-25,Allstate,Life,Whole,139
2023-04-26,Geico,Auto,Comprehensive,208
2023-04-26,Geico,Auto,Liability,258
2023-04-26,Geico,Home,Property,222
2023-04-26,Geico,Home,Renters,246
2023-04-26,Geico,Life,Term,73
2023-04-26,Geico,Life,Whole,127
2023-04-26,StateFarm,Auto,Comprehensive,359
2023-04-26,StateFarm,Auto,Liability,132
2023-04-26,StateFarm,Home,Property,236
2023-04-26,StateFarm,Home,Renters,230
2023-04-26,StateFarm,Life,Term,115
2023-04-26,StateFarm,Life,Whole,130
2023-04-26,Allstate,Auto,Comprehensive,319
2023-04-26,Allstate,Auto,Liability,213
2023-04-26,Allstate,Home,Property,139
2023-04-26,Allstate,Home,Renters,272
2023-04-26,Allstate,Life,Term,131
2023-04-26,Allstate,Life,Whole,151
2023-04-27,Geico,Auto,Comprehensive,147
2023-04-27,Geico,Auto,Liability,278
2023-04-27,Geico,Home,Property,122
2023-04-27,Geico,Home,Renters,279
2023-04-27,Geico,Life,Term,64
2023-04-27,Geico,Life,Whole,180
2023-04-27,StateFarm,Auto,Comprehensive,335
2023-04-27,StateFarm,Auto,Liability,235
2023-04-27,StateFarm,Home,Property,118
2023-04-27,StateFarm,Home,Renters,175
2023-04-27,StateFarm,Life,Term,265
2023-04-27,StateFarm,Life,Whole,157
2023-04-27,Allstate,Auto,Comprehensive,148
2023-04-27,Allstate,Auto,Liability,302
2023-04-27,Allstate,Home,Property,128
2023-04-27,Allstate,Home,Renters,256
2023-04-27,Allstate,Life,Term,131
2023-04-27,Allstate,Life,Whole,127
2023-04-28,Geico,Auto,Comprehensive,212
2023-04-28,Geico,Auto,Liability,184
2023-04-28,Geico,Home,Property,259
2023-04-28,Geico,Home,Renters,207
2023-04-28,Geico,Life,Term,186
2023-04-28,Geico,Life,Whole,229
2023-04-28,StateFarm,Auto,Comprehensive,180
2023-04-28,StateFarm,Auto,Liability,78
2023-04-28,StateFarm,Home,Property,108
2023-04-28,StateFarm,Home,Renters,66
2023-04-28,StateFarm,Life,Term,156
2023-04-28,StateFarm,Life,Whole,201
2023-04-28,Allstate,Auto,Comprehensive,308
2023-04-28,Allstate,Auto,Liability,319
2023-04-28,Allstate,Home,Property,138
2023-04-28,Allstate,Home,Renters,273
2023-04-28,Allstate,Life,Term,187
2023-04-28,Allstate,Life,Whole,149
2023-04-29,Geico,Auto,Comprehensive,354
2023-04-29,Geico,Auto,Liability,147
2023-04-29,Geico,Home,Property,142
2023-04-29,Geico,Home,Renters,64
2023-04-29,Geico,Life,Term,78
2023-04-29,Geico,Life,Whole,296
2023-04-29,StateFarm,Auto,Comprehensive,264
2023-04-29,StateFarm,Auto,Liability,172
2023-04-29,StateFarm,Home,Property,150
2023-04-29,StateFarm,Home,Renters,292
2023-04-29,StateFarm,Life,Term,299
2023-04-29,StateFarm,Life,Whole,137
2023-04-29,Allstate,Auto,Comprehensive,334
2023-04-29,Allstate,Auto,Liability,126
2023-04-29,Allstate,Home,Property,214
2023-04-29,Allstate,Home,Renters,51
2023-04-29,Allstate,Life,Term,70
2023-04-29,Allstate,Life,Whole,133
2023-04-30,Geico,Auto,Comprehensive,369
2023-04-30,Geico,Auto,Liability,180
2023-04-30,Geico,Home,Property,272
2023-04-30,Geico,Home,Renters,68
2023-04-30,Geico,Life,Term,274
2023-04-30,Geico,Life,Whole,82
2023-04-30,StateFarm,Auto,Comprehensive,161
2023-04-30,StateFarm,Auto,Liability,295
2023-04-30,StateFarm,Home,Property,112
2023-04-30,StateFarm,Home,Renters,103
2023-04-30,StateFarm,Life,Term,184
2023-04-30,StateFarm,Life,Whole,64
2023-04-30,Allstate,Auto,Comprehensive,274
2023-04-30,Allstate,Auto,Liability,313
2023-04-30,Allstate,Home,Property,284
2023-04-30,Allstate,Home,Renters,51
2023-04-30,Allstate,Life,Term,89
2023-04-30,Allstate,Life,Whole,76
2023-05-01,Geico,Auto,Comprehensive,328
2023-05-01,Geico,Auto,Liability,191
2023-05-01,Geico,Home,Property,116
2023-05-01,Geico,Home,Renters,134
2023-05-01,Geico,Life,Term,59
2023-05-01,Geico,Life,Whole,201
2023-05-01,StateFarm,Auto,Comprehensive,278
2023-05-01,StateFarm,Auto,Liability,125
2023-05-01,StateFarm,Home,Property,270
2023-05-01,StateFarm,Home,Renters,180
2023-05-01,StateFarm,Life,Term,147
2023-05-01,StateFarm,Life,Whole,244
2023-05-01,Allstate,Auto,Comprehensive,120
2023-05-01,Allstate,Auto,Liability,239
2023-05-01,Allstate,Home,Property,74
2023-05-01,Allstate,Home,Renters,168
2023-05-01,Allstate,Life,Term,179
2023-05-01,Allstate,Life,Whole,115
2023-05-02,Geico,Auto,Comprehensive,322
2023-05-02,Geico,Auto,Liability,297
2023-05-02,Geico,Home,Property,284
2023-05-02,Geico,Home,Renters,141
2023-05-02,Geico,Life,Term,111
2023-05-02,Geico,Life,Whole,173
2023-05-02,StateFarm,Auto,Comprehensive,124
2023-05-02,StateFarm,Auto,Liability,150
2023-05-02,StateFarm,Home,Property,277
2023-05-02,StateFarm,Home,Renters,120
2023-05-02,StateFarm,Life,Term,119
2023-05-02,StateFarm,Life,Whole,201
2023-05-02,Allstate,Auto,Comprehensive,344
2023-05-02,Allstate,Auto,Liability,89
2023-05-02,Allstate,Home,Property,152
2023-05-02,Allstate,Home,Renters,65
2023-05-02,Allstate,Life,Term,149
2023-05-02,Allstate,Life,Whole,261
2023-05-03,Geico,Auto,Comprehensive,131
2023-05-03,Geico,Auto,Liability,356
2023-05-03,Geico,Home,Property,288
2023-05-03,Geico,Home,Renters,296
2023-05-03,Geico,Life,Term,52
2023-05-03,Geico,Life,Whole,127
2023-05-03,StateFarm,Auto,Comprehensive,275
2023-05-03,StateFarm,Auto,Liability,272
2023-05-03,StateFarm,Home,Property,265
2023-05-03,StateFarm,Home,Renters,164
2023-05-03,StateFarm,Life,Term,163
2023-05-03,StateFarm,Life,Whole,81
2023-05-03,Allstate,Auto,Comprehensive,87
2023-05-03,Allstate,Auto,Liability,149
2023-05-03,Allstate,Home,Property,224
2023-05-03,Allstate,Home,Renters,111
2023-05-03,Allstate,Life,Term,120
2023-05-03,Allstate,Life,Whole,233
2023-05-04,Geico,Auto,Comprehensive,241
2023-05-04,Geico,Auto,Liability,204
2023-05-04,Geico,Home,Property,51
2023-05-04,Geico,Home,Renters,270
2023-05-04,Geico,Life,Term,170
2023-05-04,Geico,Life,Whole,242
2023-05-04,StateFarm,Auto,Comprehensive,312
2023-05-04,StateFarm,Auto,Liability,295
2023-05-04,StateFarm,Home,Property,179
2023-05-04,StateFarm,Home,Renters,283
2023-05-04,StateFarm,Life,Term,109
2023-05-04,StateFarm,Life,Whole,290
2023-05-04,Allstate,Auto,Comprehensive,89
2023-05-04,Allstate,Auto,Liability,117
2023-05-04,Allstate,Home,Property,272
2023-05-04,Allstate,Home,Renters,194
2023-05-04,Allstate,Life,Term,289
2023-05-04,Allstate,Life,Whole,242
2023-05-05,Geico,Auto,Comprehensive,315
2023-05-05,Geico,Auto,Liability,248
2023-05-05,Geico,Home,Property,80
2023-05-05,Geico,Home,Renters,87
2023-05-05,Geico,Life,Term,74
2023-05-05,Geico,Life,Whole,251
2023-05-05,StateFarm,Auto,Comprehensive,171
2023-05-05,StateFarm,Auto,Liability,154
2023-05-05,StateFarm,Home,Property,208
2023-05-05,StateFarm,Home,Renters,204
2023-05-05,StateFarm,Life,Term,268
2023-05-05,StateFarm,Life,Whole,269
2023-05-05,Allstate,Auto,Comprehensive,297
2023-05-05,Allstate,Auto,Liability,192
2023-05-05,Allstate,Home,Property,268
2023-05-05,Allstate,Home,Renters,148
2023-05-05,Allstate,Life,Term,265
2023-05-05,Allstate,Life,Whole,170
2023-05-06,Geico,Auto,Comprehensive,229
2023-05-06,Geico,Auto,Liability,302
2023-05-06,Geico,Home,Property,136
2023-05-06,Geico,Home,Renters,55
2023-05-06,Geico,Life,Term,261
2023-05-06,Geico,Life,Whole,276
2023-05-06,StateFarm,Auto,Comprehensive,301
2023-05-06,StateFarm,Auto,Liability,84
2023-05-06,StateFarm,Home,Property,169
2023-05-06,StateFarm,Home,Renters,115
2023-05-06,StateFarm,Life,Term,55
2023-05-06,StateFarm,Life,Whole,89
2023-05-06,Allstate,Auto,Comprehensive,269
2023-05-06,Allstate,Auto,Liability,336
2023-05-06,Allstate,Home,Property,194
2023-05-06,Allstate,Home,Renters,80
2023-05-06,Allstate,Life,Term,186
2023-05-06,Allstate,Life,Whole,286
2023-05-07,Geico,Auto,Comprehensive,209
2023-05-07,Geico,Auto,Liability,102
2023-05-07,Geico,Home,Property,157
2023-05-07,Geico,Home,Renters,89
2023-05-07,Geico,Life,Term,145
2023-05-07,Geico,Life,Whole,193
2023-05-07,StateFarm,Auto,Comprehensive,170
2023-05-07,StateFarm,Auto,Liability,260
2023-05-07,StateFarm,Home,Property,283
2023-05-07,StateFarm,Home,Renters,273
2023-05-07,StateFarm,Life,Term,53
2023-05-07,StateFarm,Life,Whole,115
2023-05-07,Allstate,Auto,Comprehensive,305
2023-05-07,Allstate,Auto,Liability,239
2023-05-07,Allstate,Home,Property,272
2023-05-07,Allstate,Home,Renters,226
2023-05-07,Allstate,Life,Term,264
2023-05-07,Allstate,Life,Whole,250
2023-05-08,Geico,Auto,Comprehensive,296
2023-05-08,Geico,Auto,Liability,262
2023-05-08,Geico,Home,Property,139
2023-05-08,Geico,Home,Renters,101
2023-05-08,Geico,Life,Term,102
2023-05-08,Geico,Life,Whole,179
2023-05-08,StateFarm,Auto,Comprehensive,119
2023-05-08,StateFarm,Auto,Liability,217
2023-05-08,StateFarm,Home,Property,60
2023-05-08,StateFarm,Home,Renters,165
2023-05-08,StateFarm,Life,Term,233
2023-05-08,StateFarm,Life,Whole,98
2023-05-08,Allstate,Auto,Comprehensive,173
2023-05-08,Allstate,Auto,Liability,279
2023-05-08,Allstate,Home,Property,137
2023-05-08,Allstate,Home,Renters,271
2023-05-08,Allstate,Life,Term,95
2023-05-08,Allstate,Life,Whole,238
2023-05-09,Geico,Auto,Comprehensive,188
2023-05-09,Geico,Auto,Liability,197
2023-05-09,Geico,Home,Property,183
2023-05-09,Geico,Home,Renters,158
2023-05-09,Geico,Life,Term,231
2023-05-09,Geico,Life,Whole,207
2023-05-09,StateFarm,Auto,Comprehensive,161
2023-05-09,StateFarm,Auto,Liability,126
2023-05-09,StateFarm,Home,Property,119
2023-05-09,StateFarm,Home,Renters,149
2023-05-09,StateFarm,Life,Term,280
2023-05-09,StateFarm,Life,Whole,163
2023-05-09,Allstate,Auto,Comprehensive,199
2023-05-09,Allstate,Auto,Liability,224
2023-05-09,Allstate,Home,Property,213
2023-05-09,Allstate,Home,Renters,68
2023-05-09,Allstate,Life,Term,203
2023-05-09,Allstate,Life,Whole,259
2023-05-10,Geico,Auto,Comprehensive,317
2023-05-10,Geico,Auto,Liability,307
2023-05-10,Geico,Home,Property,201
2023-05-10,Geico,Home,Renters,115
2023-05-10,Geico,Life,Term,166
2023-05-10,Geico,Life,Whole,88
2023-05-10,StateFarm,Auto,Comprehensive,318
2023-05-10,StateFarm,Auto,Liability,259
2023-05-10,StateFarm,Home,Property,209
2023-05-10,StateFarm,Home,Renters,265
2023-05-10,StateFarm,Life,Term,140
2023-05-10,StateFarm,Life,Whole,232
2023-05-10,Allstate,Auto,Comprehensive,118
2023-05-10,Allstate,Auto,Liability,235
2023-05-10,Allstate,Home,Property,50
2023-05-10,Allstate,Home,Renters,256
2023-05-10,Allstate,Life,Term,103
2023-05-10,Allstate,Life,Whole,236
2023-05-11,Geico,Auto,Comprehensive,207
2023-05-11,Geico,Auto,Liability,335
2023-05-11,Geico,Home,Property,222
2023-05-11,Geico,Home,Renters,104
2023-05-11,Geico,Life,Term,268
2023-05-11,Geico,Life,Whole,59
2023-05-11,StateFarm,Auto,Comprehensive,180
2023-05-11,StateFarm,Auto,Liability,230
2023-05-11,StateFarm,Home,Property,125
2023-05-11,StateFarm,Home,Renters,192
2023-05-11,StateFarm,Life,Term,150
2023-05-11,StateFarm,Life,Whole,135
2023-05-11,Allstate,Auto,Comprehensive,329
2023-05-11,Allstate,Auto,Liability,279
2023-05-11,Allstate,Home,Property,114
2023-05-11,Allstate,Home,Renters,97
2023-05-11,Allstate,Life,Term,183
2023-05-11,Allstate,Life,Whole,188
2023-05-12,Geico,Auto,Comprehensive,132
2023-05-12,Geico,Auto,Liability,120
2023-05-12,Geico,Home,Property,109
2023-05-12,Geico,Home,Renters,95
2023-05-12,Geico,Life,Term,184
2023-05-12,Geico,Life,Whole,168
2023-05-12,StateFarm,Auto,Comprehensive,166
2023-05-12,StateFarm,Auto,Liability,326
2023-05-12,StateFarm,Home,Property,50
2023-05-12,StateFarm,Home,Renters,259
2023-05-12,StateFarm,Life,Term,232
2023-05-12,StateFarm,Life,Whole,103
2023-05-12,Allstate,Auto,Comprehensive,195
2023-05-12,Allstate,Auto,Liability,337
2023-05-12,Allstate,Home,Property,226
2023-05-12,Allstate,Home,Renters,201
2023-05-12,Allstate,Life,Term,152
2023-05-12,Allstate,Life,Whole,116
2023-05-13,Geico,Auto,Comprehensive,170
2023-05-13,Geico,Auto,Liability,345
2023-05-13,Geico,Home,Property,119
2023-05-13,Geico,Home,Renters,161
2023-05-13,Geico,Life,Term,270
2023-05-13,Geico,Life,Whole,268
2023-05-13,StateFarm,Auto,Comprehensive,174
2023-05-13,StateFarm,Auto,Liability,333
2023-05-13,StateFarm,Home,Property,231
2023-05-13,StateFarm,Home,Renters,86
2023-05-13,StateFarm,Life,Term,128
2023-05-13,StateFarm,Life,Whole,164
2023-05-13,Allstate,Auto,Comprehensive,147
2023-05-13,Allstate,Auto,Liability,176
2023-05-13,Allstate,Home,Property,147
2023-05-13,Allstate,Home,Renters,278
2023-05-13,Allstate,Life,Term,142
2023-05-13,Allstate,Life,Whole,74
2023-05-14,Geico,Auto,Comprehensive,111
2023-05-14,Geico,Auto,Liability,190
2023-05-14,Geico,Home,Property,165
2023-05-14,Geico,Home,Renters,208
2023-05-14,Geico,Life,Term,292
2023-05-14,Geico,Life,Whole,210
2023-05-14,StateFarm,Auto,Comprehensive,109
2023-05-14,StateFarm,Auto,Liability,325
2023-05-14,StateFarm,Home,Property,184
2023-05-14,StateFarm,Home,Renters,67
2023-05-14,StateFarm,Life,Term,192
2023-05-14,StateFarm,Life,Whole,298
2023-05-14,Allstate,Auto,Comprehensive,269
2023-05-14,Allstate,Auto,Liability,328
2023-05-14,Allstate,Home,Property,91
2023-05-14,Allstate,Home,Renters,221
2023-05-14,Allstate,Life,Term,105
2023-05-14,Allstate,Life,Whole,124
2023-05-15,Geico,Auto,Comprehensive,97
2023-05-15,Geico,Auto,Liability,329
2023-05-15,Geico,Home,Property,74
2023-05-15,Geico,Home,Renters,215
2023-05-15,Geico,Life,Term,113
2023-05-15,Geico,Life,Whole,205
2023-05-15,StateFarm,Auto,Comprehensive,257
2023-05-15,StateFarm,Auto,Liability,136
2023-05-15,StateFarm,Home,Property,188
2023-05-15,StateFarm,Home,Renters,246
2023-05-15,StateFarm,Life,Term,296
2023-05-15,StateFarm,Life,Whole,185
2023-05-15,Allstate,Auto,Comprehensive,260
2023-05-15,Allstate,Auto,Liability,210
2023-05-15,Allstate,Home,Property,134
2023-05-15,Allstate,Home,Renters,106
2023-05-15,Allstate,Life,Term,154
2023-05-15,Allstate,Life,Whole,122
2023-05-16,Geico,Auto,Comprehensive,207
2023-05-16,Geico,Auto,Liability,96
2023-05-16,Geico,Home,Property,289
2023-05-16,Geico,Home,Renters,107
2023-05-16,Geico,Life,Term,166
2023-05-16,Geico,Life,Whole,290
2023-05-16,StateFarm,Auto,Comprehensive,263
2023-05-16,StateFarm,Auto,Liability,181
2023-05-16,StateFarm,Home,Property,239
2023-05-16,StateFarm,Home,Renters,213
2023-05-16,StateFarm,Life,Term,58
2023-05-16,StateFarm,Life,Whole,124
2023-05-16,Allstate,Auto,Comprehensive,135
2023-05-16,Allstate,Auto,Liability,223
2023-05-16,Allstate,Home,Property,56
2023-05-16,Allstate,Home,Renters,93
2023-05-16,Allstate,Life,Term,232
2023-05-16,Allstate,Life,Whole,284
2023-05-17,Geico,Auto,Comprehensive,290
2023-05-17,Geico,Auto,Liability,304
2023-05-17,Geico,Home,Property,102
2023-05-17,Geico,Home,Renters,50
2023-05-17,Geico,Life,Term,221
2023-05-17,Geico,Life,Whole,295
2023-05-17,StateFarm,Auto,Comprehensive,97
2023-05-17,StateFarm,Auto,Liability,210
2023-05-17,StateFarm,Home,Property,239
2023-05-17,StateFarm,Home,Renters,255
2023-05-17,StateFarm,Life,Term,241
2023-05-17,StateFarm,Life,Whole,206
2023-05-17,Allstate,Auto,Comprehensive,141
2023-05-17,Allstate,Auto,Liability,353
2023-05-17,Allstate,Home,Property,169
2023-05-17,Allstate,Home,Renters,92
2023-05-17,Allstate,Life,Term,212
2023-05-17,Allstate,Life,Whole,115
2023-05-18,Geico,Auto,Comprehensive,125
2023-05-18,Geico,Auto,Liability,306
2023-05-18,Geico,Home,Property,126
2023-05-18,Geico,Home,Renters,55
2023-05-18,Geico,Life,Term,191
2023-05-18,Geico,Life,Whole,220
2023-05-18,StateFarm,Auto,Comprehensive,320
2023-05-18,StateFarm,Auto,Liability,142
2023-05-18,StateFarm,Home,Property,80
2023-05-18,StateFarm,Home,Renters,219
2023-05-18,StateFarm,Life,Term,147
2023-05-18,StateFarm,Life,Whole,294
2023-05-18,Allstate,Auto,Comprehensive,263
2023-05-18,Allstate,Auto,Liability,232
2023-05-18,Allstate,Home,Property,190
2023-05-18,Allstate,Home,Renters,269
2023-05-18,Allstate,Life,Term,117
2023-05-18,Allstate,Life,Whole,268
2023-05-19,Geico,Auto,Comprehensive,122
2023-05-19,Geico,Auto,Liability,298
2023-05-19,Geico,Home,Property,92
2023-05-19,Geico,Home,Renters,233
2023-05-19,Geico,Life,Term,232
2023-05-19,Geico,Life,Whole,295
2023-05-19,StateFarm,Auto,Comprehensive,143
2023-05-19,StateFarm,Auto,Liability,232
2023-05-19,StateFarm,Home,Property,273
2023-05-19,StateFarm,Home,Renters,236
2023-05-19,StateFarm,Life,Term,112
2023-05-19,StateFarm,Life,Whole,295
2023-05-19,Allstate,Auto,Comprehensive,255
2023-05-19,Allstate,Auto,Liability,199
2023-05-19,Allstate,Home,Property,63
2023-05-19,Allstate,Home,Renters,57
2023-05-19,Allstate,Life,Term,216
2023-05-19,Allstate,Life,Whole,75
2023-05-20,Geico,Auto,Comprehensive,282
2023-05-20,Geico,Auto,Liability,203
2023-05-20,Geico,Home,Property,168
2023-05-20,Geico,Home,Renters,288
2023-05-20,Geico,Life,Term,190
2023-05-20,Geico,Life,Whole,95
2023-05-20,StateFarm,Auto,Comprehensive,326
2023-05-20,StateFarm,Auto,Liability,299
2023-05-20,StateFarm,Home,Property,199
2023-05-20,StateFarm,Home,Renters,153
2023-05-20,StateFarm,Life,Term,282
2023-05-20,StateFarm,Life,Whole,282
2023-05-20,Allstate,Auto,Comprehensive,216
2023-05-20,Allstate,Auto,Liability,188
2023-05-20,Allstate,Home,Property,169
2023-05-20,Allstate,Home,Renters,184
2023-05-20,Allstate,Life,Term,143
2023-05-20,Allstate,Life,Whole,137
2023-05-21,Geico,Auto,Comprehensive,264
2023-05-21,Geico,Auto,Liability,270
2023-05-21,Geico,Home,Property,144
2023-05-21,Geico,Home,Renters,271
2023-05-21,Geico,Life,Term,111
2023-05-21,Geico,Life,Whole,54
2023-05-21,StateFarm,Auto,Comprehensive,309
2023-05-21,StateFarm,Auto,Liability,163
2023-05-21,StateFarm,Home,Property,158
2023-05-21,StateFarm,Home,Renters,159
2023-05-21,StateFarm,Life,Term,163
2023-05-21,StateFarm,Life,Whole,111
2023-05-21,Allstate,Auto,Comprehensive,309
2023-05-21,Allstate,Auto,Liability,194
2023-05-21,Allstate,Home,Property,297
2023-05-21,Allstate,Home,Renters,295
2023-05-21,Allstate,Life,Term,205
2023-05-21,Allstate,Life,Whole,114
2023-05-22,Geico,Auto,Comprehensive,194
2023-05-22,Geico,Auto,Liability,114
2023-05-22,Geico,Home,Property,234
2023-05-22,Geico,Home,Renters,229
2023-05-22,Geico,Life,Term,113
2023-05-22,Geico,Life,Whole,129
2023-05-22,StateFarm,Auto,Comprehensive,329
2023-05-22,StateFarm,Auto,Liability,365
2023-05-22,StateFarm,Home,Property,56
2023-05-22,StateFarm,Home,Renters,219
2023-05-22,StateFarm,Life,Term,71
2023-05-22,StateFarm,Life,Whole,150
2023-05-22,Allstate,Auto,Comprehensive,193
2023-05-22,Allstate,Auto,Liability,229
2023-05-22,Allstate,Home,Property,215
2023-05-22,Allstate,Home,Renters,175
2023-05-22,Allstate,Life,Term,134
2023-05-22,Allstate,Life,Whole,177
2023-05-23,Geico,Auto,Comprehensive,235
2023-05-23,Geico,Auto,Liability,150
2023-05-23,Geico,Home,Property,94
2023-05-23,Geico,Home,Renters,256
2023-05-23,Geico,Life,Term,99
2023-05-23,Geico,Life,Whole,151
2023-05-23,StateFarm,Auto,Comprehensive,255
2023-05-23,StateFarm,Auto,Liability,333
2023-05-23,StateFarm,Home,Property,282
2023-05-23,StateFarm,Home,Renters,251
2023-05-23,StateFarm,Life,Term,218
2023-05-23,StateFarm,Life,Whole,288
2023-05-23,Allstate,Auto,Comprehensive,269
2023-05-23,Allstate,Auto,Liability,271
2023-05-23,Allstate,Home,Property,93
2023-05-23,Allstate,Home,Renters,222
2023-05-23,Allstate,Life,Term,246
2023-05-23,Allstate,Life,Whole,188
2023-05-24,Geico,Auto,Comprehensive,246
2023-05-24,Geico,Auto,Liability,150
2023-05-24,Geico,Home,Property,80
2023-05-24,Geico,Home,Renters,238
2023-05-24,Geico,Life,Term,215
2023-05-24,Geico,Life,Whole,97
2023-05-24,StateFarm,Auto,Comprehensive,212
2023-05-24,StateFarm,Auto,Liability,304
2023-05-24,StateFarm,Home,Property,248
2023-05-24,StateFarm,Home,Renters,117
2023-05-24,StateFarm,Life,Term,160
2023-05-24,StateFarm,Life,Whole,195
2023-05-24,Allstate,Auto,Comprehensive,365
2023-05-24,Allstate,Auto,Liability,314
2023-05-24,Allstate,Home,Property,282
2023-05-24,Allstate,Home,Renters,160
2023-05-24,Allstate,Life,Term,210
2023-05-24,Allstate,Life,Whole,285
2023-05-25,Geico,Auto,Comprehensive,133
2023-05-25,Geico,Auto,Liability,256
2023-05-25,Geico,Home,Property,202
2023-05-25,Geico,Home,Renters,136
2023-05-25,Geico,Life,Term,249
2023-05-25,Geico,Life,Whole,71
2023-05-25,StateFarm,Auto,Comprehensive,204
2023-05-25,StateFarm,Auto,Liability,258
2023-05-25,StateFarm,Home,Property,248
2023-05-25,StateFarm,Home,Renters,66
2023-05-25,StateFarm,Life,Term,134
2023-05-25,StateFarm,Life,Whole,209
2023-05-25,Allstate,Auto,Comprehensive,320
2023-05-25,Allstate,Auto,Liability,275
2023-05-25,Allstate,Home,Property,263
2023-05-25,Allstate,Home,Renters,89
2023-05-25,Allstate,Life,Term,82
2023-05-25,Allstate,Life,Whole,263
2023-05-26,Geico,Auto,Comprehensive,144
2023-05-26,Geico,Auto,Liability,177
2023-05-26,Geico,Home,Property,154
2023-05-26,Geico,Home,Renters,70
2023-05-26,Geico,Life,Term,228
2023-05-26,Geico,Life,Whole,240
2023-05-26,StateFarm,Auto,Comprehensive,297
2023-05-26,StateFarm,Auto,Liability,229
2023-05-26,StateFarm,Home,Property,209
2023-05-26,StateFarm,Home,Renters,281
2023-05-26,StateFarm,Life,Term,109
2023-05-26,StateFarm,Life,Whole,141
2023-05-26,Allstate,Auto,Comprehensive,283
2023-05-26,Allstate,Auto,Liability,279
2023-05-26,Allstate,Home,Property,267
2023-05-26,Allstate,Home,Renters,147
2023-05-26,Allstate,Life,Term,239
2023-05-26,Allstate,Life,Whole,175
2023-05-27,Geico,Auto,Comprehensive,279
2023-05-27,Geico,Auto,Liability,213
2023-05-27,Geico,Home,Property,163
2023-05-27,Geico,Home,Renters,159
2023-05-27,Geico,Life,Term,56
2023-05-27,Geico,Life,Whole,296
2023-05-27,StateFarm,Auto,Comprehensive,362
2023-05-27,StateFarm,Auto,Liability,178
2023-05-27,StateFarm,Home,Property,68
2023-05-27,StateFarm,Home,Renters,79
2023-05-27,StateFarm,Life,Term,50
2023-05-27,StateFarm,Life,Whole,97
2023-05-27,Allstate,Auto,Comprehensive,113
2023-05-27,Allstate,Auto,Liability,300
2023-05-27,Allstate,Home,Property,131
2023-05-27,Allstate,Home,Renters,209
2023-05-27,Allstate,Life,Term,128
2023-05-27,Allstate,Life,Whole,61
2023-05-28,Geico,Auto,Comprehensive,295
2023-05-28,Geico,Auto,Liability,157
2023-05-28,Geico,Home,Property,242
2023-05-28,Geico,Home,Renters,54
2023-05-28,Geico,Life,Term,249
2023-05-28,Geico,Life,Whole,286
2023-05-28,StateFarm,Auto,Comprehensive,134
2023-05-28,StateFarm,Auto,Liability,301
2023-05-28,StateFarm,Home,Property,201
2023-05-28,StateFarm,Home,Renters,174
2023-05-28,StateFarm,Life,Term,141
2023-05-28,StateFarm,Life,Whole,281
2023-05-28,Allstate,Auto,Comprehensive,162
2023-05-28,Allstate,Auto,Liability,262
2023-05-28,Allstate,Home,Property,115
2023-05-28,Allstate,Home,Renters,280
2023-05-28,Allstate,Life,Term,87
2023-05-28,Allstate,Life,Whole,89
2023-05-29,Geico,Auto,Comprehensive,96
2023-05-29,Geico,Auto,Liability,314
2023-05-29,Geico,Home,Property,246
2023-05-29,Geico,Home,Renters,143
2023-05-29,Geico,Life,Term,259
2023-05-29,Geico,Life,Whole,260
2023-05-29,StateFarm,Auto,Comprehensive,330
2023-05-29,StateFarm,Auto,Liability,270
2023-05-29,StateFarm,Home,Property,281
2023-05-29,StateFarm,Home,Renters,277
2023-05-29,StateFarm,Life,Term,63
2023-05-29,StateFarm,Life,Whole,259
2023-05-29,Allstate,Auto,Comprehensive,247
2023-05-29,Allstate,Auto,Liability,299
2023-05-29,Allstate,Home,Property,124
2023-05-29,Allstate,Home,Renters,140
2023-05-29,Allstate,Life,Term,283
2023-05-29,Allstate,Life,Whole,298
2023-05-30,Geico,Auto,Comprehensive,134
2023-05-30,Geico,Auto,Liability,143
2023-05-30,Geico,Home,Property,210
2023-05-30,Geico,Home,Renters,278
2023-05-30,Geico,Life,Term,112
2023-05-30,Geico,Life,Whole,215
2023-05-30,StateFarm,Auto,Comprehensive,127
2023-05-30,StateFarm,Auto,Liability,145
2023-05-30,StateFarm,Home,Property,282
2023-05-30,StateFarm,Home,Renters,296
2023-05-30,StateFarm,Life,Term,242
2023-05-30,StateFarm,Life,Whole,224
2023-05-30,Allstate,Auto,Comprehensive,305
2023-05-30,Allstate,Auto,Liability,235
2023-05-30,Allstate,Home,Property,115
2023-05-30,Allstate,Home,Renters,76
2023-05-30,Allstate,Life,Term,256
2023-05-30,Allstate,Life,Whole,212
2023-05-31,Geico,Auto,Comprehensive,150
2023-05-31,Geico,Auto,Liability,319
2023-05-31,Geico,Home,Property,124
2023-05-31,Geico,Home,Renters,151
2023-05-31,Geico,Life,Term,151
2023-05-31,Geico,Life,Whole,114
2023-05-31,StateFarm,Auto,Comprehensive,203
2023-05-31,StateFarm,Auto,Liability,214
2023-05-31,StateFarm,Home,Property,155
2023-05-31,StateFarm,Home,Renters,82
2023-05-31,StateFarm,Life,Term,93
2023-05-31,StateFarm,Life,Whole,272
2023-05-31,Allstate,Auto,Comprehensive,220
2023-05-31,Allstate,Auto,Liability,263
2023-05-31,Allstate,Home,Property,111
2023-05-31,Allstate,Home,Renters,172
2023-05-31,Allstate,Life,Term,151
2023-05-31,Allstate,Life,Whole,104
2023-06-01,Geico,Auto,Comprehensive,309
2023-06-01,Geico,Auto,Liability,322
2023-06-01,Geico,Home,Property,231
2023-06-01,Geico,Home,Renters,131
2023-06-01,Geico,Life,Term,142
2023-06-01,Geico,Life,Whole,182
2023-06-01,StateFarm,Auto,Comprehensive,201
2023-06-01,StateFarm,Auto,Liability,118
2023-06-01,StateFarm,Home,Property,154
2023-06-01,StateFarm,Home,Renters,246
2023-06-01,StateFarm,Life,Term,149
2023-06-01,StateFarm,Life,Whole,205
2023-06-01,Allstate,Auto,Comprehensive,312
2023-06-01,Allstate,Auto,Liability,151
2023-06-01,Allstate,Home,Property,298
2023-06-01,Allstate,Home,Renters,133
2023-06-01,Allstate,Life,Term,260
2023-06-01,Allstate,Life,Whole,137
2023-06-02,Geico,Auto,Comprehensive,141
2023-06-02,Geico,Auto,Liability,229
2023-06-02,Geico,Home,Property,263
2023-06-02,Geico,Home,Renters,160
2023-06-02,Geico,Life,Term,231
2023-06-02,Geico,Life,Whole,145
2023-06-02,StateFarm,Auto,Comprehensive,334
2023-06-02,StateFarm,Auto,Liability,331
2023-06-02,StateFarm,Home,Property,145
2023-06-02,StateFarm,Home,Renters,204
2023-06-02,StateFarm,Life,Term,97
2023-06-02,StateFarm,Life,Whole,87
2023-06-02,Allstate,Auto,Comprehensive,120
2023-06-02,Allstate,Auto,Liability,256
2023-06-02,Allstate,Home,Property,82
2023-06-02,Allstate,Home,Renters,148
2023-06-02,Allstate,Life,Term,118
2023-06-02,Allstate,Life,Whole,209
2023-06-03,Geico,Auto,Comprehensive,230
2023-06-03,Geico,Auto,Liability,281
2023-06-03,Geico,Home,Property,160
2023-06-03,Geico,Home,Renters,201
2023-06-03,Geico,Life,Term,191
2023-06-03,Geico,Life,Whole,216
2023-06-03,StateFarm,Auto,Comprehensive,86
2023-06-03,StateFarm,Auto,Liability,196
2023-06-03,StateFarm,Home,Property,110
2023-06-03,StateFarm,Home,Renters,160
2023-06-03,StateFarm,Life,Term,105
2023-06-03,StateFarm,Life,Whole,156
2023-06-03,Allstate,Auto,Comprehensive,213
2023-06-03,Allstate,Auto,Liability,346
2023-06-03,Allstate,Home,Property,172
2023-06-03,Allstate,Home,Renters,139
2023-06-03,Allstate,Life,Term,118
2023-06-03,Allstate,Life,Whole,237
2023-06-04,Geico,Auto,Comprehensive,205
2023-06-04,Geico,Auto,Liability,250
2023-06-04,Geico,Home,Property,196
2023-06-04,Geico,Home,Renters,53
2023-06-04,Geico,Life,Term,115
2023-06-04,Geico,Life,Whole,157
2023-06-04,StateFarm,Auto,Comprehensive,308
2023-06-04,StateFarm,Auto,Liability,241
2023-06-04,StateFarm,Home,Property,154
2023-06-04,StateFarm,Home,Renters,132
2023-06-04,StateFarm,Life,Term,272
2023-06-04,StateFarm,Life,Whole,158
2023-06-04,Allstate,Auto,Comprehensive,117
2023-06-04,Allstate,Auto,Liability,114
2023-06-04,Allstate,Home,Property,179
2023-06-04,Allstate,Home,Renters,257
2023-06-04,Allstate,Life,Term,249
2023-06-04,Allstate,Life,Whole,82
2023-06-05,Geico,Auto,Comprehensive,308
2023-06-05,Geico,Auto,Liability,356
2023-06-05,Geico,Home,Property,275
2023-06-05,Geico,Home,Renters,269
2023-06-05,Geico,Life,Term,210
2023-06-05,Geico,Life,Whole,222
2023-06-05,StateFarm,Auto,Comprehensive,163
2023-06-05,StateFarm,Auto,Liability,353
2023-06-05,StateFarm,Home,Property,132
2023-06-05,StateFarm,Home,Renters,198
2023-06-05,StateFarm,Life,Term,74
2023-06-05,StateFarm,Life,Whole,166
2023-06-05,Allstate,Auto,Comprehensive,169
2023-06-05,Allstate,Auto,Liability,314
2023-06-05,Allstate,Home,Property,201
2023-06-05,Allstate,Home,Renters,64
2023-06-05,Allstate,Life,Term,245
2023-06-05,Allstate,Life,Whole,62
2023-06-06,Geico,Auto,Comprehensive,254
2023-06-06,Geico,Auto,Liability,168
2023-06-06,Geico,Home,Property,229
2023-06-06,Geico,Home,Renters,184
2023-06-06,Geico,Life,Term,283
2023-06-06,Geico,Life,Whole,141
2023-06-06,StateFarm,Auto,Comprehensive,125
2023-06-06,StateFarm,Auto,Liability,273
2023-06-06,StateFarm,Home,Property,193
2023-06-06,StateFarm,Home,Renters,288
2023-06-06,StateFarm,Life,Term,258
2023-06-06,StateFarm,Life,Whole,270
2023-06-06,Allstate,Auto,Comprehensive,257
2023-06-06,Allstate,Auto,Liability,287
2023-06-06,Allstate,Home,Property,288
2023-06-06,Allstate,Home,Renters,167
2023-06-06,Allstate,Life,Term,122
2023-06-06,Allstate,Life,Whole,271
2023-06-07,Geico,Auto,Comprehensive,252
2023-06-07,Geico,Auto,Liability,270
2023-06-07,Geico,Home,Property,165
2023-06-07,Geico,Home,Renters,194
2023-06-07,Geico,Life,Term,138
2023-06-07,Geico,Life,Whole,247
2023-06-07,StateFarm,Auto,Comprehensive,140
2023-06-07,StateFarm,Auto,Liability,298
2023-06-07,StateFarm,Home,Property,60
2023-06-07,StateFarm,Home,Renters,139
2023-06-07,StateFarm,Life,Term,69
2023-06-07,StateFarm,Life,Whole,216
2023-06-07,Allstate,Auto,Comprehensive,308
2023-06-07,Allstate,Auto,Liability,312
2023-06-07,Allstate,Home,Property,112
2023-06-07,Allstate,Home,Renters,131
2023-06-07,Allstate,Life,Term,77
2023-06-07,Allstate,Life,Whole,212
2023-06-08,Geico,Auto,Comprehensive,180
2023-06-08,Geico,Auto,Liability,292
2023-06-08,Geico,Home,Property,66
2023-06-08,Geico,Home,Renters,224
2023-06-08,Geico,Life,Term,258
2023-06-08,Geico,Life,Whole,251
2023-06-08,StateFarm,Auto,Comprehensive,259
2023-06-08,StateFarm,Auto,Liability,294
2023-06-08,StateFarm,Home,Property,221
2023-06-08,StateFarm,Home,Renters,155
2023-06-08,StateFarm,Life,Term,154
2023-06-08,StateFarm,Life,Whole,284
2023-06-08,Allstate,Auto,Comprehensive,288
2023-06-08,Allstate,Auto,Liability,294
2023-06-08,Allstate,Home,Property,217
2023-06-08,Allstate,Home,Renters,51
2023-06-08,Allstate,Life,Term,65
2023-06-08,Allstate,Life,Whole,184
2023-06-09,Geico,Auto,Comprehensive,122
2023-06-09,Geico,Auto,Liability,118
2023-06-09,Geico,Home,Property,77
2023-06-09,Geico,Home,Renters,194
2023-06-09,Geico,Life,Term,196
2023-06-09,Geico,Life,Whole,277
2023-06-09,StateFarm,Auto,Comprehensive,245
2023-06-09,StateFarm,Auto,Liability,234
2023-06-09,StateFarm,Home,Property,80
2023-06-09,StateFarm,Home,Renters,277
2023-06-09,StateFarm,Life,Term,68
2023-06-09,StateFarm,Life,Whole,239
2023-06-09,Allstate,Auto,Comprehensive,145
2023-06-09,Allstate,Auto,Liability,206
2023-06-09,Allstate,Home,Property,215
2023-06-09,Allstate,Home,Renters,88
2023-06-09,Allstate,Life,Term,91
2023-06-09,Allstate,Life,Whole,120
2023-06-10,Geico,Auto,Comprehensive,263
2023-06-10,Geico,Auto,Liability,130
2023-06-10,Geico,Home,Property,228
2023-06-10,Geico,Home,Renters,123
2023-06-10,Geico,Life,Term,107
2023-06-10,Geico,Life,Whole,220
2023-06-10,StateFarm,Auto,Comprehensive,147
2023-06-10,StateFarm,Auto,Liability,290
2023-06-10,StateFarm,Home,Property,213
2023-06-10,StateFarm,Home,Renters,155
2023-06-10,StateFarm,Life,Term,143
2023-06-10,StateFarm,Life,Whole,113
2023-06-10,Allstate,Auto,Comprehensive,225
2023-06-10,Allstate,Auto,Liability,275
2023-06-10,Allstate,Home,Property,167
2023-06-10,Allstate,Home,Renters,205
2023-06-10,Allstate,Life,Term,128
2023-06-10,Allstate,Life,Whole,153
2023-06-11,Geico,Auto,Comprehensive,303
2023-06-11,Geico,Auto,Liability,174
2023-06-11,Geico,Home,Property,218
2023-06-11,Geico,Home,Renters,268
2023-06-11,Geico,Life,Term,70
2023-06-11,Geico,Life,Whole,175
2023-06-11,StateFarm,Auto,Comprehensive,316
2023-06-11,StateFarm,Auto,Liability,292
2023-06-11,StateFarm,Home,Property,279
2023-06-11,StateFarm,Home,Renters,112
2023-06-11,StateFarm,Life,Term,251
2023-06-11,StateFarm,Life,Whole,216
2023-06-11,Allstate,Auto,Comprehensive,242
2023-06-11,Allstate,Auto,Liability,344
2023-06-11,Allstate,Home,Property,229
2023-06-11,Allstate,Home,Renters,73
2023-06-11,Allstate,Life,Term,127
2023-06-11,Allstate,Life,Whole,110
2023-06-12,Geico,Auto,Comprehensive,173
2023-06-12,Geico,Auto,Liability,93
2023-06-12,Geico,Home,Property,260
2023-06-12,Geico,Home,Renters,294
2023-06-12,Geico,Life,Term,126
2023-06-12,Geico,Life,Whole,186
2023-06-12,StateFarm,Auto,Comprehensive,288
2023-06-12,StateFarm,Auto,Liability,191
2023-06-12,StateFarm,Home,Property,273
2023-06-12,StateFarm,Home,Renters,136
2023-06-12,StateFarm,Life,Term,54
2023-06-12,StateFarm,Life,Whole,217
2023-06-12,Allstate,Auto,Comprehensive,336
2023-06-12,Allstate,Auto,Liability,317
2023-06-12,Allstate,Home,Property,254
2023-06-12,Allstate,Home,Renters,218
2023-06-12,Allstate,Life,Term,119
2023-06-12,Allstate,Life,Whole,122
2023-06-13,Geico,Auto,Comprehensive,346
2023-06-13,Geico,Auto,Liability,224
2023-06-13,Geico,Home,Property,223
2023-06-13,Geico,Home,Renters,104
2023-06-13,Geico,Life,Term,173
2023-06-13,Geico,Life,Whole,267
2023-06-13,StateFarm,Auto,Comprehensive,138
2023-06-13,StateFarm,Auto,Liability,127
2023-06-13,StateFarm,Home,Property,204
2023-06-13,StateFarm,Home,Renters,180
2023-06-13,StateFarm,Life,Term,161
2023-06-13,StateFarm,Life,Whole,75
2023-06-13,Allstate,Auto,Comprehensive,159
2023-06-13,Allstate,Auto,Liability,233
2023-06-13,Allstate,Home,Property,195
2023-06-13,Allstate,Home,Renters,299
2023-06-13,Allstate,Life,Term,268
2023-06-13,Allstate,Life,Whole,146
2023-06-14,Geico,Auto,Comprehensive,218
2023-06-14,Geico,Auto,Liability,219
2023-06-14,Geico,Home,Property,278
2023-06-14,Geico,Home,Renters,295
2023-06-14,Geico,Life,Term,150
2023-06-14,Geico,Life,Whole,240
2023-06-14,StateFarm,Auto,Comprehensive,155
2023-06-14,StateFarm,Auto,Liability,198
2023-06-14,StateFarm,Home,Property,52
2023-06-14,StateFarm,Home,Renters,154
2023-06-14,StateFarm,Life,Term,233
2023-06-14,StateFarm,Life,Whole,133
2023-06-14,Allstate,Auto,Comprehensive,112
2023-06-14,Allstate,Auto,Liability,324
2023-06-14,Allstate,Home,Property,272
2023-06-14,Allstate,Home,Renters,188
2023-06-14,Allstate,Life,Term,103
2023-06-14,Allstate,Life,Whole,152
2023-06-15,Geico,Auto,Comprehensive,234
2023-06-15,Geico,Auto,Liability,135
2023-06-15,Geico,Home,Property,114
2023-06-15,Geico,Home,Renters,140
2023-06-15,Geico,Life,Term,244
2023-06-15,Geico,Life,Whole,191
2023-06-15,StateFarm,Auto,Comprehensive,166
2023-06-15,StateFarm,Auto,Liability,314
2023-06-15,StateFarm,Home,Property,132
2023-06-15,StateFarm,Home,Renters,178
2023-06-15,StateFarm,Life,Term,208
2023-06-15,StateFarm,Life,Whole,297
2023-06-15,Allstate,Auto,Comprehensive,90
2023-06-15,Allstate,Auto,Liability,230
2023-06-15,Allstate,Home,Property,63
2023-06-15,Allstate,Home,Renters,111
2023-06-15,Allstate,Life,Term,81
2023-06-15,Allstate,Life,Whole,200
2023-06-16,Geico,Auto,Comprehensive,283
2023-06-16,Geico,Auto,Liability,245
2023-06-16,Geico,Home,Property,281
2023-06-16,Geico,Home,Renters,132
2023-06-16,Geico,Life,Term,139
2023-06-16,Geico,Life,Whole,155
2023-06-16,StateFarm,Auto,Comprehensive,115
2023-06-16,StateFarm,Auto,Liability,139
2023-06-16,StateFarm,Home,Property,167
2023-06-16,StateFarm,Home,Renters,150
2023-06-16,StateFarm,Life,Term,215
2023-06-16,StateFarm,Life,Whole,64
2023-06-16,Allstate,Auto,Comprehensive,145
2023-06-16,Allstate,Auto,Liability,219
2023-06-16,Allstate,Home,Property,225
2023-06-16,Allstate,Home,Renters,74
2023-06-16,Allstate,Life,Term,246
2023-06-16,Allstate,Life,Whole,250
2023-06-17,Geico,Auto,Comprehensive,297
2023-06-17,Geico,Auto,Liability,114
2023-06-17,Geico,Home,Property,218
2023-06-17,Geico,Home,Renters,95
2023-06-17,Geico,Life,Term,264
2023-06-17,Geico,Life,Whole,157
2023-06-17,StateFarm,Auto,Comprehensive,146
2023-06-17,StateFarm,Auto,Liability,258
2023-06-17,StateFarm,Home,Property,283
2023-06-17,StateFarm,Home,Renters,258
2023-06-17,StateFarm,Life,Term,114
2023-06-17,StateFarm,Life,Whole,238
2023-06-17,Allstate,Auto,Comprehensive,142
2023-06-17,Allstate,Auto,Liability,77
2023-06-17,Allstate,Home,Property,152
2023-06-17,Allstate,Home,Renters,186
2023-06-17,Allstate,Life,Term,96
2023-06-17,Allstate,Life,Whole,84
2023-06-18,Geico,Auto,Comprehensive,260
2023-06-18,Geico,Auto,Liability,308
2023-06-18,Geico,Home,Property,149
2023-06-18,Geico,Home,Renters,278
2023-06-18,Geico,Life,Term,143
2023-06-18,Geico,Life,Whole,251
2023-06-18,StateFarm,Auto,Comprehensive,203
2023-06-18,StateFarm,Auto,Liability,197
2023-06-18,StateFarm,Home,Property,58
2023-06-18,StateFarm,Home,Renters,112
2023-06-18,StateFarm,Life,Term,88
2023-06-18,StateFarm,Life,Whole,294
2023-06-18,Allstate,Auto,Comprehensive,317
2023-06-18,Allstate,Auto,Liability,312
2023-06-18,Allstate,Home,Property,100
2023-06-18,Allstate,Home,Renters,121
2023-06-18,Allstate,Life,Term,251
2023-06-18,Allstate,Life,Whole,148
2023-06-19,Geico,Auto,Comprehensive,236
2023-06-19,Geico,Auto,Liability,170
2023-06-19,Geico,Home,Property,234
2023-06-19,Geico,Home,Renters,119
2023-06-19,Geico,Life,Term,140
2023-06-19,Geico,Life,Whole,100
2023-06-19,StateFarm,Auto,Comprehensive,285
2023-06-19,StateFarm,Auto,Liability,310
2023-06-19,StateFarm,Home,Property,145
2023-06-19,StateFarm,Home,Renters,175
2023-06-19,StateFarm,Life,Term,82
2023-06-19,StateFarm,Life,Whole,97
2023-06-19,Allstate,Auto,Comprehensive,187
2023-06-19,Allstate,Auto,Liability,137
2023-06-19,Allstate,Home,Property,128
2023-06-19,Allstate,Home,Renters,285
2023-06-19,Allstate,Life,Term,53
2023-06-19,Allstate,Life,Whole,133
2023-06-20,Geico,Auto,Comprehensive,184
2023-06-20,Geico,Auto,Liability,278
2023-06-20,Geico,Home,Property,268
2023-06-20,Geico,Home,Renters,60
2023-06-20,Geico,Life,Term,268
2023-06-20,Geico,Life,Whole,106
2023-06-20,StateFarm,Auto,Comprehensive,88
2023-06-20,StateFarm,Auto,Liability,336
2023-06-20,StateFarm,Home,Property,67
2023-06-20,StateFarm,Home,Renters,64
2023-06-20,StateFarm,Life,Term,161
2023-06-20,StateFarm,Life,Whole,106
2023-06-20,Allstate,Auto,Comprehensive,218
2023-06-20,Allstate,Auto,Liability,146
2023-06-20,Allstate,Home,Property,177
2023-06-20,Allstate,Home,Renters,282
2023-06-20,Allstate,Life,Term,234
2023-06-20,Allstate,Life,Whole,163
2023-06-21,Geico,Auto,Comprehensive,210
2023-06-21,Geico,Auto,Liability,160
2023-06-21,Geico,Home,Property,273
2023-06-21,Geico,Home,Renters,167
2023-06-21,Geico,Life,Term,170
2023-06-21,Geico,Life,Whole,213
2023-06-21,StateFarm,Auto,Comprehensive,322
2023-06-21,StateFarm,Auto,Liability,288
2023-06-21,StateFarm,Home,Property,165
2023-06-21,StateFarm,Home,Renters,161
2023-06-21,StateFarm,Life,Term,195
2023-06-21,StateFarm,Life,Whole,189
2023-06-21,Allstate,Auto,Comprehensive,85
2023-06-21,Allstate,Auto,Liability,345
2023-06-21,Allstate,Home,Property,284
2023-06-21,Allstate,Home,Renters,227
2023-06-21,Allstate,Life,Term,115
2023-06-21,Allstate,Life,Whole,88
2023-06-22,Geico,Auto,Comprehensive,313
2023-06-22,Geico,Auto,Liability,316
2023-06-22,Geico,Home,Property,256
2023-06-22,Geico,Home,Renters,194
2023-06-22,Geico,Life,Term,215
2023-06-22,Geico,Life,Whole,84
2023-06-22,StateFarm,Auto,Comprehensive,112
2023-06-22,StateFarm,Auto,Liability,185
2023-06-22,StateFarm,Home,Property,178
2023-06-22,StateFarm,Home,Renters,187
2023-06-22,StateFarm,Life,Term,171
2023-06-22,StateFarm,Life,Whole,264
2023-06-22,Allstate,Auto,Comprehensive,211
2023-06-22,Allstate,Auto,Liability,303
2023-06-22,Allstate,Home,Property,57
2023-06-22,Allstate,Home,Renters,128
2023-06-22,Allstate,Life,Term,268
2023-06-22,Allstate,Life,Whole,112
2023-06-23,Geico,Auto,Comprehensive,312
2023-06-23,Geico,Auto,Liability,157
2023-06-23,Geico,Home,Property,266
2023-06-23,Geico,Home,Renters,253
2023-06-23,Geico,Life,Term,187
2023-06-23,Geico,Life,Whole,126
2023-06-23,StateFarm,Auto,Comprehensive,192
2023-06-23,StateFarm,Auto,Liability,94
2023-06-23,StateFarm,Home,Property,260
2023-06-23,StateFarm,Home,Renters,114
2023-06-23,StateFarm,Life,Term,60
2023-06-23,StateFarm,Life,Whole,176
2023-06-23,Allstate,Auto,Comprehensive,180
2023-06-23,Allstate,Auto,Liability,211
2023-06-23,Allstate,Home,Property,177
2023-06-23,Allstate,Home,Renters,112
2023-06-23,Allstate,Life,Term,143
2023-06-23,Allstate,Life,Whole,55
2023-06-24,Geico,Auto,Comprehensive,325
2023-06-24,Geico,Auto,Liability,163
2023-06-24,Geico,Home,Property,280
2023-06-24,Geico,Home,Renters,75
2023-06-24,Geico,Life,Term,277
2023-06-24,Geico,Life,Whole,263
2023-06-24,StateFarm,Auto,Comprehensive,184
2023-06-24,StateFarm,Auto,Liability,127
2023-06-24,StateFarm,Home,Property,260
2023-06-24,StateFarm,Home,Renters,90
2023-06-24,StateFarm,Life,Term,138
2023-06-24,StateFarm,Life,Whole,250
2023-06-24,Allstate,Auto,Comprehensive,160
2023-06-24,Allstate,Auto,Liability,179
2023-06-24,Allstate,Home,Property,240
2023-06-24,Allstate,Home,Renters,221
2023-06-24,Allstate,Life,Term,93
2023-06-24,Allstate,Life,Whole,73
2023-06-25,Geico,Auto,Comprehensive,152
2023-06-25,Geico,Auto,Liability,286
2023-06-25,Geico,Home,Property,264
2023-06-25,Geico,Home,Renters,128
2023-06-25,Geico,Life,Term,70
2023-06-25,Geico,Life,Whole,232
2023-06-25,StateFarm,Auto,Comprehensive,73
2023-06-25,StateFarm,Auto,Liability,138
2023-06-25,StateFarm,Home,Property,70
2023-06-25,StateFarm,Home,Renters,212
2023-06-25,StateFarm,Life,Term,114
2023-06-25,StateFarm,Life,Whole,166
2023-06-25,Allstate,Auto,Comprehensive,278
2023-06-25,Allstate,Auto,Liability,306
2023-06-25,Allstate,Home,Property,277
2023-06-25,Allstate,Home,Renters,70
2023-06-25,Allstate,Life,Term,213
2023-06-25,Allstate,Life,Whole,57
2023-06-26,Geico,Auto,Comprehensive,307
2023-06-26,Geico,Auto,Liability,164
2023-06-26,Geico,Home,Property,164
2023-06-26,Geico,Home,Renters,149
2023-06-26,Geico,Life,Term,98
2023-06-26,Geico,Life,Whole,164
2023-06-26,StateFarm,Auto,Comprehensive,324
2023-06-26,StateFarm,Auto,Liability,264
2023-06-26,StateFarm,Home,Property,66
2023-06-26,StateFarm,Home,Renters,66
2023-06-26,StateFarm,Life,Term,243
2023-06-26,StateFarm,Life,Whole,203
2023-06-26,Allstate,Auto,Comprehensive,111
2023-06-26,Allstate,Auto,Liability,215
2023-06-26,Allstate,Home,Property,284
2023-06-26,Allstate,Home,Renters,206
2023-06-26,Allstate,Life,Term,268
2023-06-26,Allstate,Life,Whole,221
2023-06-27,Geico,Auto,Comprehensive,290
2023-06-27,Geico,Auto,Liability,235
2023-06-27,Geico,Home,Property,69
2023-06-27,Geico,Home,Renters,141
2023-06-27,Geico,Life,Term,265
2023-06-27,Geico,Life,Whole,133
2023-06-27,StateFarm,Auto,Comprehensive,283
2023-06-27,StateFarm,Auto,Liability,329
2023-06-27,StateFarm,Home,Property,56
2023-06-27,StateFarm,Home,Renters,204
2023-06-27,StateFarm,Life,Term,120
2023-06-27,StateFarm,Life,Whole,85
2023-06-27,Allstate,Auto,Comprehensive,86
2023-06-27,Allstate,Auto,Liability,134
2023-06-27,Allstate,Home,Property,77
2023-06-27,Allstate,Home,Renters,113
2023-06-27,Allstate,Life,Term,285
2023-06-27,Allstate,Life,Whole,137
2023-06-28,Geico,Auto,Comprehensive,298
2023-06-28,Geico,Auto,Liability,278
2023-06-28,Geico,Home,Property,130
2023-06-28,Geico,Home,Renters,122
2023-06-28,Geico,Life,Term,173
2023-06-28,Geico,Life,Whole,214
2023-06-28,StateFarm,Auto,Comprehensive,349
2023-06-28,StateFarm,Auto,Liability,292
2023-06-28,StateFarm,Home,Property,187
2023-06-28,StateFarm,Home,Renters,114
2023-06-28,StateFarm,Life,Term,103
2023-06-28,StateFarm,Life,Whole,218
2023-06-28,Allstate,Auto,Comprehensive,234
2023-06-28,Allstate,Auto,Liability,167
2023-06-28,Allstate,Home,Property,244
2023-06-28,Allstate,Home,Renters,299
2023-06-28,Allstate,Life,Term,247
2023-06-28,Allstate,Life,Whole,105
2023-06-29,Geico,Auto,Comprehensive,355
2023-06-29,Geico,Auto,Liability,136
2023-06-29,Geico,Home,Property,276
2023-06-29,Geico,Home,Renters,276
2023-06-29,Geico,Life,Term,256
2023-06-29,Geico,Life,Whole,209
2023-06-29,StateFarm,Auto,Comprehensive,314
2023-06-29,StateFarm,Auto,Liability,311
2023-06-29,StateFarm,Home,Property,231
2023-06-29,StateFarm,Home,Renters,161
2023-06-29,StateFarm,Life,Term,104
2023-06-29,StateFarm,Life,Whole,220
2023-06-29,Allstate,Auto,Comprehensive,175
2023-06-29,Allstate,Auto,Liability,300
2023-06-29,Allstate,Home,Property,182
2023-06-29,Allstate,Home,Renters,279
2023-06-29,Allstate,Life,Term,157
2023-06-29,Allstate,Life,Whole,214
2023-06-30,Geico,Auto,Comprehensive,269
2023-06-30,Geico,Auto,Liability,299
2023-06-30,Geico,Home,Property,124
2023-06-30,Geico,Home,Renters,140
2023-06-30,Geico,Life,Term,180
2023-06-30,Geico,Life,Whole,105
2023-06-30,StateFarm,Auto,Comprehensive,211
2023-06-30,StateFarm,Auto,Liability,275
2023-06-30,StateFarm,Home,Property,170
2023-06-30,StateFarm,Home,Renters,196
2023-06-30,StateFarm,Life,Term,79
2023-06-30,StateFarm,Life,Whole,136
2023-06-30,Allstate,Auto,Comprehensive,310
2023-06-30,Allstate,Auto,Liability,226
2023-06-30,Allstate,Home,Property,133
2023-06-30,Allstate,Home,Renters,154
2023-06-30,Allstate,Life,Term,166
2023-06-30,Allstate,Life,Whole,99
2023-07-01,Geico,Auto,Comprehensive,97
2023-07-01,Geico,Auto,Liability,235
2023-07-01,Geico,Home,Property,229
2023-07-01,Geico,Home,Renters,249
2023-07-01,Geico,Life,Term,182
2023-07-01,Geico,Life,Whole,69
2023-07-01,StateFarm,Auto,Comprehensive,208
2023-07-01,StateFarm,Auto,Liability,270
2023-07-01,StateFarm,Home,Property,116
2023-07-01,StateFarm,Home,Renters,150
2023-07-01,StateFarm,Life,Term,192
2023-07-01,StateFarm,Life,Whole,100
2023-07-01,Allstate,Auto,Comprehensive,231
2023-07-01,Allstate,Auto,Liability,341
2023-07-01,Allstate,Home,Property,61
2023-07-01,Allstate,Home,Renters,76
2023-07-01,Allstate,Life,Term,50
2023-07-01,Allstate,Life,Whole,251
2023-07-02,Geico,Auto,Comprehensive,239
2023-07-02,Geico,Auto,Liability,354
2023-07-02,Geico,Home,Property,121
2023-07-02,Geico,Home,Renters,270
2023-07-02,Geico,Life,Term,270
2023-07-02,Geico,Life,Whole,224
2023-07-02,StateFarm,Auto,Comprehensive,185
2023-07-02,StateFarm,Auto,Liability,208
2023-07-02,StateFarm,Home,Property,92
2023-07-02,StateFarm,Home,Renters,154
2023-07-02,StateFarm,Life,Term,230
2023-07-02,StateFarm,Life,Whole,133
2023-07-02,Allstate,Auto,Comprehensive,236
2023-07-02,Allstate,Auto,Liability,159
2023-07-02,Allstate,Home,Property,114
2023-07-02,Allstate,Home,Renters,287
2023-07-02,Allstate,Life,Term,290
2023-07-02,Allstate,Life,Whole,136
2023-07-03,Geico,Auto,Comprehensive,177
2023-07-03,Geico,Auto,Liability,255
2023-07-03,Geico,Home,Property,113
2023-07-03,Geico,Home,Renters,166
2023-07-03,Geico,Life,Term,105
2023-07-03,Geico,Life,Whole,295
2023-07-03,StateFarm,Auto,Comprehensive,272
2023-07-03,StateFarm,Auto,Liability,327
2023-07-03,StateFarm,Home,Property,282
2023-07-03,StateFarm,Home,Renters,128
2023-07-03,StateFarm,Life,Term,131
2023-07-03,StateFarm,Life,Whole,50
2023-07-03,Allstate,Auto,Comprehensive,221
2023-07-03,Allstate,Auto,Liability,297
2023-07-03,Allstate,Home,Property,230
2023-07-03,Allstate,Home,Renters,259
2023-07-03,Allstate,Life,Term,50
2023-07-03,Allstate,Life,Whole,173
2023-07-04,Geico,Auto,Comprehensive,164
2023-07-04,Geico,Auto,Liability,120
2023-07-04,Geico,Home,Property,111
2023-07-04,Geico,Home,Renters,134
2023-07-04,Geico,Life,Term,282
2023-07-04,Geico,Life,Whole,64
2023-07-04,StateFarm,Auto,Comprehensive,207
2023-07-04,StateFarm,Auto,Liability,192
2023-07-04,StateFarm,Home,Property,102
2023-07-04,StateFarm,Home,Renters,81
2023-07-04,StateFarm,Life,Term,298
2023-07-04,StateFarm,Life,Whole,102
2023-07-04,Allstate,Auto,Comprehensive,357
2023-07-04,Allstate,Auto,Liability,113
2023-07-04,Allstate,Home,Property,159
2023-07-04,Allstate,Home,Renters,137
2023-07-04,Allstate,Life,Term,298
2023-07-04,Allstate,Life,Whole,137
2023-07-05,Geico,Auto,Comprehensive,146
2023-07-05,Geico,Auto,Liability,293
2023-07-05,Geico,Home,Property,264
2023-07-05,Geico,Home,Renters,51
2023-07-05,Geico,Life,Term,154
2023-07-05,Geico,Life,Whole,127
2023-07-05,StateFarm,Auto,Comprehensive,325
2023-07-05,StateFarm,Auto,Liability,287
2023-07-05,StateFarm,Home,Property,259
2023-07-05,StateFarm,Home,Renters,179
2023-07-05,StateFarm,Life,Term,72
2023-07-05,StateFarm,Life,Whole,183
2023-07-05,Allstate,Auto,Comprehensive,304
2023-07-05,Allstate,Auto,Liability,140
2023-07-05,Allstate,Home,Property,59
2023-07-05,Allstate,Home,Renters,157
2023-07-05,Allstate,Life,Term,198
2023-07-05,Allstate,Life,Whole,228
2023-07-06,Geico,Auto,Comprehensive,104
2023-07-06,Geico,Auto,Liability,160
2023-07-06,Geico,Home,Property,176
2023-07-06,Geico,Home,Renters,221
2023-07-06,Geico,Life,Term,231
2023-07-06,Geico,Life,Whole,209
2023-07-06,StateFarm,Auto,Comprehensive,173
2023-07-06,StateFarm,Auto,Liability,303
2023-07-06,StateFarm,Home,Property,271
2023-07-06,StateFarm,Home,Renters,192
2023-07-06,StateFarm,Life,Term,72
2023-07-06,StateFarm,Life,Whole,102
2023-07-06,Allstate,Auto,Comprehensive,266
2023-07-06,Allstate,Auto,Liability,193
2023-07-06,Allstate,Home,Property,248
2023-07-06,Allstate,Home,Renters,101
2023-07-06,Allstate,Life,Term,279
2023-07-06,Allstate,Life,Whole,66
2023-07-07,Geico,Auto,Comprehensive,302
2023-07-07,Geico,Auto,Liability,160
2023-07-07,Geico,Home,Property,183
2023-07-07,Geico,Home,Renters,98
2023-07-07,Geico,Life,Term,72
2023-07-07,Geico,Life,Whole,145
2023-07-07,StateFarm,Auto,Comprehensive,314
2023-07-07,StateFarm,Auto,Liability,313
2023-07-07,StateFarm,Home,Property,256
2023-07-07,StateFarm,Home,Renters,188
2023-07-07,StateFarm,Life,Term,295
2023-07-07,StateFarm,Life,Whole,204
2023-07-07,Allstate,Auto,Comprehensive,203
2023-07-07,Allstate,Auto,Liability,151
2023-07-07,Allstate,Home,Property,70
2023-07-07,Allstate,Home,Renters,267
2023-07-07,Allstate,Life,Term,88
2023-07-07,Allstate,Life,Whole,172
2023-07-08,Geico,Auto,Comprehensive,229
2023-07-08,Geico,Auto,Liability,114
2023-07-08,Geico,Home,Property,203
2023-07-08,Geico,Home,Renters,92
2023-07-08,Geico,Life,Term,172
2023-07-08,Geico,Life,Whole,113
2023-07-08,StateFarm,Auto,Comprehensive,183
2023-07-08,StateFarm,Auto,Liability,351
2023-07-08,StateFarm,Home,Property,92
2023-07-08,StateFarm,Home,Renters,144
2023-07-08,StateFarm,Life,Term,135
2023-07-08,StateFarm,Life,Whole,64
2023-07-08,Allstate,Auto,Comprehensive,130
2023-07-08,Allstate,Auto,Liability,162
2023-07-08,Allstate,Home,Property,202
2023-07-08,Allstate,Home,Renters,113
2023-07-08,Allstate,Life,Term,236
2023-07-08,Allstate,Life,Whole,106
2023-07-09,Geico,Auto,Comprehensive,294
2023-07-09,Geico,Auto,Liability,330
2023-07-09,Geico,Home,Property,274
2023-07-09,Geico,Home,Renters,89
2023-07-09,Geico,Life,Term,150
2023-07-09,Geico,Life,Whole,129
2023-07-09,StateFarm,Auto,Comprehensive,152
2023-07-09,StateFarm,Auto,Liability,346
2023-07-09,StateFarm,Home,Property,75
2023-07-09,StateFarm,Home,Renters,218
2023-07-09,StateFarm,Life,Term,128
2023-07-09,StateFarm,Life,Whole,254
2023-07-09,Allstate,Auto,Comprehensive,112
2023-07-09,Allstate,Auto,Liability,165
2023-07-09,Allstate,Home,Property,284
2023-07-09,Allstate,Home,Renters,79
2023-07-09,Allstate,Life,Term,172
2023-07-09,Allstate,Life,Whole,172
2023-07-10,Geico,Auto,Comprehensive,169
2023-07-10,Geico,Auto,Liability,136
2023-07-10,Geico,Home,Property,81
2023-07-10,Geico,Home,Renters,70
2023-07-10,Geico,Life,Term,234
2023-07-10,Geico,Life,Whole,219
2023-07-10,StateFarm,Auto,Comprehensive,174
2023-07-10,StateFarm,Auto,Liability,259
2023-07-10,StateFarm,Home,Property,220
2023-07-10,StateFarm,Home,Renters,200
2023-07-10,StateFarm,Life,Term,100
2023-07-10,StateFarm,Life,Whole,105
2023-07-10,Allstate,Auto,Comprehensive,149
2023-07-10,Allstate,Auto,Liability,150
2023-07-10,Allstate,Home,Property,165
2023-07-10,Allstate,Home,Renters,257
2023-07-10,Allstate,Life,Term,236
2023-07-10,Allstate,Life,Whole,273
2023-07-11,Geico,Auto,Comprehensive,217
2023-07-11,Geico,Auto,Liability,233
2023-07-11,Geico,Home,Property,191
2023-07-11,Geico,Home,Renters,288
2023-07-11,Geico,Life,Term,81
2023-07-11,Geico,Life,Whole,283
2023-07-11,StateFarm,Auto,Comprehensive,168
2023-07-11,StateFarm,Auto,Liability,313
2023-07-11,StateFarm,Home,Property,267
2023-07-11,StateFarm,Home,Renters,198
2023-07-11,StateFarm,Life,Term,89
2023-07-11,StateFarm,Life,Whole,92
2023-07-11,Allstate,Auto,Comprehensive,181
2023-07-11,Allstate,Auto,Liability,145
2023-07-11,Allstate,Home,Property,255
2023-07-11,Allstate,Home,Renters,237
2023-07-11,Allstate,Life,Term,79
2023-07-11,Allstate,Life,Whole,290
2023-07-12,Geico,Auto,Comprehensive,112
2023-07-12,Geico,Auto,Liability,104
2023-07-12,Geico,Home,Property,146
2023-07-12,Geico,Home,Renters,188
2023-07-12,Geico,Life,Term,71
2023-07-12,Geico,Life,Whole,257
2023-07-12,StateFarm,Auto,Comprehensive,155
2023-07-12,StateFarm,Auto,Liability,89
2023-07-12,StateFarm,Home,Property,151
2023-07-12,StateFarm,Home,Renters,75
2023-07-12,StateFarm,Life,Term,242
2023-07-12,StateFarm,Life,Whole,169
2023-07-12,Allstate,Auto,Comprehensive,304
2023-07-12,Allstate,Auto,Liability,279
2023-07-12,Allstate,Home,Property,120
2023-07-12,Allstate,Home,Renters,203
2023-07-12,Allstate,Life,Term,238
2023-07-12,Allstate,Life,Whole,118
2023-07-13,Geico,Auto,Comprehensive,209
2023-07-13,Geico,Auto,Liability,102
2023-07-13,Geico,Home,Property,256
2023-07-13,Geico,Home,Renters,261
2023-07-13,Geico,Life,Term,105
2023-07-13,Geico,Life,Whole,216
2023-07-13,StateFarm,Auto,Comprehensive,320
2023-07-13,StateFarm,Auto,Liability,150
2023-07-13,StateFarm,Home,Property,149
2023-07-13,StateFarm,Home,Renters,261
2023-07-13,StateFarm,Life,Term,299
2023-07-13,StateFarm,Life,Whole,122
2023-07-13,Allstate,Auto,Comprehensive,96
2023-07-13,Allstate,Auto,Liability,98
2023-07-13,Allstate,Home,Property,153
2023-07-13,Allstate,Home,Renters,159
2023-07-13,Allstate,Life,Term,193
2023-07-13,Allstate,Life,Whole,82
2023-07-14,Geico,Auto,Comprehensive,319
2023-07-14,Geico,Auto,Liability,338
2023-07-14,Geico,Home,Property,151
2023-07-14,Geico,Home,Renters,257
2023-07-14,Geico,Life,Term,146
2023-07-14,Geico,Life,Whole,220
2023-07-14,StateFarm,Auto,Comprehensive,210
2023-07-14,StateFarm,Auto,Liability,129
2023-07-14,StateFarm,Home,Property,103
2023-07-14,StateFarm,Home,Renters,208
2023-07-14,StateFarm,Life,Term,285
2023-07-14,StateFarm,Life,Whole,113
2023-07-14,Allstate,Auto,Comprehensive,160
2023-07-14,Allstate,Auto,Liability,90
2023-07-14,Allstate,Home,Property,172
2023-07-14,Allstate,Home,Renters,81
2023-07-14,Allstate,Life,Term,246
2023-07-14,Allstate,Life,Whole,262
2023-07-15,Geico,Auto,Comprehensive,142
2023-07-15,Geico,Auto,Liability,283
2023-07-15,Geico,Home,Property,185
2023-07-15,Geico,Home,Renters,141
2023-07-15,Geico,Life,Term,282
2023-07-15,Geico,Life,Whole,112
2023-07-15,StateFarm,Auto,Comprehensive,223
2023-07-15,StateFarm,Auto,Liability,260
2023-07-15,StateFarm,Home,Property,288
2023-07-15,StateFarm,Home,Renters,70
2023-07-15,StateFarm,Life,Term,196
2023-07-15,StateFarm,Life,Whole,90
2023-07-15,Allstate,Auto,Comprehensive,112
2023-07-15,Allstate,Auto,Liability,140
2023-07-15,Allstate,Home,Property,246
2023-07-15,Allstate,Home,Renters,61
2023-07-15,Allstate,Life,Term,100
2023-07-15,Allstate,Life,Whole,124
2023-07-16,Geico,Auto,Comprehensive,253
2023-07-16,Geico,Auto,Liability,285
2023-07-16,Geico,Home,Property,294
2023-07-16,Geico,Home,Renters,114
2023-07-16,Geico,Life,Term,166
2023-07-16,Geico,Life,Whole,220
2023-07-16,StateFarm,Auto,Comprehensive,278
2023-07-16,StateFarm,Auto,Liability,164
2023-07-16,StateFarm,Home,Property,254
2023-07-16,StateFarm,Home,Renters,248
2023-07-16,StateFarm,Life,Term,175
2023-07-16,StateFarm,Life,Whole,185
2023-07-16,Allstate,Auto,Comprehensive,327
2023-07-16,Allstate,Auto,Liability,166
2023-07-16,Allstate,Home,Property,222
2023-07-16,Allstate,Home,Renters,74
2023-07-16,Allstate,Life,Term,252
2023-07-16,Allstate,Life,Whole,154
2023-07-17,Geico,Auto,Comprehensive,291
2023-07-17,Geico,Auto,Liability,180
2023-07-17,Geico,Home,Property,88
2023-07-17,Geico,Home,Renters,88
2023-07-17,Geico,Life,Term,154
2023-07-17,Geico,Life,Whole,76
2023-07-17,StateFarm,Auto,Comprehensive,170
2023-07-17,StateFarm,Auto,Liability,150
2023-07-17,StateFarm,Home,Property,50
2023-07-17,StateFarm,Home,Renters,144
2023-07-17,StateFarm,Life,Term,129
2023-07-17,StateFarm,Life,Whole,235
2023-07-17,Allstate,Auto,Comprehensive,143
2023-07-17,Allstate,Auto,Liability,318
2023-07-17,Allstate,Home,Property,240
2023-07-17,Allstate,Home,Renters,295
2023-07-17,Allstate,Life,Term,110
2023-07-17,Allstate,Life,Whole,210
2023-07-18,Geico,Auto,Comprehensive,322
2023-07-18,Geico,Auto,Liability,305
2023-07-18,Geico,Home,Property,72
2023-07-18,Geico,Home,Renters,274
2023-07-18,Geico,Life,Term,61
2023-07-18,Geico,Life,Whole,152
2023-07-18,StateFarm,Auto,Comprehensive,243
2023-07-18,StateFarm,Auto,Liability,193
2023-07-18,StateFarm,Home,Property,201
2023-07-18,StateFarm,Home,Renters,291
2023-07-18,StateFarm,Life,Term,171
2023-07-18,StateFarm,Life,Whole,165
2023-07-18,Allstate,Auto,Comprehensive,250
2023-07-18,Allstate,Auto,Liability,221
2023-07-18,Allstate,Home,Property,278
2023-07-18,Allstate,Home,Renters,146
2023-07-18,Allstate,Life,Term,226
2023-07-18,Allstate,Life,Whole,72
2023-07-19,Geico,Auto,Comprehensive,282
2023-07-19,Geico,Auto,Liability,307
2023-07-19,Geico,Home,Property,118
2023-07-19,Geico,Home,Renters,66
2023-07-19,Geico,Life,Term,191
2023-07-19,Geico,Life,Whole,198
2023-07-19,StateFarm,Auto,Comprehensive,143
2023-07-19,StateFarm,Auto,Liability,270
2023-07-19,StateFarm,Home,Property,201
2023-07-19,StateFarm,Home,Renters,259
2023-07-19,StateFarm,Life,Term,252
2023-07-19,StateFarm,Life,Whole,225
2023-07-19,Allstate,Auto,Comprehensive,179
2023-07-19,Allstate,Auto,Liability,350
2023-07-19,Allstate,Home,Property,90
2023-07-19,Allstate,Home,Renters,217
2023-07-19,Allstate,Life,Term,181
2023-07-19,Allstate,Life,Whole,109
2023-07-20,Geico,Auto,Comprehensive,297
2023-07-20,Geico,Auto,Liability,376
2023-07-20,Geico,Home,Property,174
2023-07-20,Geico,Home,Renters,295
2023-07-20,Geico,Life,Term,209
2023-07-20,Geico,Life,Whole,174
2023-07-20,StateFarm,Auto,Comprehensive,293
2023-07-20,StateFarm,Auto,Liability,143
2023-07-20,StateFarm,Home,Property,208
2023-07-20,StateFarm,Home,Renters,87
2023-07-20,StateFarm,Life,Term,122
2023-07-20,StateFarm,Life,Whole,284
2023-07-20,Allstate,Auto,Comprehensive,212
2023-07-20,Allstate,Auto,Liability,123
2023-07-20,Allstate,Home,Property,54
2023-07-20,Allstate,Home,Renters,121
2023-07-20,Allstate,Life,Term,144
2023-07-20,Allstate,Life,Whole,273
2023-07-21,Geico,Auto,Comprehensive,284
2023-07-21,Geico,Auto,Liability,301
2023-07-21,Geico,Home,Property,80
2023-07-21,Geico,Home,Renters,143
2023-07-21,Geico,Life,Term,107
2023-07-21,Geico,Life,Whole,100
2023-07-21,StateFarm,Auto,Comprehensive,292
2023-07-21,StateFarm,Auto,Liability,255
2023-07-21,StateFarm,Home,Property,168
2023-07-21,StateFarm,Home,Renters,213
2023-07-21,StateFarm,Life,Term,86
2023-07-21,StateFarm,Life,Whole,54
2023-07-21,Allstate,Auto,Comprehensive,148
2023-07-21,Allstate,Auto,Liability,266
2023-07-21,Allstate,Home,Property,93
2023-07-21,Allstate,Home,Renters,286
2023-07-21,Allstate,Life,Term,138
2023-07-21,Allstate,Life,Whole,250
2023-07-22,Geico,Auto,Comprehensive,236
2023-07-22,Geico,Auto,Liability,347
2023-07-22,Geico,Home,Property,201
2023-07-22,Geico,Home,Renters,190
2023-07-22,Geico,Life,Term,73
2023-07-22,Geico,Life,Whole,70
2023-07-22,StateFarm,Auto,Comprehensive,133
2023-07-22,StateFarm,Auto,Liability,95
2023-07-22,StateFarm,Home,Property,56
2023-07-22,StateFarm,Home,Renters,112
2023-07-22,StateFarm,Life,Term,298
2023-07-22,StateFarm,Life,Whole,103
2023-07-22,Allstate,Auto,Comprehensive,254
2023-07-22,Allstate,Auto,Liability,213
2023-07-22,Allstate,Home,Property,265
2023-07-22,Allstate,Home,Renters,59
2023-07-22,Allstate,Life,Term,143
2023-07-22,Allstate,Life,Whole,104
2023-07-23,Geico,Auto,Comprehensive,198
2023-07-23,Geico,Auto,Liability,317
2023-07-23,Geico,Home,Property,140
2023-07-23,Geico,Home,Renters,193
2023-07-23,Geico,Life,Term,166
2023-07-23,Geico,Life,Whole,162
2023-07-23,StateFarm,Auto,Comprehensive,162
2023-07-23,StateFarm,Auto,Liability,217
2023-07-23,StateFarm,Home,Property,208
2023-07-23,StateFarm,Home,Renters,90
2023-07-23,StateFarm,Life,Term,149
2023-07-23,StateFarm,Life,Whole,100
2023-07-23,Allstate,Auto,Comprehensive,133
2023-07-23,Allstate,Auto,Liability,103
2023-07-23,Allstate,Home,Property,113
2023-07-23,Allstate,Home,Renters,133
2023-07-23,Allstate,Life,Term,252
2023-07-23,Allstate,Life,Whole,159
2023-07-24,Geico,Auto,Comprehensive,200
2023-07-24,Geico,Auto,Liability,181
2023-07-24,Geico,Home,Property,106
2023-07-24,Geico,Home,Renters,170
2023-07-24,Geico,Life,Term,117
2023-07-24,Geico,Life,Whole,87
2023-07-24,StateFarm,Auto,Comprehensive,295
2023-07-24,StateFarm,Auto,Liability,277
2023-07-24,StateFarm,Home,Property,281
2023-07-24,StateFarm,Home,Renters,299
2023-07-24,StateFarm,Life,Term,209
2023-07-24,StateFarm,Life,Whole,120
2023-07-24,Allstate,Auto,Comprehensive,182
2023-07-24,Allstate,Auto,Liability,248
2023-07-24,Allstate,Home,Property,125
2023-07-24,Allstate,Home,Renters,224
2023-07-24,Allstate,Life,Term,258
2023-07-24,Allstate,Life,Whole,109
2023-07-25,Geico,Auto,Comprehensive,143
2023-07-25,Geico,Auto,Liability,170
2023-07-25,Geico,Home,Property,163
2023-07-25,Geico,Home,Renters,202
2023-07-25,Geico,Life,Term,104
2023-07-25,Geico,Life,Whole,255
2023-07-25,StateFarm,Auto,Comprehensive,281
2023-07-25,StateFarm,Auto,Liability,251
2023-07-25,StateFarm,Home,Property,287
2023-07-25,StateFarm,Home,Renters,131
2023-07-25,StateFarm,Life,Term,85
2023-07-25,StateFarm,Life,Whole,123
2023-07-25,Allstate,Auto,Comprehensive,102
2023-07-25,Allstate,Auto,Liability,202
2023-07-25,Allstate,Home,Property,125
2023-07-25,Allstate,Home,Renters,208
2023-07-25,Allstate,Life,Term,81
2023-07-25,Allstate,Life,Whole,225
2023-07-26,Geico,Auto,Comprehensive,113
2023-07-26,Geico,Auto,Liability,255
2023-07-26,Geico,Home,Property,95
2023-07-26,Geico,Home,Renters,281
2023-07-26,Geico,Life,Term,272
2023-07-26,Geico,Life,Whole,80
2023-07-26,StateFarm,Auto,Comprehensive,158
2023-07-26,StateFarm,Auto,Liability,311
2023-07-26,StateFarm,Home,Property,270
2023-07-26,StateFarm,Home,Renters,170
2023-07-26,StateFarm,Life,Term,253
2023-07-26,StateFarm,Life,Whole,279
2023-07-26,Allstate,Auto,Comprehensive,160
2023-07-26,Allstate,Auto,Liability,157
2023-07-26,Allstate,Home,Property,254
2023-07-26,Allstate,Home,Renters,161
2023-07-26,Allstate,Life,Term,153
2023-07-26,Allstate,Life,Whole,170
2023-07-27,Geico,Auto,Comprehensive,281
2023-07-27,Geico,Auto,Liability,267
2023-07-27,Geico,Home,Property,137
2023-07-27,Geico,Home,Renters,184
2023-07-27,Geico,Life,Term,170
2023-07-27,Geico,Life,Whole,52
2023-07-27,StateFarm,Auto,Comprehensive,256
2023-07-27,StateFarm,Auto,Liability,194
2023-07-27,StateFarm,Home,Property,141
2023-07-27,StateFarm,Home,Renters,103
2023-07-27,StateFarm,Life,Term,238
2023-07-27,StateFarm,Life,Whole,215
2023-07-27,Allstate,Auto,Comprehensive,205
2023-07-27,Allstate,Auto,Liability,128
2023-07-27,Allstate,Home,Property,112
2023-07-27,Allstate,Home,Renters,166
2023-07-27,Allstate,Life,Term,200
2023-07-27,Allstate,Life,Whole,292
2023-07-28,Geico,Auto,Comprehensive,248
2023-07-28,Geico,Auto,Liability,300
2023-07-28,Geico,Home,Property,71
2023-07-28,Geico,Home,Renters,122
2023-07-28,Geico,Life,Term,119
2023-07-28,Geico,Life,Whole,281
2023-07-28,StateFarm,Auto,Comprehensive,86
2023-07-28,StateFarm,Auto,Liability,316
2023-07-28,StateFarm,Home,Property,207
2023-07-28,StateFarm,Home,Renters,182
2023-07-28,StateFarm,Life,Term,206
2023-07-28,StateFarm,Life,Whole,174
2023-07-28,Allstate,Auto,Comprehensive,328
2023-07-28,Allstate,Auto,Liability,265
2023-07-28,Allstate,Home,Property,112
2023-07-28,Allstate,Home,Renters,244
2023-07-28,Allstate,Life,Term,93
2023-07-28,Allstate,Life,Whole,234
2023-07-29,Geico,Auto,Comprehensive,104
2023-07-29,Geico,Auto,Liability,265
2023-07-29,Geico,Home,Property,108
2023-07-29,Geico,Home,Renters,164
2023-07-29,Geico,Life,Term,259
2023-07-29,Geico,Life,Whole,213
2023-07-29,StateFarm,Auto,Comprehensive,268
2023-07-29,StateFarm,Auto,Liability,211
2023-07-29,StateFarm,Home,Property,249
2023-07-29,StateFarm,Home,Renters,159
2023-07-29,StateFarm,Life,Term,190
2023-07-29,StateFarm,Life,Whole,200
2023-07-29,Allstate,Auto,Comprehensive,185
2023-07-29,Allstate,Auto,Liability,239
2023-07-29,Allstate,Home,Property,218
2023-07-29,Allstate,Home,Renters,248
2023-07-29,Allstate,Life,Term,190
2023-07-29,Allstate,Life,Whole,231
2023-07-30,Geico,Auto,Comprehensive,224
2023-07-30,Geico,Auto,Liability,126
2023-07-30,Geico,Home,Property,292
2023-07-30,Geico,Home,Renters,291
2023-07-30,Geico,Life,Term,175
2023-07-30,Geico,Life,Whole,242
2023-07-30,StateFarm,Auto,Comprehensive,209
2023-07-30,StateFarm,Auto,Liability,309
2023-07-30,StateFarm,Home,Property,236
2023-07-30,StateFarm,Home,Renters,234
2023-07-30,StateFarm,Life,Term,229
2023-07-30,StateFarm,Life,Whole,296
2023-07-30,Allstate,Auto,Comprehensive,247
2023-07-30,Allstate,Auto,Liability,121
2023-07-30,Allstate,Home,Property,90
2023-07-30,Allstate,Home,Renters,288
2023-07-30,Allstate,Life,Term,59
2023-07-30,Allstate,Life,Whole,108
2023-07-31,Geico,Auto,Comprehensive,216
2023-07-31,Geico,Auto,Liability,207
2023-07-31,Geico,Home,Property,280
2023-07-31,Geico,Home,Renters,196
2023-07-31,Geico,Life,Term,75
2023-07-31,Geico,Life,Whole,104
2023-07-31,StateFarm,Auto,Comprehensive,286
2023-07-31,StateFarm,Auto,Liability,120
2023-07-31,StateFarm,Home,Property,274
2023-07-31,StateFarm,Home,Renters,236
2023-07-31,StateFarm,Life,Term,245
2023-07-31,StateFarm,Life,Whole,135
2023-07-31,Allstate,Auto,Comprehensive,170
2023-07-31,Allstate,Auto,Liability,174
2023-07-31,Allstate,Home,Property,80
2023-07-31,Allstate,Home,Renters,206
2023-07-31,Allstate,Life,Term,230
2023-07-31,Allstate,Life,Whole,51
2023-08-01,Geico,Auto,Comprehensive,317
2023-08-01,Geico,Auto,Liability,270
2023-08-01,Geico,Home,Property,281
2023-08-01,Geico,Home,Renters,109
2023-08-01,Geico,Life,Term,73
2023-08-01,Geico,Life,Whole,293
2023-08-01,StateFarm,Auto,Comprehensive,151
2023-08-01,StateFarm,Auto,Liability,212
2023-08-01,StateFarm,Home,Property,250
2023-08-01,StateFarm,Home,Renters,73
2023-08-01,StateFarm,Life,Term,200
2023-08-01,StateFarm,Life,Whole,238
2023-08-01,Allstate,Auto,Comprehensive,151
2023-08-01,Allstate,Auto,Liability,164
2023-08-01,Allstate,Home,Property,82
2023-08-01,Allstate,Home,Renters,159
2023-08-01,Allstate,Life,Term,188
2023-08-01,Allstate,Life,Whole,207
2023-08-02,Geico,Auto,Comprehensive,281
2023-08-02,Geico,Auto,Liability,149
2023-08-02,Geico,Home,Property,181
2023-08-02,Geico,Home,Renters,117
2023-08-02,Geico,Life,Term,274
2023-08-02,Geico,Life,Whole,221
2023-08-02,StateFarm,Auto,Comprehensive,293
2023-08-02,StateFarm,Auto,Liability,88
2023-08-02,StateFarm,Home,Property,224
2023-08-02,StateFarm,Home,Renters,137
2023-08-02,StateFarm,Life,Term,218
2023-08-02,StateFarm,Life,Whole,67
2023-08-02,Allstate,Auto,Comprehensive,342
2023-08-02,Allstate,Auto,Liability,153
2023-08-02,Allstate,Home,Property,267
2023-08-02,Allstate,Home,Renters,267
2023-08-02,Allstate,Life,Term,124
2023-08-02,Allstate,Life,Whole,269
2023-08-03,Geico,Auto,Comprehensive,283
2023-08-03,Geico,Auto,Liability,258
2023-08-03,Geico,Home,Property,151
2023-08-03,Geico,Home,Renters,253
2023-08-03,Geico,Life,Term,245
2023-08-03,Geico,Life,Whole,128
2023-08-03,StateFarm,Auto,Comprehensive,169
2023-08-03,StateFarm,Auto,Liability,302
2023-08-03,StateFarm,Home,Property,152
2023-08-03,StateFarm,Home,Renters,291
2023-08-03,StateFarm,Life,Term,81
2023-08-03,StateFarm,Life,Whole,281
2023-08-03,Allstate,Auto,Comprehensive,337
2023-08-03,Allstate,Auto,Liability,294
2023-08-03,Allstate,Home,Property,206
2023-08-03,Allstate,Home,Renters,77
2023-08-03,Allstate,Life,Term,163
2023-08-03,Allstate,Life,Whole,211
2023-08-04,Geico,Auto,Comprehensive,233
2023-08-04,Geico,Auto,Liability,274
2023-08-04,Geico,Home,Property,138
2023-08-04,Geico,Home,Renters,259
2023-08-04,Geico,Life,Term,248
2023-08-04,Geico,Life,Whole,109
2023-08-04,StateFarm,Auto,Comprehensive,286
2023-08-04,StateFarm,Auto,Liability,112
2023-08-04,StateFarm,Home,Property,271
2023-08-04,StateFarm,Home,Renters,276
2023-08-04,StateFarm,Life,Term,192
2023-08-04,StateFarm,Life,Whole,164
2023-08-04,Allstate,Auto,Comprehensive,267
2023-08-04,Allstate,Auto,Liability,245
2023-08-04,Allstate,Home,Property,231
2023-08-04,Allstate,Home,Renters,244
2023-08-04,Allstate,Life,Term,72
2023-08-04,Allstate,Life,Whole,255
2023-08-05,Geico,Auto,Comprehensive,247
2023-08-05,Geico,Auto,Liability,343
2023-08-05,Geico,Home,Property,286
2023-08-05,Geico,Home,Renters,68
2023-08-05,Geico,Life,Term,52
2023-08-05,Geico,Life,Whole,97
2023-08-05,StateFarm,Auto,Comprehensive,217
2023-08-05,StateFarm,Auto,Liability,332
2023-08-05,StateFarm,Home,Property,210
2023-08-05,StateFarm,Home,Renters,148
2023-08-05,StateFarm,Life,Term,291
2023-08-05,StateFarm,Life,Whole,130
2023-08-05,Allstate,Auto,Comprehensive,372
2023-08-05,Allstate,Auto,Liability,315
2023-08-05,Allstate,Home,Property,235
2023-08-05,Allstate,Home,Renters,289
2023-08-05,Allstate,Life,Term,222
2023-08-05,Allstate,Life,Whole,65
2023-08-06,Geico,Auto,Comprehensive,333
2023-08-06,Geico,Auto,Liability,288
2023-08-06,Geico,Home,Property,104
2023-08-06,Geico,Home,Renters,232
2023-08-06,Geico,Life,Term,85
2023-08-06,Geico,Life,Whole,229
2023-08-06,StateFarm,Auto,Comprehensive,264
2023-08-06,StateFarm,Auto,Liability,299
2023-08-06,StateFarm,Home,Property,265
2023-08-06,StateFarm,Home,Renters,96
2023-08-06,StateFarm,Life,Term,182
2023-08-06,StateFarm,Life,Whole,50
2023-08-06,Allstate,Auto,Comprehensive,346
2023-08-06,Allstate,Auto,Liability,315
2023-08-06,Allstate,Home,Property,165
2023-08-06,Allstate,Home,Renters,102
2023-08-06,Allstate,Life,Term,88
2023-08-06,Allstate,Life,Whole,161
2023-08-07,Geico,Auto,Comprehensive,220
2023-08-07,Geico,Auto,Liability,184
2023-08-07,Geico,Home,Property,177
2023-08-07,Geico,Home,Renters,145
2023-08-07,Geico,Life,Term,201
2023-08-07,Geico,Life,Whole,91
2023-08-07,StateFarm,Auto,Comprehensive,289
2023-08-07,StateFarm,Auto,Liability,136
2023-08-07,StateFarm,Home,Property,213
2023-08-07,StateFarm,Home,Renters,281
2023-08-07,StateFarm,Life,Term,230
2023-08-07,StateFarm,Life,Whole,153
2023-08-07,Allstate,Auto,Comprehensive,228
2023-08-07,Allstate,Auto,Liability,173
2023-08-07,Allstate,Home,Property,126
2023-08-07,Allstate,Home,Renters,224
2023-08-07,Allstate,Life,Term,185
2023-08-07,Allstate,Life,Whole,255
2023-08-08,Geico,Auto,Comprehensive,252
2023-08-08,Geico,Auto,Liability,167
2023-08-08,Geico,Home,Property,267
2023-08-08,Geico,Home,Renters,260
2023-08-08,Geico,Life,Term,159
2023-08-08,Geico,Life,Whole,185
2023-08-08,StateFarm,Auto,Comprehensive,152
2023-08-08,StateFarm,Auto,Liability,129
2023-08-08,StateFarm,Home,Property,185
2023-08-08,StateFarm,Home,Renters,235
2023-08-08,StateFarm,Life,Term,197
2023-08-08,StateFarm,Life,Whole,65
2023-08-08,Allstate,Auto,Comprehensive,112
2023-08-08,Allstate,Auto,Liability,192
2023-08-08,Allstate,Home,Property,206
2023-08-08,Allstate,Home,Renters,194
2023-08-08,Allstate,Life,Term,66
2023-08-08,Allstate,Life,Whole,258
2023-08-09,Geico,Auto,Comprehensive,179
2023-08-09,Geico,Auto,Liability,270
2023-08-09,Geico,Home,Property,134
2023-08-09,Geico,Home,Renters,250
2023-08-09,Geico,Life,Term,185
2023-08-09,Geico,Life,Whole,211
2023-08-09,StateFarm,Auto,Comprehensive,185
2023-08-09,StateFarm,Auto,Liability,180
2023-08-09,StateFarm,Home,Property,248
2023-08-09,StateFarm,Home,Renters,275
2023-08-09,StateFarm,Life,Term,108
2023-08-09,StateFarm,Life,Whole,244
2023-08-09,Allstate,Auto,Comprehensive,257
2023-08-09,Allstate,Auto,Liability,304
2023-08-09,Allstate,Home,Property,99
2023-08-09,Allstate,Home,Renters,252
2023-08-09,Allstate,Life,Term,77
2023-08-09,Allstate,Life,Whole,267
2023-08-10,Geico,Auto,Comprehensive,315
2023-08-10,Geico,Auto,Liability,275
2023-08-10,Geico,Home,Property,236
2023-08-10,Geico,Home,Renters,89
2023-08-10,Geico,Life,Term,157
2023-08-10,Geico,Life,Whole,93
2023-08-10,StateFarm,Auto,Comprehensive,197
2023-08-10,StateFarm,Auto,Liability,253
2023-08-10,StateFarm,Home,Property,152
2023-08-10,StateFarm,Home,Renters,126
2023-08-10,StateFarm,Life,Term,109
2023-08-10,StateFarm,Life,Whole,116
2023-08-10,Allstate,Auto,Comprehensive,154
2023-08-10,Allstate,Auto,Liability,148
2023-08-10,Allstate,Home,Property,78
2023-08-10,Allstate,Home,Renters,158
2023-08-10,Allstate,Life,Term,79
2023-08-10,Allstate,Life,Whole,182
2023-08-11,Geico,Auto,Comprehensive,282
2023-08-11,Geico,Auto,Liability,343
2023-08-11,Geico,Home,Property,119
2023-08-11,Geico,Home,Renters,159
2023-08-11,Geico,Life,Term,206
2023-08-11,Geico,Life,Whole,244
2023-08-11,StateFarm,Auto,Comprehensive,354
2023-08-11,StateFarm,Auto,Liability,273
2023-08-11,StateFarm,Home,Property,51
2023-08-11,StateFarm,Home,Renters,282
2023-08-11,StateFarm,Life,Term,63
2023-08-11,StateFarm,Life,Whole,218
2023-08-11,Allstate,Auto,Comprehensive,268
2023-08-11,Allstate,Auto,Liability,321
2023-08-11,Allstate,Home,Property,68
2023-08-11,Allstate,Home,Renters,139
2023-08-11,Allstate,Life,Term,151
2023-08-11,Allstate,Life,Whole,113
2023-08-12,Geico,Auto,Comprehensive,204
2023-08-12,Geico,Auto,Liability,271
2023-08-12,Geico,Home,Property,214
2023-08-12,Geico,Home,Renters,203
2023-08-12,Geico,Life,Term,104
2023-08-12,Geico,Life,Whole,96
2023-08-12,StateFarm,Auto,Comprehensive,310
2023-08-12,StateFarm,Auto,Liability,162
2023-08-12,StateFarm,Home,Property,94
2023-08-12,StateFarm,Home,Renters,207
2023-08-12,StateFarm,Life,Term,109
2023-08-12,StateFarm,Life,Whole,137
2023-08-12,Allstate,Auto,Comprehensive,122
2023-08-12,Allstate,Auto,Liability,306
2023-08-12,Allstate,Home,Property,152
2023-08-12,Allstate,Home,Renters,133
2023-08-12,Allstate,Life,Term,93
2023-08-12,Allstate,Life,Whole,51
2023-08-13,Geico,Auto,Comprehensive,249
2023-08-13,Geico,Auto,Liability,192
2023-08-13,Geico,Home,Property,160
2023-08-13,Geico,Home,Renters,274
2023-08-13,Geico,Life,Term,69
2023-08-13,Geico,Life,Whole,141
2023-08-13,StateFarm,Auto,Comprehensive,270
2023-08-13,StateFarm,Auto,Liability,228
2023-08-13,StateFarm,Home,Property,83
2023-08-13,StateFarm,Home,Renters,89
2023-08-13,StateFarm,Life,Term,52
2023-08-13,StateFarm,Life,Whole,150
2023-08-13,Allstate,Auto,Comprehensive,284
2023-08-13,Allstate,Auto,Liability,289
2023-08-13,Allstate,Home,Property,56
2023-08-13,Allstate,Home,Renters,270
2023-08-13,Allstate,Life,Term,163
2023-08-13,Allstate,Life,Whole,184
2023-08-14,Geico,Auto,Comprehensive,343
2023-08-14,Geico,Auto,Liability,192
2023-08-14,Geico,Home,Property,103
2023-08-14,Geico,Home,Renters,241
2023-08-14,Geico,Life,Term,70
2023-08-14,Geico,Life,Whole,93
2023-08-14,StateFarm,Auto,Comprehensive,305
2023-08-14,StateFarm,Auto,Liability,239
2023-08-14,StateFarm,Home,Property,93
2023-08-14,StateFarm,Home,Renters,151
2023-08-14,StateFarm,Life,Term,67
2023-08-14,StateFarm,Life,Whole,161
2023-08-14,Allstate,Auto,Comprehensive,145
2023-08-14,Allstate,Auto,Liability,223
2023-08-14,Allstate,Home,Property,123
2023-08-14,Allstate,Home,Renters,195
2023-08-14,Allstate,Life,Term,77
2023-08-14,Allstate,Life,Whole,53
2023-08-15,Geico,Auto,Comprehensive,188
2023-08-15,Geico,Auto,Liability,311
2023-08-15,Geico,Home,Property,51
2023-08-15,Geico,Home,Renters,78
2023-08-15,Geico,Life,Term,142
2023-08-15,Geico,Life,Whole,241
2023-08-15,StateFarm,Auto,Comprehensive,322
2023-08-15,StateFarm,Auto,Liability,314
2023-08-15,StateFarm,Home,Property,268
2023-08-15,StateFarm,Home,Renters,187
2023-08-15,StateFarm,Life,Term,217
2023-08-15,StateFarm,Life,Whole,174
2023-08-15,Allstate,Auto,Comprehensive,200
2023-08-15,Allstate,Auto,Liability,309
2023-08-15,Allstate,Home,Property,254
2023-08-15,Allstate,Home,Renters,77
2023-08-15,Allstate,Life,Term,287
2023-08-15,Allstate,Life,Whole,121
2023-08-16,Geico,Auto,Comprehensive,312
2023-08-16,Geico,Auto,Liability,213
2023-08-16,Geico,Home,Property,216
2023-08-16,Geico,Home,Renters,175
2023-08-16,Geico,Life,Term,85
2023-08-16,Geico,Life,Whole,120
2023-08-16,StateFarm,Auto,Comprehensive,182
2023-08-16,StateFarm,Auto,Liability,197
2023-08-16,StateFarm,Home,Property,264
2023-08-16,StateFarm,Home,Renters,214
2023-08-16,StateFarm,Life,Term,269
2023-08-16,StateFarm,Life,Whole,199
2023-08-16,Allstate,Auto,Comprehensive,255
2023-08-16,Allstate,Auto,Liability,185
2023-08-16,Allstate,Home,Property,299
2023-08-16,Allstate,Home,Renters,258
2023-08-16,Allstate,Life,Term,209
2023-08-16,Allstate,Life,Whole,170
2023-08-17,Geico,Auto,Comprehensive,366
2023-08-17,Geico,Auto,Liability,140
2023-08-17,Geico,Home,Property,91
2023-08-17,Geico,Home,Renters,156
2023-08-17,Geico,Life,Term,135
2023-08-17,Geico,Life,Whole,113
2023-08-17,StateFarm,Auto,Comprehensive,179
2023-08-17,StateFarm,Auto,Liability,275
2023-08-17,StateFarm,Home,Property,82
2023-08-17,StateFarm,Home,Renters,138
2023-08-17,StateFarm,Life,Term,142
2023-08-17,StateFarm,Life,Whole,269
2023-08-17,Allstate,Auto,Comprehensive,294
2023-08-17,Allstate,Auto,Liability,88
2023-08-17,Allstate,Home,Property,107
2023-08-17,Allstate,Home,Renters,159
2023-08-17,Allstate,Life,Term,129
2023-08-17,Allstate,Life,Whole,108
2023-08-18,Geico,Auto,Comprehensive,283
2023-08-18,Geico,Auto,Liability,302
2023-08-18,Geico,Home,Property,271
2023-08-18,Geico,Home,Renters,64
2023-08-18,Geico,Life,Term,252
2023-08-18,Geico,Life,Whole,291
2023-08-18,StateFarm,Auto,Comprehensive,204
2023-08-18,StateFarm,Auto,Liability,175
2023-08-18,StateFarm,Home,Property,272
2023-08-18,StateFarm,Home,Renters,244
2023-08-18,StateFarm,Life,Term,232
2023-08-18,StateFarm,Life,Whole,178
2023-08-18,Allstate,Auto,Comprehensive,189
2023-08-18,Allstate,Auto,Liability,207
2023-08-18,Allstate,Home,Property,212
2023-08-18,Allstate,Home,Renters,288
2023-08-18,Allstate,Life,Term,296
2023-08-18,Allstate,Life,Whole,214
2023-08-19,Geico,Auto,Comprehensive,159
2023-08-19,Geico,Auto,Liability,225
2023-08-19,Geico,Home,Property,222
2023-08-19,Geico,Home,Renters,149
2023-08-19,Geico,Life,Term,289
2023-08-19,Geico,Life,Whole,139
2023-08-19,StateFarm,Auto,Comprehensive,165
2023-08-19,StateFarm,Auto,Liability,319
2023-08-19,StateFarm,Home,Property,155
2023-08-19,StateFarm,Home,Renters,252
2023-08-19,StateFarm,Life,Term,179
2023-08-19,StateFarm,Life,Whole,156
2023-08-19,Allstate,Auto,Comprehensive,292
2023-08-19,Allstate,Auto,Liability,306
2023-08-19,Allstate,Home,Property,192
2023-08-19,Allstate,Home,Renters,248
2023-08-19,Allstate,Life,Term,74
2023-08-19,Allstate,Life,Whole,260
2023-08-20,Geico,Auto,Comprehensive,210
2023-08-20,Geico,Auto,Liability,226
2023-08-20,Geico,Home,Property,202
2023-08-20,Geico,Home,Renters,134
2023-08-20,Geico,Life,Term,80
2023-08-20,Geico,Life,Whole,158
2023-08-20,StateFarm,Auto,Comprehensive,343
2023-08-20,StateFarm,Auto,Liability,95
2023-08-20,StateFarm,Home,Property,266
2023-08-20,StateFarm,Home,Renters,115
2023-08-20,StateFarm,Life,Term,266
2023-08-20,StateFarm,Life,Whole,250
2023-08-20,Allstate,Auto,Comprehensive,201
2023-08-20,Allstate,Auto,Liability,337
2023-08-20,Allstate,Home,Property,174
2023-08-20,Allstate,Home,Renters,214
2023-08-20,Allstate,Life,Term,297
2023-08-20,Allstate,Life,Whole,176
2023-08-21,Geico,Auto,Comprehensive,271
2023-08-21,Geico,Auto,Liability,313
2023-08-21,Geico,Home,Property,248
2023-08-21,Geico,Home,Renters,228
2023-08-21,Geico,Life,Term,289
2023-08-21,Geico,Life,Whole,106
2023-08-21,StateFarm,Auto,Comprehensive,333
2023-08-21,StateFarm,Auto,Liability,166
2023-08-21,StateFarm,Home,Property,207
2023-08-21,StateFarm,Home,Renters,169
2023-08-21,StateFarm,Life,Term,110
2023-08-21,StateFarm,Life,Whole,263
2023-08-21,Allstate,Auto,Comprehensive,293
2023-08-21,Allstate,Auto,Liability,103
2023-08-21,Allstate,Home,Property,296
2023-08-21,Allstate,Home,Renters,215
2023-08-21,Allstate,Life,Term,242
2023-08-21,Allstate,Life,Whole,270
2023-08-22,Geico,Auto,Comprehensive,282
2023-08-22,Geico,Auto,Liability,163
2023-08-22,Geico,Home,Property,293
2023-08-22,Geico,Home,Renters,232
2023-08-22,Geico,Life,Term,213
2023-08-22,Geico,Life,Whole,282
2023-08-22,StateFarm,Auto,Comprehensive,319
2023-08-22,StateFarm,Auto,Liability,296
2023-08-22,StateFarm,Home,Property,134
2023-08-22,StateFarm,Home,Renters,162
2023-08-22,StateFarm,Life,Term,223
2023-08-22,StateFarm,Life,Whole,162
2023-08-22,Allstate,Auto,Comprehensive,151
2023-08-22,Allstate,Auto,Liability,138
2023-08-22,Allstate,Home,Property,171
2023-08-22,Allstate,Home,Renters,109
2023-08-22,Allstate,Life,Term,154
2023-08-22,Allstate,Life,Whole,195
2023-08-23,Geico,Auto,Comprehensive,177
2023-08-23,Geico,Auto,Liability,316
2023-08-23,Geico,Home,Property,68
2023-08-23,Geico,Home,Renters,150
2023-08-23,Geico,Life,Term,282
2023-08-23,Geico,Life,Whole,290
2023-08-23,StateFarm,Auto,Comprehensive,330
2023-08-23,StateFarm,Auto,Liability,285
2023-08-23,StateFarm,Home,Property,179
2023-08-23,StateFarm,Home,Renters,188
2023-08-23,StateFarm,Life,Term,219
2023-08-23,StateFarm,Life,Whole,54
2023-08-23,Allstate,Auto,Comprehensive,210
2023-08-23,Allstate,Auto,Liability,133
2023-08-23,Allstate,Home,Property,198
2023-08-23,Allstate,Home,Renters,273
2023-08-23,Allstate,Life,Term,114
2023-08-23,Allstate,Life,Whole,261
2023-08-24,Geico,Auto,Comprehensive,94
2023-08-24,Geico,Auto,Liability,216
2023-08-24,Geico,Home,Property,256
2023-08-24,Geico,Home,Renters,168
2023-08-24,Geico,Life,Term,179
2023-08-24,Geico,Life,Whole,248
2023-08-24,StateFarm,Auto,Comprehensive,303
2023-08-24,StateFarm,Auto,Liability,115
2023-08-24,StateFarm,Home,Property,82
2023-08-24,StateFarm,Home,Renters,197
2023-08-24,StateFarm,Life,Term,149
2023-08-24,StateFarm,Life,Whole,270
2023-08-24,Allstate,Auto,Comprehensive,264
2023-08-24,Allstate,Auto,Liability,193
2023-08-24,Allstate,Home,Property,206
2023-08-24,Allstate,Home,Renters,183
2023-08-24,Allstate,Life,Term,172
2023-08-24,Allstate,Life,Whole,249
2023-08-25,Geico,Auto,Comprehensive,223
2023-08-25,Geico,Auto,Liability,319
2023-08-25,Geico,Home,Property,162
2023-08-25,Geico,Home,Renters,160
2023-08-25,Geico,Life,Term,215
2023-08-25,Geico,Life,Whole,186
2023-08-25,StateFarm,Auto,Comprehensive,82
2023-08-25,StateFarm,Auto,Liability,294
2023-08-25,StateFarm,Home,Property,180
2023-08-25,StateFarm,Home,Renters,65
2023-08-25,StateFarm,Life,Term,218
2023-08-25,StateFarm,Life,Whole,240
2023-08-25,Allstate,Auto,Comprehensive,349
2023-08-25,Allstate,Auto,Liability,323
2023-08-25,Allstate,Home,Property,198
2023-08-25,Allstate,Home,Renters,257
2023-08-25,Allstate,Life,Term,172
2023-08-25,Allstate,Life,Whole,299
2023-08-26,Geico,Auto,Comprehensive,281
2023-08-26,Geico,Auto,Liability,328
2023-08-26,Geico,Home,Property,119
2023-08-26,Geico,Home,Renters,234
2023-08-26,Geico,Life,Term,270
2023-08-26,Geico,Life,Whole,109
2023-08-26,StateFarm,Auto,Comprehensive,241
2023-08-26,StateFarm,Auto,Liability,339
2023-08-26,StateFarm,Home,Property,75
2023-08-26,StateFarm,Home,Renters,183
2023-08-26,StateFarm,Life,Term,252
2023-08-26,StateFarm,Life,Whole,227
2023-08-26,Allstate,Auto,Comprehensive,301
2023-08-26,Allstate,Auto,Liability,295
2023-08-26,Allstate,Home,Property,126
2023-08-26,Allstate,Home,Renters,176
2023-08-26,Allstate,Life,Term,124
2023-08-26,Allstate,Life,Whole,296
2023-08-27,Geico,Auto,Comprehensive,285
2023-08-27,Geico,Auto,Liability,251
2023-08-27,Geico,Home,Property,256
2023-08-27,Geico,Home,Renters,298
2023-08-27,Geico,Life,Term,194
2023-08-27,Geico,Life,Whole,143
2023-08-27,StateFarm,Auto,Comprehensive,183
2023-08-27,StateFarm,Auto,Liability,212
2023-08-27,StateFarm,Home,Property,170
2023-08-27,StateFarm,Home,Renters,111
2023-08-27,StateFarm,Life,Term,63
2023-08-27,StateFarm,Life,Whole,251
2023-08-27,Allstate,Auto,Comprehensive,261
2023-08-27,Allstate,Auto,Liability,341
2023-08-27,Allstate,Home,Property,241
2023-08-27,Allstate,Home,Renters,271
2023-08-27,Allstate,Life,Term,256
2023-08-27,Allstate,Life,Whole,194
2023-08-28,Geico,Auto,Comprehensive,262
2023-08-28,Geico,Auto,Liability,255
2023-08-28,Geico,Home,Property,273
2023-08-28,Geico,Home,Renters,171
2023-08-28,Geico,Life,Term,134
2023-08-28,Geico,Life,Whole,149
2023-08-28,StateFarm,Auto,Comprehensive,271
2023-08-28,StateFarm,Auto,Liability,307
2023-08-28,StateFarm,Home,Property,157
2023-08-28,StateFarm,Home,Renters,230
2023-08-28,StateFarm,Life,Term,88
2023-08-28,StateFarm,Life,Whole,210
2023-08-28,Allstate,Auto,Comprehensive,331
2023-08-28,Allstate,Auto,Liability,313
2023-08-28,Allstate,Home,Property,297
2023-08-28,Allstate,Home,Renters,227
2023-08-28,Allstate,Life,Term,64
2023-08-28,Allstate,Life,Whole,265
2023-08-29,Geico,Auto,Comprehensive,285
2023-08-29,Geico,Auto,Liability,290
2023-08-29,Geico,Home,Property,144
2023-08-29,Geico,Home,Renters,91
2023-08-29,Geico,Life,Term,85
2023-08-29,Geico,Life,Whole,273
2023-08-29,StateFarm,Auto,Comprehensive,297
2023-08-29,StateFarm,Auto,Liability,210
2023-08-29,StateFarm,Home,Property,249
2023-08-29,StateFarm,Home,Renters,239
2023-08-29,StateFarm,Life,Term,220
2023-08-29,StateFarm,Life,Whole,219
2023-08-29,Allstate,Auto,Comprehensive,250
2023-08-29,Allstate,Auto,Liability,290
2023-08-29,Allstate,Home,Property,283
2023-08-29,Allstate,Home,Renters,180
2023-08-29,Allstate,Life,Term,74
2023-08-29,Allstate,Life,Whole,148
2023-08-30,Geico,Auto,Comprehensive,279
2023-08-30,Geico,Auto,Liability,208
2023-08-30,Geico,Home,Property,81
2023-08-30,Geico,Home,Renters,216
2023-08-30,Geico,Life,Term,114
2023-08-30,Geico,Life,Whole,115
2023-08-30,StateFarm,Auto,Comprehensive,131
2023-08-30,StateFarm,Auto,Liability,208
2023-08-30,StateFarm,Home,Property,124
2023-08-30,StateFarm,Home,Renters,247
2023-08-30,StateFarm,Life,Term,258
2023-08-30,StateFarm,Life,Whole,95
2023-08-30,Allstate,Auto,Comprehensive,157
2023-08-30,Allstate,Auto,Liability,149
2023-08-30,Allstate,Home,Property,151
2023-08-30,Allstate,Home,Renters,241
2023-08-30,Allstate,Life,Term,149
2023-08-30,Allstate,Life,Whole,171
2023-08-31,Geico,Auto,Comprehensive,95
2023-08-31,Geico,Auto,Liability,168
2023-08-31,Geico,Home,Property,171
2023-08-31,Geico,Home,Renters,51
2023-08-31,Geico,Life,Term,280
2023-08-31,Geico,Life,Whole,67
2023-08-31,StateFarm,Auto,Comprehensive,242
2023-08-31,StateFarm,Auto,Liability,161
2023-08-31,StateFarm,Home,Property,264
2023-08-31,StateFarm,Home,Renters,105
2023-08-31,StateFarm,Life,Term,119
2023-08-31,StateFarm,Life,Whole,230
2023-08-31,Allstate,Auto,Comprehensive,324
2023-08-31,Allstate,Auto,Liability,232
2023-08-31,Allstate,Home,Property,86
2023-08-31,Allstate,Home,Renters,218
2023-08-31,Allstate,Life,Term,178
2023-08-31,Allstate,Life,Whole,191
2023-09-01,Geico,Auto,Comprehensive,182
2023-09-01,Geico,Auto,Liability,249
2023-09-01,Geico,Home,Property,65
2023-09-01,Geico,Home,Renters,114
2023-09-01,Geico,Life,Term,254
2023-09-01,Geico,Life,Whole,187
2023-09-01,StateFarm,Auto,Comprehensive,322
2023-09-01,StateFarm,Auto,Liability,131
2023-09-01,StateFarm,Home,Property,53
2023-09-01,StateFarm,Home,Renters,290
2023-09-01,StateFarm,Life,Term,165
2023-09-01,StateFarm,Life,Whole,249
2023-09-01,Allstate,Auto,Comprehensive,228
2023-09-01,Allstate,Auto,Liability,101
2023-09-01,Allstate,Home,Property,62
2023-09-01,Allstate,Home,Renters,70
2023-09-01,Allstate,Life,Term,264
2023-09-01,Allstate,Life,Whole,167
2023-09-02,Geico,Auto,Comprehensive,127
2023-09-02,Geico,Auto,Liability,150
2023-09-02,Geico,Home,Property,247
2023-09-02,Geico,Home,Renters,186
2023-09-02,Geico,Life,Term,106
2023-09-02,Geico,Life,Whole,80
2023-09-02,StateFarm,Auto,Comprehensive,163
2023-09-02,StateFarm,Auto,Liability,252
2023-09-02,StateFarm,Home,Property,78
2023-09-02,StateFarm,Home,Renters,118
2023-09-02,StateFarm,Life,Term,165
2023-09-02,StateFarm,Life,Whole,105
2023-09-02,Allstate,Auto,Comprehensive,232
2023-09-02,Allstate,Auto,Liability,103
2023-09-02,Allstate,Home,Property,228
2023-09-02,Allstate,Home,Renters,262
2023-09-02,Allstate,Life,Term,164
2023-09-02,Allstate,Life,Whole,243
2023-09-03,Geico,Auto,Comprehensive,262
2023-09-03,Geico,Auto,Liability,240
2023-09-03,Geico,Home,Property,139
2023-09-03,Geico,Home,Renters,249
2023-09-03,Geico,Life,Term,89
2023-09-03,Geico,Life,Whole,209
2023-09-03,StateFarm,Auto,Comprehensive,362
2023-09-03,StateFarm,Auto,Liability,292
2023-09-03,StateFarm,Home,Property,122
2023-09-03,StateFarm,Home,Renters,59
2023-09-03,StateFarm,Life,Term,148
2023-09-03,StateFarm,Life,Whole,103
2023-09-03,Allstate,Auto,Comprehensive,277
2023-09-03,Allstate,Auto,Liability,164
2023-09-03,Allstate,Home,Property,52
2023-09-03,Allstate,Home,Renters,69
2023-09-03,Allstate,Life,Term,153
2023-09-03,Allstate,Life,Whole,126
2023-09-04,Geico,Auto,Comprehensive,265
2023-09-04,Geico,Auto,Liability,116
2023-09-04,Geico,Home,Property,175
2023-09-04,Geico,Home,Renters,296
2023-09-04,Geico,Life,Term,165
2023-09-04,Geico,Life,Whole,173
2023-09-04,StateFarm,Auto,Comprehensive,153
2023-09-04,StateFarm,Auto,Liability,143
2023-09-04,StateFarm,Home,Property,268
2023-09-04,StateFarm,Home,Renters,93
2023-09-04,StateFarm,Life,Term,254
2023-09-04,StateFarm,Life,Whole,280
2023-09-04,Allstate,Auto,Comprehensive,154
2023-09-04,Allstate,Auto,Liability,333
2023-09-04,Allstate,Home,Property,129
2023-09-04,Allstate,Home,Renters,186
2023-09-04,Allstate,Life,Term,261
2023-09-04,Allstate,Life,Whole,88
2023-09-05,Geico,Auto,Comprehensive,170
2023-09-05,Geico,Auto,Liability,200
2023-09-05,Geico,Home,Property,136
2023-09-05,Geico,Home,Renters,275
2023-09-05,Geico,Life,Term,279
2023-09-05,Geico,Life,Whole,68
2023-09-05,StateFarm,Auto,Comprehensive,187
2023-09-05,StateFarm,Auto,Liability,135
2023-09-05,StateFarm,Home,Property,256
2023-09-05,StateFarm,Home,Renters,63
2023-09-05,StateFarm,Life,Term,129
2023-09-05,StateFarm,Life,Whole,158
2023-09-05,Allstate,Auto,Comprehensive,322
2023-09-05,Allstate,Auto,Liability,267
2023-09-05,Allstate,Home,Property,120
2023-09-05,Allstate,Home,Renters,232
2023-09-05,Allstate,Life,Term,185
2023-09-05,Allstate,Life,Whole,244
2023-09-06,Geico,Auto,Comprehensive,131
2023-09-06,Geico,Auto,Liability,309
2023-09-06,Geico,Home,Property,143
2023-09-06,Geico,Home,Renters,150
2023-09-06,Geico,Life,Term,149
2023-09-06,Geico,Life,Whole,137
2023-09-06,StateFarm,Auto,Comprehensive,146
2023-09-06,StateFarm,Auto,Liability,264
2023-09-06,StateFarm,Home,Property,290
2023-09-06,StateFarm,Home,Renters,229
2023-09-06,StateFarm,Life,Term,86
2023-09-06,StateFarm,Life,Whole,289
2023-09-06,Allstate,Auto,Comprehensive,209
2023-09-06,Allstate,Auto,Liability,247
2023-09-06,Allstate,Home,Property,237
2023-09-06,Allstate,Home,Renters,229
2023-09-06,Allstate,Life,Term,275
2023-09-06,Allstate,Life,Whole,287
2023-09-07,Geico,Auto,Comprehensive,191
2023-09-07,Geico,Auto,Liability,279
2023-09-07,Geico,Home,Property,198
2023-09-07,Geico,Home,Renters,122
2023-09-07,Geico,Life,Term,136
2023-09-07,Geico,Life,Whole,299
2023-09-07,StateFarm,Auto,Comprehensive,296
2023-09-07,StateFarm,Auto,Liability,274
2023-09-07,StateFarm,Home,Property,299
2023-09-07,StateFarm,Home,Renters,163
2023-09-07,StateFarm,Life,Term,98
2023-09-07,StateFarm,Life,Whole,220
2023-09-07,Allstate,Auto,Comprehensive,275
2023-09-07,Allstate,Auto,Liability,212
2023-09-07,Allstate,Home,Property,228
2023-09-07,Allstate,Home,Renters,186
2023-09-07,Allstate,Life,Term,81
2023-09-07,Allstate,Life,Whole,226
2023-09-08,Geico,Auto,Comprehensive,268
2023-09-08,Geico,Auto,Liability,169
2023-09-08,Geico,Home,Property,98
2023-09-08,Geico,Home,Renters,185
2023-09-08,Geico,Life,Term,280
2023-09-08,Geico,Life,Whole,72
2023-09-08,StateFarm,Auto,Comprehensive,139
2023-09-08,StateFarm,Auto,Liability,214
2023-09-08,StateFarm,Home,Property,224
2023-09-08,StateFarm,Home,Renters,84
2023-09-08,StateFarm,Life,Term,185
2023-09-08,StateFarm,Life,Whole,226
2023-09-08,Allstate,Auto,Comprehensive,218
2023-09-08,Allstate,Auto,Liability,321
2023-09-08,Allstate,Home,Property,251
2023-09-08,Allstate,Home,Renters,77
2023-09-08,Allstate,Life,Term,118
2023-09-08,Allstate,Life,Whole,262
2023-09-09,Geico,Auto,Comprehensive,324
2023-09-09,Geico,Auto,Liability,132
2023-09-09,Geico,Home,Property,265
2023-09-09,Geico,Home,Renters,97
2023-09-09,Geico,Life,Term,55
2023-09-09,Geico,Life,Whole,101
2023-09-09,StateFarm,Auto,Comprehensive,190
2023-09-09,StateFarm,Auto,Liability,224
2023-09-09,StateFarm,Home,Property,289
2023-09-09,StateFarm,Home,Renters,233
2023-09-09,StateFarm,Life,Term,217
2023-09-09,StateFarm,Life,Whole,224
2023-09-09,Allstate,Auto,Comprehensive,290
2023-09-09,Allstate,Auto,Liability,270
2023-09-09,Allstate,Home,Property,64
2023-09-09,Allstate,Home,Renters,264
2023-09-09,Allstate,Life,Term,56
2023-09-09,Allstate,Life,Whole,119
2023-09-10,Geico,Auto,Comprehensive,164
2023-09-10,Geico,Auto,Liability,311
2023-09-10,Geico,Home,Property,241
2023-09-10,Geico,Home,Renters,63
2023-09-10,Geico,Life,Term,281
2023-09-10,Geico,Life,Whole,223
2023-09-10,StateFarm,Auto,Comprehensive,175
2023-09-10,StateFarm,Auto,Liability,233
2023-09-10,StateFarm,Home,Property,75
2023-09-10,StateFarm,Home,Renters,245
2023-09-10,StateFarm,Life,Term,204
2023-09-10,StateFarm,Life,Whole,268
2023-09-10,Allstate,Auto,Comprehensive,191
2023-09-10,Allstate,Auto,Liability,178
2023-09-10,Allstate,Home,Property,123
2023-09-10,Allstate,Home,Renters,140
2023-09-10,Allstate,Life,Term,235
2023-09-10,Allstate,Life,Whole,68
2023-09-11,Geico,Auto,Comprehensive,201
2023-09-11,Geico,Auto,Liability,322
2023-09-11,Geico,Home,Property,209
2023-09-11,Geico,Home,Renters,213
2023-09-11,Geico,Life,Term,274
2023-09-11,Geico,Life,Whole,269
2023-09-11,StateFarm,Auto,Comprehensive,297
2023-09-11,StateFarm,Auto,Liability,165
2023-09-11,StateFarm,Home,Property,118
2023-09-11,StateFarm,Home,Renters,130
2023-09-11,StateFarm,Life,Term,82
2023-09-11,StateFarm,Life,Whole,134
2023-09-11,Allstate,Auto,Comprehensive,176
2023-09-11,Allstate,Auto,Liability,316
2023-09-11,Allstate,Home,Property,58
2023-09-11,Allstate,Home,Renters,72
2023-09-11,Allstate,Life,Term,178
2023-09-11,Allstate,Life,Whole,299
2023-09-12,Geico,Auto,Comprehensive,194
2023-09-12,Geico,Auto,Liability,137
2023-09-12,Geico,Home,Property,98
2023-09-12,Geico,Home,Renters,121
2023-09-12,Geico,Life,Term,157
2023-09-12,Geico,Life,Whole,165
2023-09-12,StateFarm,Auto,Comprehensive,314
2023-09-12,StateFarm,Auto,Liability,88
2023-09-12,StateFarm,Home,Property,107
2023-09-12,StateFarm,Home,Renters,129
2023-09-12,StateFarm,Life,Term,183
2023-09-12,StateFarm,Life,Whole,221
2023-09-12,Allstate,Auto,Comprehensive,103
2023-09-12,Allstate,Auto,Liability,325
2023-09-12,Allstate,Home,Property,181
2023-09-12,Allstate,Home,Renters,179
2023-09-12,Allstate,Life,Term,116
2023-09-12,Allstate,Life,Whole,74
2023-09-13,Geico,Auto,Comprehensive,360
2023-09-13,Geico,Auto,Liability,353
2023-09-13,Geico,Home,Property,219
2023-09-13,Geico,Home,Renters,178
2023-09-13,Geico,Life,Term,190
2023-09-13,Geico,Life,Whole,142
2023-09-13,StateFarm,Auto,Comprehensive,290
2023-09-13,StateFarm,Auto,Liability,142
2023-09-13,StateFarm,Home,Property,281
2023-09-13,StateFarm,Home,Renters,297
2023-09-13,StateFarm,Life,Term,242
2023-09-13,StateFarm,Life,Whole,262
2023-09-13,Allstate,Auto,Comprehensive,241
2023-09-13,Allstate,Auto,Liability,321
2023-09-13,Allstate,Home,Property,126
2023-09-13,Allstate,Home,Renters,230
2023-09-13,Allstate,Life,Term,213
2023-09-13,Allstate,Life,Whole,93
2023-09-14,Geico,Auto,Comprehensive,341
2023-09-14,Geico,Auto,Liability,268
2023-09-14,Geico,Home,Property,242
2023-09-14,Geico,Home,Renters,292
2023-09-14,Geico,Life,Term,157
2023-09-14,Geico,Life,Whole,64
2023-09-14,StateFarm,Auto,Comprehensive,165
2023-09-14,StateFarm,Auto,Liability,262
2023-09-14,StateFarm,Home,Property,118
2023-09-14,StateFarm,Home,Renters,222
2023-09-14,StateFarm,Life,Term,210
2023-09-14,StateFarm,Life,Whole,141
2023-09-14,Allstate,Auto,Comprehensive,285
2023-09-14,Allstate,Auto,Liability,333
2023-09-14,Allstate,Home,Property,226
2023-09-14,Allstate,Home,Renters,161
2023-09-14,Allstate,Life,Term,82
2023-09-14,Allstate,Life,Whole,224
2023-09-15,Geico,Auto,Comprehensive,124
2023-09-15,Geico,Auto,Liability,164
2023-09-15,Geico,Home,Property,85
2023-09-15,Geico,Home,Renters,214
2023-09-15,Geico,Life,Term,253
2023-09-15,Geico,Life,Whole,283
2023-09-15,StateFarm,Auto,Comprehensive,271
2023-09-15,StateFarm,Auto,Liability,192
2023-09-15,StateFarm,Home,Property,245
2023-09-15,StateFarm,Home,Renters,74
2023-09-15,StateFarm,Life,Term,55
2023-09-15,StateFarm,Life,Whole,50
2023-09-15,Allstate,Auto,Comprehensive,152
2023-09-15,Allstate,Auto,Liability,340
2023-09-15,Allstate,Home,Property,118
2023-09-15,Allstate,Home,Renters,193
2023-09-15,Allstate,Life,Term,248
2023-09-15,Allstate,Life,Whole,166
2023-09-16,Geico,Auto,Comprehensive,264
2023-09-16,Geico,Auto,Liability,260
2023-09-16,Geico,Home,Property,287
2023-09-16,Geico,Home,Renters,297
2023-09-16,Geico,Life,Term,126
2023-09-16,Geico,Life,Whole,287
2023-09-16,StateFarm,Auto,Comprehensive,203
2023-09-16,StateFarm,Auto,Liability,129
2023-09-16,StateFarm,Home,Property,172
2023-09-16,StateFarm,Home,Renters,248
2023-09-16,StateFarm,Life,Term,82
2023-09-16,StateFarm,Life,Whole,51
2023-09-16,Allstate,Auto,Comprehensive,111
2023-09-16,Allstate,Auto,Liability,287
2023-09-16,Allstate,Home,Property,98
2023-09-16,Allstate,Home,Renters,86
2023-09-16,Allstate,Life,Term,156
2023-09-16,Allstate,Life,Whole,78
2023-09-17,Geico,Auto,Comprehensive,147
2023-09-17,Geico,Auto,Liability,308
2023-09-17,Geico,Home,Property,180
2023-09-17,Geico,Home,Renters,112
2023-09-17,Geico,Life,Term,102
2023-09-17,Geico,Life,Whole,225
2023-09-17,StateFarm,Auto,Comprehensive,160
2023-09-17,StateFarm,Auto,Liability,160
2023-09-17,StateFarm,Home,Property,149
2023-09-17,StateFarm,Home,Renters,148
2023-09-17,StateFarm,Life,Term,208
2023-09-17,StateFarm,Life,Whole,199
2023-09-17,Allstate,Auto,Comprehensive,82
2023-09-17,Allstate,Auto,Liability,194
2023-09-17,Allstate,Home,Property,273
2023-09-17,Allstate,Home,Renters,68
2023-09-17,Allstate,Life,Term,129
2023-09-17,Allstate,Life,Whole,87
2023-09-18,Geico,Auto,Comprehensive,300
2023-09-18,Geico,Auto,Liability,162
2023-09-18,Geico,Home,Property,201
2023-09-18,Geico,Home,Renters,211
2023-09-18,Geico,Life,Term,87
2023-09-18,Geico,Life,Whole,217
2023-09-18,StateFarm,Auto,Comprehensive,139
2023-09-18,StateFarm,Auto,Liability,309
2023-09-18,StateFarm,Home,Property,148
2023-09-18,StateFarm,Home,Renters,222
2023-09-18,StateFarm,Life,Term,138
2023-09-18,StateFarm,Life,Whole,171
2023-09-18,Allstate,Auto,Comprehensive,258
2023-09-18,Allstate,Auto,Liability,304
2023-09-18,Allstate,Home,Property,147
2023-09-18,Allstate,Home,Renters,176
2023-09-18,Allstate,Life,Term,81
2023-09-18,Allstate,Life,Whole,125
2023-09-19,Geico,Auto,Comprehensive,158
2023-09-19,Geico,Auto,Liability,181
2023-09-19,Geico,Home,Property,282
2023-09-19,Geico,Home,Renters,140
2023-09-19,Geico,Life,Term,72
2023-09-19,Geico,Life,Whole,245
2023-09-19,StateFarm,Auto,Comprehensive,271
2023-09-19,StateFarm,Auto,Liability,270
2023-09-19,StateFarm,Home,Property,165
2023-09-19,StateFarm,Home,Renters,77
2023-09-19,StateFarm,Life,Term,144
2023-09-19,StateFarm,Life,Whole,275
2023-09-19,Allstate,Auto,Comprehensive,193
2023-09-19,Allstate,Auto,Liability,168
2023-09-19,Allstate,Home,Property,295
2023-09-19,Allstate,Home,Renters,214
2023-09-19,Allstate,Life,Term,255
2023-09-19,Allstate,Life,Whole,181
2023-09-20,Geico,Auto,Comprehensive,294
2023-09-20,Geico,Auto,Liability,251
2023-09-20,Geico,Home,Property,137
2023-09-20,Geico,Home,Renters,190
2023-09-20,Geico,Life,Term,248
2023-09-20,Geico,Life,Whole,258
2023-09-20,StateFarm,Auto,Comprehensive,223
2023-09-20,StateFarm,Auto,Liability,203
2023-09-20,StateFarm,Home,Property,157
2023-09-20,StateFarm,Home,Renters,90
2023-09-20,StateFarm,Life,Term,175
2023-09-20,StateFarm,Life,Whole,186
2023-09-20,Allstate,Auto,Comprehensive,187
2023-09-20,Allstate,Auto,Liability,339
2023-09-20,Allstate,Home,Property,93
2023-09-20,Allstate,Home,Renters,200
2023-09-20,Allstate,Life,Term,208
2023-09-20,Allstate,Life,Whole,173
2023-09-21,Geico,Auto,Comprehensive,332
2023-09-21,Geico,Auto,Liability,167
2023-09-21,Geico,Home,Property,201
2023-09-21,Geico,Home,Renters,236
2023-09-21,Geico,Life,Term,148
2023-09-21,Geico,Life,Whole,125
2023-09-21,StateFarm,Auto,Comprehensive,315
2023-09-21,StateFarm,Auto,Liability,241
2023-09-21,StateFarm,Home,Property,245
2023-09-21,StateFarm,Home,Renters,232
2023-09-21,StateFarm,Life,Term,172
2023-09-21,StateFarm,Life,Whole,278
2023-09-21,Allstate,Auto,Comprehensive,138
2023-09-21,Allstate,Auto,Liability,226
2023-09-21,Allstate,Home,Property,106
2023-09-21,Allstate,Home,Renters,299
2023-09-21,Allstate,Life,Term,195
2023-09-21,Allstate,Life,Whole,235
2023-09-22,Geico,Auto,Comprehensive,300
2023-09-22,Geico,Auto,Liability,226
2023-09-22,Geico,Home,Property,166
2023-09-22,Geico,Home,Renters,203
2023-09-22,Geico,Life,Term,129
2023-09-22,Geico,Life,Whole,232
2023-09-22,StateFarm,Auto,Comprehensive,140
2023-09-22,StateFarm,Auto,Liability,247
2023-09-22,StateFarm,Home,Property,210
2023-09-22,StateFarm,Home,Renters,221
2023-09-22,StateFarm,Life,Term,163
2023-09-22,StateFarm,Life,Whole,294
2023-09-22,Allstate,Auto,Comprehensive,265
2023-09-22,Allstate,Auto,Liability,138
2023-09-22,Allstate,Home,Property,59
2023-09-22,Allstate,Home,Renters,81
2023-09-22,Allstate,Life,Term,53
2023-09-22,Allstate,Life,Whole,152
2023-09-23,Geico,Auto,Comprehensive,240
2023-09-23,Geico,Auto,Liability,149
2023-09-23,Geico,Home,Property,180
2023-09-23,Geico,Home,Renters,216
2023-09-23,Geico,Life,Term,216
2023-09-23,Geico,Life,Whole,289
2023-09-23,StateFarm,Auto,Comprehensive,278
2023-09-23,StateFarm,Auto,Liability,251
2023-09-23,StateFarm,Home,Property,69
2023-09-23,StateFarm,Home,Renters,178
2023-09-23,StateFarm,Life,Term,195
2023-09-23,StateFarm,Life,Whole,120
2023-09-23,Allstate,Auto,Comprehensive,266
2023-09-23,Allstate,Auto,Liability,181
2023-09-23,Allstate,Home,Property,73
2023-09-23,Allstate,Home,Renters,262
2023-09-23,Allstate,Life,Term,272
2023-09-23,Allstate,Life,Whole,164
2023-09-24,Geico,Auto,Comprehensive,176
2023-09-24,Geico,Auto,Liability,293
2023-09-24,Geico,Home,Property,251
2023-09-24,Geico,Home,Renters,104
2023-09-24,Geico,Life,Term,206
2023-09-24,Geico,Life,Whole,258
2023-09-24,StateFarm,Auto,Comprehensive,208
2023-09-24,StateFarm,Auto,Liability,345
2023-09-24,StateFarm,Home,Property,133
2023-09-24,StateFarm,Home,Renters,278
2023-09-24,StateFarm,Life,Term,276
2023-09-24,StateFarm,Life,Whole,280
2023-09-24,Allstate,Auto,Comprehensive,301
2023-09-24,Allstate,Auto,Liability,93
2023-09-24,Allstate,Home,Property,230
2023-09-24,Allstate,Home,Renters,223
2023-09-24,Allstate,Life,Term,270
2023-09-24,Allstate,Life,Whole,143
2023-09-25,Geico,Auto,Comprehensive,125
2023-09-25,Geico,Auto,Liability,120
2023-09-25,Geico,Home,Property,237
2023-09-25,Geico,Home,Renters,202
2023-09-25,Geico,Life,Term,116
2023-09-25,Geico,Life,Whole,151
2023-09-25,StateFarm,Auto,Comprehensive,98
2023-09-25,StateFarm,Auto,Liability,371
2023-09-25,StateFarm,Home,Property,112
2023-09-25,StateFarm,Home,Renters,184
2023-09-25,StateFarm,Life,Term,125
2023-09-25,StateFarm,Life,Whole,171
2023-09-25,Allstate,Auto,Comprehensive,258
2023-09-25,Allstate,Auto,Liability,144
2023-09-25,Allstate,Home,Property,71
2023-09-25,Allstate,Home,Renters,243
2023-09-25,Allstate,Life,Term,139
2023-09-25,Allstate,Life,Whole,243
2023-09-26,Geico,Auto,Comprehensive,290
2023-09-26,Geico,Auto,Liability,282
2023-09-26,Geico,Home,Property,256
2023-09-26,Geico,Home,Renters,152
2023-09-26,Geico,Life,Term,61
2023-09-26,Geico,Life,Whole,109
2023-09-26,StateFarm,Auto,Comprehensive,204
2023-09-26,StateFarm,Auto,Liability,271
2023-09-26,StateFarm,Home,Property,272
2023-09-26,StateFarm,Home,Renters,71
2023-09-26,StateFarm,Life,Term,97
2023-09-26,StateFarm,Life,Whole,223
2023-09-26,Allstate,Auto,Comprehensive,122
2023-09-26,Allstate,Auto,Liability,316
2023-09-26,Allstate,Home,Property,119
2023-09-26,Allstate,Home,Renters,269
2023-09-26,Allstate,Life,Term,174
2023-09-26,Allstate,Life,Whole,201
2023-09-27,Geico,Auto,Comprehensive,237
2023-09-27,Geico,Auto,Liability,281
2023-09-27,Geico,Home,Property,198
2023-09-27,Geico,Home,Renters,224
2023-09-27,Geico,Life,Term,244
2023-09-27,Geico,Life,Whole,189
2023-09-27,StateFarm,Auto,Comprehensive,182
2023-09-27,StateFarm,Auto,Liability,187
2023-09-27,StateFarm,Home,Property,162
2023-09-27,StateFarm,Home,Renters,275
2023-09-27,StateFarm,Life,Term,260
2023-09-27,StateFarm,Life,Whole,128
2023-09-27,Allstate,Auto,Comprehensive,326
2023-09-27,Allstate,Auto,Liability,106
2023-09-27,Allstate,Home,Property,266
2023-09-27,Allstate,Home,Renters,173
2023-09-27,Allstate,Life,Term,186
2023-09-27,Allstate,Life,Whole,164
2023-09-28,Geico,Auto,Comprehensive,183
2023-09-28,Geico,Auto,Liability,209
2023-09-28,Geico,Home,Property,245
2023-09-28,Geico,Home,Renters,139
2023-09-28,Geico,Life,Term,217
2023-09-28,Geico,Life,Whole,286
2023-09-28,StateFarm,Auto,Comprehensive,214
2023-09-28,StateFarm,Auto,Liability,355
2023-09-28,StateFarm,Home,Property,269
2023-09-28,StateFarm,Home,Renters,165
2023-09-28,StateFarm,Life,Term,60
2023-09-28,StateFarm,Life,Whole,60
2023-09-28,Allstate,Auto,Comprehensive,270
2023-09-28,Allstate,Auto,Liability,190
2023-09-28,Allstate,Home,Property,245
2023-09-28,Allstate,Home,Renters,180
2023-09-28,Allstate,Life,Term,246
2023-09-28,Allstate,Life,Whole,203
2023-09-29,Geico,Auto,Comprehensive,144
2023-09-29,Geico,Auto,Liability,199
2023-09-29,Geico,Home,Property,124
2023-09-29,Geico,Home,Renters,55
2023-09-29,Geico,Life,Term,209
2023-09-29,Geico,Life,Whole,132
2023-09-29,StateFarm,Auto,Comprehensive,191
2023-09-29,StateFarm,Auto,Liability,243
2023-09-29,StateFarm,Home,Property,234
2023-09-29,StateFarm,Home,Renters,168
2023-09-29,StateFarm,Life,Term,209
2023-09-29,StateFarm,Life,Whole,153
2023-09-29,Allstate,Auto,Comprehensive,347
2023-09-29,Allstate,Auto,Liability,177
2023-09-29,Allstate,Home,Property,147
2023-09-29,Allstate,Home,Renters,232
2023-09-29,Allstate,Life,Term,170
2023-09-29,Allstate,Life,Whole,217
2023-09-30,Geico,Auto,Comprehensive,104
2023-09-30,Geico,Auto,Liability,332
2023-09-30,Geico,Home,Property,266
2023-09-30,Geico,Home,Renters,261
2023-09-30,Geico,Life,Term,55
2023-09-30,Geico,Life,Whole,162
2023-09-30,StateFarm,Auto,Comprehensive,258
2023-09-30,StateFarm,Auto,Liability,244
2023-09-30,StateFarm,Home,Property,174
2023-09-30,StateFarm,Home,Renters,127
2023-09-30,StateFarm,Life,Term,180
2023-09-30,StateFarm,Life,Whole,261
2023-09-30,Allstate,Auto,Comprehensive,357
2023-09-30,Allstate,Auto,Liability,299
2023-09-30,Allstate,Home,Property,186
2023-09-30,Allstate,Home,Renters,50
2023-09-30,Allstate,Life,Term,269
2023-09-30,Allstate,Life,Whole,91
2023-10-01,Geico,Auto,Comprehensive,200
2023-10-01,Geico,Auto,Liability,300
2023-10-01,Geico,Home,Property,193
2023-10-01,Geico,Home,Renters,250
2023-10-01,Geico,Life,Term,135
2023-10-01,Geico,Life,Whole,279
2023-10-01,StateFarm,Auto,Comprehensive,318
2023-10-01,StateFarm,Auto,Liability,105
2023-10-01,StateFarm,Home,Property,166
2023-10-01,StateFarm,Home,Renters,161
2023-10-01,StateFarm,Life,Term,252
2023-10-01,StateFarm,Life,Whole,94
2023-10-01,Allstate,Auto,Comprehensive,312
2023-10-01,Allstate,Auto,Liability,119
2023-10-01,Allstate,Home,Property,261
2023-10-01,Allstate,Home,Renters,167
2023-10-01,Allstate,Life,Term,209
2023-10-01,Allstate,Life,Whole,229
2023-10-02,Geico,Auto,Comprehensive,138
2023-10-02,Geico,Auto,Liability,250
2023-10-02,Geico,Home,Property,126
2023-10-02,Geico,Home,Renters,193
2023-10-02,Geico,Life,Term,282
2023-10-02,Geico,Life,Whole,118
2023-10-02,StateFarm,Auto,Comprehensive,184
2023-10-02,StateFarm,Auto,Liability,308
2023-10-02,StateFarm,Home,Property,213
2023-10-02,StateFarm,Home,Renters,64
2023-10-02,StateFarm,Life,Term,289
2023-10-02,StateFarm,Life,Whole,50
2023-10-02,Allstate,Auto,Comprehensive,147
2023-10-02,Allstate,Auto,Liability,301
2023-10-02,Allstate,Home,Property,171
2023-10-02,Allstate,Home,Renters,124
2023-10-02,Allstate,Life,Term,86
2023-10-02,Allstate,Life,Whole,154
2023-10-03,Geico,Auto,Comprehensive,349
2023-10-03,Geico,Auto,Liability,156
2023-10-03,Geico,Home,Property,211
2023-10-03,Geico,Home,Renters,235
2023-10-03,Geico,Life,Term,150
2023-10-03,Geico,Life,Whole,279
2023-10-03,StateFarm,Auto,Comprehensive,151
2023-10-03,StateFarm,Auto,Liability,141
2023-10-03,StateFarm,Home,Property,74
2023-10-03,StateFarm,Home,Renters,194
2023-10-03,StateFarm,Life,Term,138
2023-10-03,StateFarm,Life,Whole,271
2023-10-03,Allstate,Auto,Comprehensive,308
2023-10-03,Allstate,Auto,Liability,99
2023-10-03,Allstate,Home,Property,51
2023-10-03,Allstate,Home,Renters,270
2023-10-03,Allstate,Life,Term,252
2023-10-03,Allstate,Life,Whole,200
2023-10-04,Geico,Auto,Comprehensive,100
2023-10-04,Geico,Auto,Liability,137
2023-10-04,Geico,Home,Property,177
2023-10-04,Geico,Home,Renters,261
2023-10-04,Geico,Life,Term,241
2023-10-04,Geico,Life,Whole,143
2023-10-04,StateFarm,Auto,Comprehensive,283
2023-10-04,StateFarm,Auto,Liability,148
2023-10-04,StateFarm,Home,Property,115
2023-10-04,StateFarm,Home,Renters,210
2023-10-04,StateFarm,Life,Term,292
2023-10-04,StateFarm,Life,Whole,125
2023-10-04,Allstate,Auto,Comprehensive,331
2023-10-04,Allstate,Auto,Liability,330
2023-10-04,Allstate,Home,Property,62
2023-10-04,Allstate,Home,Renters,67
2023-10-04,Allstate,Life,Term,148
2023-10-04,Allstate,Life,Whole,281
2023-10-05,Geico,Auto,Comprehensive,262
2023-10-05,Geico,Auto,Liability,333
2023-10-05,Geico,Home,Property,72
2023-10-05,Geico,Home,Renters,247
2023-10-05,Geico,Life,Term,211
2023-10-05,Geico,Life,Whole,218
2023-10-05,StateFarm,Auto,Comprehensive,164
2023-10-05,StateFarm,Auto,Liability,319
2023-10-05,StateFarm,Home,Property,104
2023-10-05,StateFarm,Home,Renters,281
2023-10-05,StateFarm,Life,Term,184
2023-10-05,StateFarm,Life,Whole,203
2023-10-05,Allstate,Auto,Comprehensive,171
2023-10-05,Allstate,Auto,Liability,362
2023-10-05,Allstate,Home,Property,126
2023-10-05,Allstate,Home,Renters,249
2023-10-05,Allstate,Life,Term,75
2023-10-05,Allstate,Life,Whole,198
2023-10-06,Geico,Auto,Comprehensive,143
2023-10-06,Geico,Auto,Liability,149
2023-10-06,Geico,Home,Property,102
2023-10-06,Geico,Home,Renters,128
2023-10-06,Geico,Life,Term,194
2023-10-06,Geico,Life,Whole,161
2023-10-06,StateFarm,Auto,Comprehensive,279
2023-10-06,StateFarm,Auto,Liability,158
2023-10-06,StateFarm,Home,Property,299
2023-10-06,StateFarm,Home,Renters,61
2023-10-06,StateFarm,Life,Term,271
2023-10-06,StateFarm,Life,Whole,69
2023-10-06,Allstate,Auto,Comprehensive,148
2023-10-06,Allstate,Auto,Liability,289
2023-10-06,Allstate,Home,Property,292
2023-10-06,Allstate,Home,Renters,185
2023-10-06,Allstate,Life,Term,85
2023-10-06,Allstate,Life,Whole,188
2023-10-07,Geico,Auto,Comprehensive,238
2023-10-07,Geico,Auto,Liability,160
2023-10-07,Geico,Home,Property,274
2023-10-07,Geico,Home,Renters,128
2023-10-07,Geico,Life,Term,122
2023-10-07,Geico,Life,Whole,132
2023-10-07,StateFarm,Auto,Comprehensive,251
2023-10-07,StateFarm,Auto,Liability,301
2023-10-07,StateFarm,Home,Property,196
2023-10-07,StateFarm,Home,Renters,79
2023-10-07,StateFarm,Life,Term,204
2023-10-07,StateFarm,Life,Whole,224
2023-10-07,Allstate,Auto,Comprehensive,172
2023-10-07,Allstate,Auto,Liability,339
2023-10-07,Allstate,Home,Property,216
2023-10-07,Allstate,Home,Renters,274
2023-10-07,Allstate,Life,Term,149
2023-10-07,Allstate,Life,Whole,138
2023-10-08,Geico,Auto,Comprehensive,353
2023-10-08,Geico,Auto,Liability,161
2023-10-08,Geico,Home,Property,220
2023-10-08,Geico,Home,Renters,171
2023-10-08,Geico,Life,Term,285
2023-10-08,Geico,Life,Whole,149
2023-10-08,StateFarm,Auto,Comprehensive,197
2023-10-08,StateFarm,Auto,Liability,271
2023-10-08,StateFarm,Home,Property,265
2023-10-08,StateFarm,Home,Renters,245
2023-10-08,StateFarm,Life,Term,210
2023-10-08,StateFarm,Life,Whole,127
2023-10-08,Allstate,Auto,Comprehensive,136
2023-10-08,Allstate,Auto,Liability,201
2023-10-08,Allstate,Home,Property,242
2023-10-08,Allstate,Home,Renters,268
2023-10-08,Allstate,Life,Term,251
2023-10-08,Allstate,Life,Whole,134
2023-10-09,Geico,Auto,Comprehensive,314
2023-10-09,Geico,Auto,Liability,103
2023-10-09,Geico,Home,Property,89
2023-10-09,Geico,Home,Renters,179
2023-10-09,Geico,Life,Term,59
2023-10-09,Geico,Life,Whole,288
2023-10-09,StateFarm,Auto,Comprehensive,335
2023-10-09,StateFarm,Auto,Liability,316
2023-10-09,StateFarm,Home,Property,167
2023-10-09,StateFarm,Home,Renters,234
2023-10-09,StateFarm,Life,Term,107
2023-10-09,StateFarm,Life,Whole,151
2023-10-09,Allstate,Auto,Comprehensive,121
2023-10-09,Allstate,Auto,Liability,93
2023-10-09,Allstate,Home,Property,218
2023-10-09,Allstate,Home,Renters,285
2023-10-09,Allstate,Life,Term,261
2023-10-09,Allstate,Life,Whole,197
2023-10-10,Geico,Auto,Comprehensive,284
2023-10-10,Geico,Auto,Liability,244
2023-10-10,Geico,Home,Property,268
2023-10-10,Geico,Home,Renters,270
2023-10-10,Geico,Life,Term,174
2023-10-10,Geico,Life,Whole,140
2023-10-10,StateFarm,Auto,Comprehensive,121
2023-10-10,StateFarm,Auto,Liability,223
2023-10-10,StateFarm,Home,Property,165
2023-10-10,StateFarm,Home,Renters,104
2023-10-10,StateFarm,Life,Term,243
2023-10-10,StateFarm,Life,Whole,269
2023-10-10,Allstate,Auto,Comprehensive,164
2023-10-10,Allstate,Auto,Liability,202
2023-10-10,Allstate,Home,Property,66
2023-10-10,Allstate,Home,Renters,69
2023-10-10,Allstate,Life,Term,161
2023-10-10,Allstate,Life,Whole,222
2023-10-11,Geico,Auto,Comprehensive,327
2023-10-11,Geico,Auto,Liability,201
2023-10-11,Geico,Home,Property,186
2023-10-11,Geico,Home,Renters,248
2023-10-11,Geico,Life,Term,286
2023-10-11,Geico,Life,Whole,135
2023-10-11,StateFarm,Auto,Comprehensive,305
2023-10-11,StateFarm,Auto,Liability,166
2023-10-11,StateFarm,Home,Property,259
2023-10-11,StateFarm,Home,Renters,173
2023-10-11,StateFarm,Life,Term,109
2023-10-11,StateFarm,Life,Whole,135
2023-10-11,Allstate,Auto,Comprehensive,203
2023-10-11,Allstate,Auto,Liability,112
2023-10-11,Allstate,Home,Property,72
2023-10-11,Allstate,Home,Renters,169
2023-10-11,Allstate,Life,Term,272
2023-10-11,Allstate,Life,Whole,98
2023-10-12,Geico,Auto,Comprehensive,325
2023-10-12,Geico,Auto,Liability,226
2023-10-12,Geico,Home,Property,73
2023-10-12,Geico,Home,Renters,236
2023-10-12,Geico,Life,Term,105
2023-10-12,Geico,Life,Whole,175
2023-10-12,StateFarm,Auto,Comprehensive,338
2023-10-12,StateFarm,Auto,Liability,231
2023-10-12,StateFarm,Home,Property,239
2023-10-12,StateFarm,Home,Renters,182
2023-10-12,StateFarm,Life,Term,71
2023-10-12,StateFarm,Life,Whole,94
2023-10-12,Allstate,Auto,Comprehensive,290
2023-10-12,Allstate,Auto,Liability,175
2023-10-12,Allstate,Home,Property,115
2023-10-12,Allstate,Home,Renters,241
2023-10-12,Allstate,Life,Term,66
2023-10-12,Allstate,Life,Whole,244
2023-10-13,Geico,Auto,Comprehensive,246
2023-10-13,Geico,Auto,Liability,183
2023-10-13,Geico,Home,Property,73
2023-10-13,Geico,Home,Renters,72
2023-10-13,Geico,Life,Term,299
2023-10-13,Geico,Life,Whole,206
2023-10-13,StateFarm,Auto,Comprehensive,305
2023-10-13,StateFarm,Auto,Liability,298
2023-10-13,StateFarm,Home,Property,125
2023-10-13,StateFarm,Home,Renters,252
2023-10-13,StateFarm,Life,Term,286
2023-10-13,StateFarm,Life,Whole,265
2023-10-13,Allstate,Auto,Comprehensive,209
2023-10-13,Allstate,Auto,Liability,285
2023-10-13,Allstate,Home,Property,230
2023-10-13,Allstate,Home,Renters,139
2023-10-13,Allstate,Life,Term,133
2023-10-13,Allstate,Life,Whole,105
2023-10-14,Geico,Auto,Comprehensive,226
2023-10-14,Geico,Auto,Liability,291
2023-10-14,Geico,Home,Property,65
2023-10-14,Geico,Home,Renters,231
2023-10-14,Geico,Life,Term,273
2023-10-14,Geico,Life,Whole,164
2023-10-14,StateFarm,Auto,Comprehensive,107
2023-10-14,StateFarm,Auto,Liability,119
2023-10-14,StateFarm,Home,Property,52
2023-10-14,StateFarm,Home,Renters,277
2023-10-14,StateFarm,Life,Term,138
2023-10-14,StateFarm,Life,Whole,128
2023-10-14,Allstate,Auto,Comprehensive,289
2023-10-14,Allstate,Auto,Liability,167
2023-10-14,Allstate,Home,Property,144
2023-10-14,Allstate,Home,Renters,96
2023-10-14,Allstate,Life,Term,101
2023-10-14,Allstate,Life,Whole,101
2023-10-15,Geico,Auto,Comprehensive,254
2023-10-15,Geico,Auto,Liability,349
2023-10-15,Geico,Home,Property,140
2023-10-15,Geico,Home,Renters,263
2023-10-15,Geico,Life,Term,237
2023-10-15,Geico,Life,Whole,160
2023-10-15,StateFarm,Auto,Comprehensive,298
2023-10-15,StateFarm,Auto,Liability,281
2023-10-15,StateFarm,Home,Property,186
2023-10-15,StateFarm,Home,Renters,128
2023-10-15,StateFarm,Life,Term,51
2023-10-15,StateFarm,Life,Whole,185
2023-10-15,Allstate,Auto,Comprehensive,295
2023-10-15,Allstate,Auto,Liability,202
2023-10-15,Allstate,Home,Property,137
2023-10-15,Allstate,Home,Renters,114
2023-10-15,Allstate,Life,Term,217
2023-10-15,Allstate,Life,Whole,184
2023-10-16,Geico,Auto,Comprehensive,143
2023-10-16,Geico,Auto,Liability,137
2023-10-16,Geico,Home,Property,93
2023-10-16,Geico,Home,Renters,71
2023-10-16,Geico,Life,Term,199
2023-10-16,Geico,Life,Whole,107
2023-10-16,StateFarm,Auto,Comprehensive,248
2023-10-16,StateFarm,Auto,Liability,267
2023-10-16,StateFarm,Home,Property,107
2023-10-16,StateFarm,Home,Renters,144
2023-10-16,StateFarm,Life,Term,50
2023-10-16,StateFarm,Life,Whole,130
2023-10-16,Allstate,Auto,Comprehensive,210
2023-10-16,Allstate,Auto,Liability,306
2023-10-16,Allstate,Home,Property,72
2023-10-16,Allstate,Home,Renters,122
2023-10-16,Allstate,Life,Term,68
2023-10-16,Allstate,Life,Whole,140
2023-10-17,Geico,Auto,Comprehensive,323
2023-10-17,Geico,Auto,Liability,158
2023-10-17,Geico,Home,Property,105
2023-10-17,Geico,Home,Renters,162
2023-10-17,Geico,Life,Term,196
2023-10-17,Geico,Life,Whole,133
2023-10-17,StateFarm,Auto,Comprehensive,316
2023-10-17,StateFarm,Auto,Liability,196
2023-10-17,StateFarm,Home,Property,246
2023-10-17,StateFarm,Home,Renters,298
2023-10-17,StateFarm,Life,Term,219
2023-10-17,StateFarm,Life,Whole,273
2023-10-17,Allstate,Auto,Comprehensive,247
2023-10-17,Allstate,Auto,Liability,287
2023-10-17,Allstate,Home,Property,244
2023-10-17,Allstate,Home,Renters,78
2023-10-17,Allstate,Life,Term,80
2023-10-17,Allstate,Life,Whole,154
2023-10-18,Geico,Auto,Comprehensive,167
2023-10-18,Geico,Auto,Liability,246
2023-10-18,Geico,Home,Property,152
2023-10-18,Geico,Home,Renters,293
2023-10-18,Geico,Life,Term,145
2023-10-18,Geico,Life,Whole,119
2023-10-18,StateFarm,Auto,Comprehensive,229
2023-10-18,StateFarm,Auto,Liability,308
2023-10-18,StateFarm,Home,Property,62
2023-10-18,StateFarm,Home,Renters,173
2023-10-18,StateFarm,Life,Term,226
2023-10-18,StateFarm,Life,Whole,189
2023-10-18,Allstate,Auto,Comprehensive,179
2023-10-18,Allstate,Auto,Liability,148
2023-10-18,Allstate,Home,Property,175
2023-10-18,Allstate,Home,Renters,55
2023-10-18,Allstate,Life,Term,85
2023-10-18,Allstate,Life,Whole,201
2023-10-19,Geico,Auto,Comprehensive,165
2023-10-19,Geico,Auto,Liability,224
2023-10-19,Geico,Home,Property,275
2023-10-19,Geico,Home,Renters,70
2023-10-19,Geico,Life,Term,208
2023-10-19,Geico,Life,Whole,193
2023-10-19,StateFarm,Auto,Comprehensive,223
2023-10-19,StateFarm,Auto,Liability,283
2023-10-19,StateFarm,Home,Property,247
2023-10-19,StateFarm,Home,Renters,216
2023-10-19,StateFarm,Life,Term,208
2023-10-19,StateFarm,Life,Whole,59
2023-10-19,Allstate,Auto,Comprehensive,164
2023-10-19,Allstate,Auto,Liability,224
2023-10-19,Allstate,Home,Property,213
2023-10-19,Allstate,Home,Renters,58
2023-10-19,Allstate,Life,Term,282
2023-10-19,Allstate,Life,Whole,194
2023-10-20,Geico,Auto,Comprehensive,112
2023-10-20,Geico,Auto,Liability,162
2023-10-20,Geico,Home,Property,296
2023-10-20,Geico,Home,Renters,189
2023-10-20,Geico,Life,Term,271
2023-10-20,Geico,Life,Whole,242
2023-10-20,StateFarm,Auto,Comprehensive,324
2023-10-20,StateFarm,Auto,Liability,154
2023-10-20,StateFarm,Home,Property,240
2023-10-20,StateFarm,Home,Renters,228
2023-10-20,StateFarm,Life,Term,242
2023-10-20,StateFarm,Life,Whole,156
2023-10-20,Allstate,Auto,Comprehensive,176
2023-10-20,Allstate,Auto,Liability,189
2023-10-20,Allstate,Home,Property,81
2023-10-20,Allstate,Home,Renters,83
2023-10-20,Allstate,Life,Term,75
2023-10-20,Allstate,Life,Whole,50
2023-10-21,Geico,Auto,Comprehensive,143
2023-10-21,Geico,Auto,Liability,256
2023-10-21,Geico,Home,Property,251
2023-10-21,Geico,Home,Renters,188
2023-10-21,Geico,Life,Term,181
2023-10-21,Geico,Life,Whole,100
2023-10-21,StateFarm,Auto,Comprehensive,246
2023-10-21,StateFarm,Auto,Liability,196
2023-10-21,StateFarm,Home,Property,223
2023-10-21,StateFarm,Home,Renters,134
2023-10-21,StateFarm,Life,Term,53
2023-10-21,StateFarm,Life,Whole,126
2023-10-21,Allstate,Auto,Comprehensive,224
2023-10-21,Allstate,Auto,Liability,133
2023-10-21,Allstate,Home,Property,283
2023-10-21,Allstate,Home,Renters,285
2023-10-21,Allstate,Life,Term,134
2023-10-21,Allstate,Life,Whole,240
2023-10-22,Geico,Auto,Comprehensive,296
2023-10-22,Geico,Auto,Liability,202
2023-10-22,Geico,Home,Property,100
2023-10-22,Geico,Home,Renters,241
2023-10-22,Geico,Life,Term,153
2023-10-22,Geico,Life,Whole,87
2023-10-22,StateFarm,Auto,Comprehensive,222
2023-10-22,StateFarm,Auto,Liability,262
2023-10-22,StateFarm,Home,Property,113
2023-10-22,StateFarm,Home,Renters,121
2023-10-22,StateFarm,Life,Term,270
2023-10-22,StateFarm,Life,Whole,85
2023-10-22,Allstate,Auto,Comprehensive,182
2023-10-22,Allstate,Auto,Liability,246
2023-10-22,Allstate,Home,Property,173
2023-10-22,Allstate,Home,Renters,105
2023-10-22,Allstate,Life,Term,89
2023-10-22,Allstate,Life,Whole,263
2023-10-23,Geico,Auto,Comprehensive,313
2023-10-23,Geico,Auto,Liability,179
2023-10-23,Geico,Home,Property,88
2023-10-23,Geico,Home,Renters,87
2023-10-23,Geico,Life,Term,266
2023-10-23,Geico,Life,Whole,227
2023-10-23,StateFarm,Auto,Comprehensive,244
2023-10-23,StateFarm,Auto,Liability,248
2023-10-23,StateFarm,Home,Property,168
2023-10-23,StateFarm,Home,Renters,84
2023-10-23,StateFarm,Life,Term,168
2023-10-23,StateFarm,Life,Whole,142
2023-10-23,Allstate,Auto,Comprehensive,183
2023-10-23,Allstate,Auto,Liability,166
2023-10-23,Allstate,Home,Property,284
2023-10-23,Allstate,Home,Renters,267
2023-10-23,Allstate,Life,Term,205
2023-10-23,Allstate,Life,Whole,153
2023-10-24,Geico,Auto,Comprehensive,238
2023-10-24,Geico,Auto,Liability,216
2023-10-24,Geico,Home,Property,64
2023-10-24,Geico,Home,Renters,92
2023-10-24,Geico,Life,Term,177
2023-10-24,Geico,Life,Whole,184
2023-10-24,StateFarm,Auto,Comprehensive,330
2023-10-24,StateFarm,Auto,Liability,167
2023-10-24,StateFarm,Home,Property,97
2023-10-24,StateFarm,Home,Renters,76
2023-10-24,StateFarm,Life,Term,148
2023-10-24,StateFarm,Life,Whole,253
2023-10-24,Allstate,Auto,Comprehensive,212
2023-10-24,Allstate,Auto,Liability,219
2023-10-24,Allstate,Home,Property,151
2023-10-24,Allstate,Home,Renters,243
2023-10-24,Allstate,Life,Term,254
2023-10-24,Allstate,Life,Whole,188
2023-10-25,Geico,Auto,Comprehensive,204
2023-10-25,Geico,Auto,Liability,292
2023-10-25,Geico,Home,Property,179
2023-10-25,Geico,Home,Renters,71
2023-10-25,Geico,Life,Term,107
2023-10-25,Geico,Life,Whole,249
2023-10-25,StateFarm,Auto,Comprehensive,245
2023-10-25,StateFarm,Auto,Liability,199
2023-10-25,StateFarm,Home,Property,281
2023-10-25,StateFarm,Home,Renters,257
2023-10-25,StateFarm,Life,Term,231
2023-10-25,StateFarm,Life,Whole,252
2023-10-25,Allstate,Auto,Comprehensive,172
2023-10-25,Allstate,Auto,Liability,232
2023-10-25,Allstate,Home,Property,97
2023-10-25,Allstate,Home,Renters,183
2023-10-25,Allstate,Life,Term,258
2023-10-25,Allstate,Life,Whole,272
2023-10-26,Geico,Auto,Comprehensive,245
2023-10-26,Geico,Auto,Liability,276
2023-10-26,Geico,Home,Property,85
2023-10-26,Geico,Home,Renters,246
2023-10-26,Geico,Life,Term,51
2023-10-26,Geico,Life,Whole,72
2023-10-26,StateFarm,Auto,Comprehensive,312
2023-10-26,StateFarm,Auto,Liability,207
2023-10-26,StateFarm,Home,Property,132
2023-10-26,StateFarm,Home,Renters,215
2023-10-26,StateFarm,Life,Term,291
2023-10-26,StateFarm,Life,Whole,111
2023-10-26,Allstate,Auto,Comprehensive,286
2023-10-26,Allstate,Auto,Liability,245
2023-10-26,Allstate,Home,Property,138
2023-10-26,Allstate,Home,Renters,267
2023-10-26,Allstate,Life,Term,117
2023-10-26,Allstate,Life,Whole,133
2023-10-27,Geico,Auto,Comprehensive,224
2023-10-27,Geico,Auto,Liability,347
2023-10-27,Geico,Home,Property,149
2023-10-27,Geico,Home,Renters,75
2023-10-27,Geico,Life,Term,179
2023-10-27,Geico,Life,Whole,292
2023-10-27,StateFarm,Auto,Comprehensive,154
2023-10-27,StateFarm,Auto,Liability,319
2023-10-27,StateFarm,Home,Property,54
2023-10-27,StateFarm,Home,Renters,218
2023-10-27,StateFarm,Life,Term,178
2023-10-27,StateFarm,Life,Whole,170
2023-10-27,Allstate,Auto,Comprehensive,145
2023-10-27,Allstate,Auto,Liability,203
2023-10-27,Allstate,Home,Property,90
2023-10-27,Allstate,Home,Renters,139
2023-10-27,Allstate,Life,Term,267
2023-10-27,Allstate,Life,Whole,83
2023-10-28,Geico,Auto,Comprehensive,251
2023-10-28,Geico,Auto,Liability,141
2023-10-28,Geico,Home,Property,162
2023-10-28,Geico,Home,Renters,124
2023-10-28,Geico,Life,Term,125
2023-10-28,Geico,Life,Whole,74
2023-10-28,StateFarm,Auto,Comprehensive,296
2023-10-28,StateFarm,Auto,Liability,197
2023-10-28,StateFarm,Home,Property,102
2023-10-28,StateFarm,Home,Renters,185
2023-10-28,StateFarm,Life,Term,264
2023-10-28,StateFarm,Life,Whole,219
2023-10-28,Allstate,Auto,Comprehensive,288
2023-10-28,Allstate,Auto,Liability,205
2023-10-28,Allstate,Home,Property,257
2023-10-28,Allstate,Home,Renters,66
2023-10-28,Allstate,Life,Term,74
2023-10-28,Allstate,Life,Whole,146
2023-10-29,Geico,Auto,Comprehensive,244
2023-10-29,Geico,Auto,Liability,275
2023-10-29,Geico,Home,Property,179
2023-10-29,Geico,Home,Renters,261
2023-10-29,Geico,Life,Term,220
2023-10-29,Geico,Life,Whole,246
2023-10-29,StateFarm,Auto,Comprehensive,83
2023-10-29,StateFarm,Auto,Liability,363
2023-10-29,StateFarm,Home,Property,290
2023-10-29,StateFarm,Home,Renters,245
2023-10-29,StateFarm,Life,Term,52
2023-10-29,StateFarm,Life,Whole,80
2023-10-29,Allstate,Auto,Comprehensive,268
2023-10-29,Allstate,Auto,Liability,199
2023-10-29,Allstate,Home,Property,155
2023-10-29,Allstate,Home,Renters,287
2023-10-29,Allstate,Life,Term,196
2023-10-29,Allstate,Life,Whole,217
2023-10-30,Geico,Auto,Comprehensive,196
2023-10-30,Geico,Auto,Liability,189
2023-10-30,Geico,Home,Property,133
2023-10-30,Geico,Home,Renters,198
2023-10-30,Geico,Life,Term,220
2023-10-30,Geico,Life,Whole,271
2023-10-30,StateFarm,Auto,Comprehensive,307
2023-10-30,StateFarm,Auto,Liability,245
2023-10-30,StateFarm,Home,Property,94
2023-10-30,StateFarm,Home,Renters,160
2023-10-30,StateFarm,Life,Term,226
2023-10-30,StateFarm,Life,Whole,211
2023-10-30,Allstate,Auto,Comprehensive,324
2023-10-30,Allstate,Auto,Liability,268
2023-10-30,Allstate,Home,Property,211
2023-10-30,Allstate,Home,Renters,171
2023-10-30,Allstate,Life,Term,153
2023-10-30,Allstate,Life,Whole,251
2023-10-31,Geico,Auto,Comprehensive,320
2023-10-31,Geico,Auto,Liability,194
2023-10-31,Geico,Home,Property,149
2023-10-31,Geico,Home,Renters,186
2023-10-31,Geico,Life,Term,218
2023-10-31,Geico,Life,Whole,198
2023-10-31,StateFarm,Auto,Comprehensive,145
2023-10-31,StateFarm,Auto,Liability,253
2023-10-31,StateFarm,Home,Property,153
2023-10-31,StateFarm,Home,Renters,121
2023-10-31,StateFarm,Life,Term,121
2023-10-31,StateFarm,Life,Whole,160
2023-10-31,Allstate,Auto,Comprehensive,231
2023-10-31,Allstate,Auto,Liability,196
2023-10-31,Allstate,Home,Property,89
2023-10-31,Allstate,Home,Renters,247
2023-10-31,Allstate,Life,Term,270
2023-10-31,Allstate,Life,Whole,55
2023-11-01,Geico,Auto,Comprehensive,216
2023-11-01,Geico,Auto,Liability,264
2023-11-01,Geico,Home,Property,241
2023-11-01,Geico,Home,Renters,91
2023-11-01,Geico,Life,Term,154
2023-11-01,Geico,Life,Whole,114
2023-11-01,StateFarm,Auto,Comprehensive,149
2023-11-01,StateFarm,Auto,Liability,290
2023-11-01,StateFarm,Home,Property,172
2023-11-01,StateFarm,Home,Renters,274
2023-11-01,StateFarm,Life,Term,125
2023-11-01,StateFarm,Life,Whole,73
2023-11-01,Allstate,Auto,Comprehensive,215
2023-11-01,Allstate,Auto,Liability,189
2023-11-01,Allstate,Home,Property,217
2023-11-01,Allstate,Home,Renters,257
2023-11-01,Allstate,Life,Term,145
2023-11-01,Allstate,Life,Whole,101
2023-11-02,Geico,Auto,Comprehensive,262
2023-11-02,Geico,Auto,Liability,74
2023-11-02,Geico,Home,Property,239
2023-11-02,Geico,Home,Renters,109
2023-11-02,Geico,Life,Term,290
2023-11-02,Geico,Life,Whole,161
2023-11-02,StateFarm,Auto,Comprehensive,357
2023-11-02,StateFarm,Auto,Liability,329
2023-11-02,StateFarm,Home,Property,175
2023-11-02,StateFarm,Home,Renters,246
2023-11-02,StateFarm,Life,Term,270
2023-11-02,StateFarm,Life,Whole,221
2023-11-02,Allstate,Auto,Comprehensive,268
2023-11-02,Allstate,Auto,Liability,140
2023-11-02,Allstate,Home,Property,298
2023-11-02,Allstate,Home,Renters,262
2023-11-02,Allstate,Life,Term,119
2023-11-02,Allstate,Life,Whole,175
2023-11-03,Geico,Auto,Comprehensive,330
2023-11-03,Geico,Auto,Liability,228
2023-11-03,Geico,Home,Property,160
2023-11-03,Geico,Home,Renters,93
2023-11-03,Geico,Life,Term,139
2023-11-03,Geico,Life,Whole,220
2023-11-03,StateFarm,Auto,Comprehensive,198
2023-11-03,StateFarm,Auto,Liability,198
2023-11-03,StateFarm,Home,Property,192
2023-11-03,StateFarm,Home,Renters,75
2023-11-03,StateFarm,Life,Term,196
2023-11-03,StateFarm,Life,Whole,258
2023-11-03,Allstate,Auto,Comprehensive,301
2023-11-03,Allstate,Auto,Liability,282
2023-11-03,Allstate,Home,Property,248
2023-11-03,Allstate,Home,Renters,92
2023-11-03,Allstate,Life,Term,211
2023-11-03,Allstate,Life,Whole,245
2023-11-04,Geico,Auto,Comprehensive,188
2023-11-04,Geico,Auto,Liability,185
2023-11-04,Geico,Home,Property,189
2023-11-04,Geico,Home,Renters,95
2023-11-04,Geico,Life,Term,144
2023-11-04,Geico,Life,Whole,145
2023-11-04,StateFarm,Auto,Comprehensive,176
2023-11-04,StateFarm,Auto,Liability,269
2023-11-04,StateFarm,Home,Property,55
2023-11-04,StateFarm,Home,Renters,174
2023-11-04,StateFarm,Life,Term,72
2023-11-04,StateFarm,Life,Whole,152
2023-11-04,Allstate,Auto,Comprehensive,291
2023-11-04,Allstate,Auto,Liability,218
2023-11-04,Allstate,Home,Property,269
2023-11-04,Allstate,Home,Renters,280
2023-11-04,Allstate,Life,Term,198
2023-11-04,Allstate,Life,Whole,81
2023-11-05,Geico,Auto,Comprehensive,247
2023-11-05,Geico,Auto,Liability,318
2023-11-05,Geico,Home,Property,199
2023-11-05,Geico,Home,Renters,274
2023-11-05,Geico,Life,Term,262
2023-11-05,Geico,Life,Whole,110
2023-11-05,StateFarm,Auto,Comprehensive,193
2023-11-05,StateFarm,Auto,Liability,169
2023-11-05,StateFarm,Home,Property,232
2023-11-05,StateFarm,Home,Renters,61
2023-11-05,StateFarm,Life,Term,243
2023-11-05,StateFarm,Life,Whole,275
2023-11-05,Allstate,Auto,Comprehensive,168
2023-11-05,Allstate,Auto,Liability,123
2023-11-05,Allstate,Home,Property,185
2023-11-05,Allstate,Home,Renters,132
2023-11-05,Allstate,Life,Term,166
2023-11-05,Allstate,Life,Whole,93
2023-11-06,Geico,Auto,Comprehensive,149
2023-11-06,Geico,Auto,Liability,135
2023-11-06,Geico,Home,Property,258
2023-11-06,Geico,Home,Renters,115
2023-11-06,Geico,Life,Term,143
2023-11-06,Geico,Life,Whole,261
2023-11-06,StateFarm,Auto,Comprehensive,215
2023-11-06,StateFarm,Auto,Liability,206
2023-11-06,StateFarm,Home,Property,137
2023-11-06,StateFarm,Home,Renters,236
2023-11-06,StateFarm,Life,Term,60
2023-11-06,StateFarm,Life,Whole,161
2023-11-06,Allstate,Auto,Comprehensive,277
2023-11-06,Allstate,Auto,Liability,339
2023-11-06,Allstate,Home,Property,152
2023-11-06,Allstate,Home,Renters,196
2023-11-06,Allstate,Life,Term,248
2023-11-06,Allstate,Life,Whole,121
2023-11-07,Geico,Auto,Comprehensive,239
2023-11-07,Geico,Auto,Liability,101
2023-11-07,Geico,Home,Property,137
2023-11-07,Geico,Home,Renters,185
2023-11-07,Geico,Life,Term,144
2023-11-07,Geico,Life,Whole,223
2023-11-07,StateFarm,Auto,Comprehensive,251
2023-11-07,StateFarm,Auto,Liability,311
2023-11-07,StateFarm,Home,Property,64
2023-11-07,StateFarm,Home,Renters,133
2023-11-07,StateFarm,Life,Term,291
2023-11-07,StateFarm,Life,Whole,291
2023-11-07,Allstate,Auto,Comprehensive,102
2023-11-07,Allstate,Auto,Liability,152
2023-11-07,Allstate,Home,Property,289
2023-11-07,Allstate,Home,Renters,137
2023-11-07,Allstate,Life,Term,287
2023-11-07,Allstate,Life,Whole,147
2023-11-08,Geico,Auto,Comprehensive,265
2023-11-08,Geico,Auto,Liability,323
2023-11-08,Geico,Home,Property,268
2023-11-08,Geico,Home,Renters,196
2023-11-08,Geico,Life,Term,194
2023-11-08,Geico,Life,Whole,274
2023-11-08,StateFarm,Auto,Comprehensive,277
2023-11-08,StateFarm,Auto,Liability,163
2023-11-08,StateFarm,Home,Property,113
2023-11-08,StateFarm,Home,Renters,222
2023-11-08,StateFarm,Life,Term,161
2023-11-08,StateFarm,Life,Whole,207
2023-11-08,Allstate,Auto,Comprehensive,260
2023-11-08,Allstate,Auto,Liability,192
2023-11-08,Allstate,Home,Property,220
2023-11-08,Allstate,Home,Renters,212
2023-11-08,Allstate,Life,Term,108
2023-11-08,Allstate,Life,Whole,196
2023-11-09,Geico,Auto,Comprehensive,300
2023-11-09,Geico,Auto,Liability,185
2023-11-09,Geico,Home,Property,110
2023-11-09,Geico,Home,Renters,93
2023-11-09,Geico,Life,Term,215
2023-11-09,Geico,Life,Whole,203
2023-11-09,StateFarm,Auto,Comprehensive,339
2023-11-09,StateFarm,Auto,Liability,334
2023-11-09,StateFarm,Home,Property,209
2023-11-09,StateFarm,Home,Renters,245
2023-11-09,StateFarm,Life,Term,235
2023-11-09,StateFarm,Life,Whole,177
2023-11-09,Allstate,Auto,Comprehensive,321
2023-11-09,Allstate,Auto,Liability,146
2023-11-09,Allstate,Home,Property,157
2023-11-09,Allstate,Home,Renters,84
2023-11-09,Allstate,Life,Term,82
2023-11-09,Allstate,Life,Whole,124
2023-11-10,Geico,Auto,Comprehensive,350
2023-11-10,Geico,Auto,Liability,103
2023-11-10,Geico,Home,Property,171
2023-11-10,Geico,Home,Renters,74
2023-11-10,Geico,Life,Term,81
2023-11-10,Geico,Life,Whole,138
2023-11-10,StateFarm,Auto,Comprehensive,126
2023-11-10,StateFarm,Auto,Liability,285
2023-11-10,StateFarm,Home,Property,192
2023-11-10,StateFarm,Home,Renters,106
2023-11-10,StateFarm,Life,Term,135
2023-11-10,StateFarm,Life,Whole,109
2023-11-10,Allstate,Auto,Comprehensive,164
2023-11-10,Allstate,Auto,Liability,313
2023-11-10,Allstate,Home,Property,92
2023-11-10,Allstate,Home,Renters,78
2023-11-10,Allstate,Life,Term,190
2023-11-10,Allstate,Life,Whole,221
2023-11-11,Geico,Auto,Comprehensive,213
2023-11-11,Geico,Auto,Liability,251
2023-11-11,Geico,Home,Property,282
2023-11-11,Geico,Home,Renters,135
2023-11-11,Geico,Life,Term,181
2023-11-11,Geico,Life,Whole,299
2023-11-11,StateFarm,Auto,Comprehensive,135
2023-11-11,StateFarm,Auto,Liability,215
2023-11-11,StateFarm,Home,Property,134
2023-11-11,StateFarm,Home,Renters,259
2023-11-11,StateFarm,Life,Term,110
2023-11-11,StateFarm,Life,Whole,114
2023-11-11,Allstate,Auto,Comprehensive,135
2023-11-11,Allstate,Auto,Liability,127
2023-11-11,Allstate,Home,Property,167
2023-11-11,Allstate,Home,Renters,131
2023-11-11,Allstate,Life,Term,251
2023-11-11,Allstate,Life,Whole,99
2023-11-12,Geico,Auto,Comprehensive,315
2023-11-12,Geico,Auto,Liability,234
2023-11-12,Geico,Home,Property,82
2023-11-12,Geico,Home,Renters,70
2023-11-12,Geico,Life,Term,63
2023-11-12,Geico,Life,Whole,129
2023-11-12,StateFarm,Auto,Comprehensive,157
2023-11-12,StateFarm,Auto,Liability,189
2023-11-12,StateFarm,Home,Property,215
2023-11-12,StateFarm,Home,Renters,287
2023-11-12,StateFarm,Life,Term,126
2023-11-12,StateFarm,Life,Whole,133
2023-11-12,Allstate,Auto,Comprehensive,256
2023-11-12,Allstate,Auto,Liability,295
2023-11-12,Allstate,Home,Property,82
2023-11-12,Allstate,Home,Renters,178
2023-11-12,Allstate,Life,Term,57
2023-11-12,Allstate,Life,Whole,251
2023-11-13,Geico,Auto,Comprehensive,214
2023-11-13,Geico,Auto,Liability,358
2023-11-13,Geico,Home,Property,121
2023-11-13,Geico,Home,Renters,260
2023-11-13,Geico,Life,Term,109
2023-11-13,Geico,Life,Whole,169
2023-11-13,StateFarm,Auto,Comprehensive,163
2023-11-13,StateFarm,Auto,Liability,157
2023-11-13,StateFarm,Home,Property,115
2023-11-13,StateFarm,Home,Renters,229
2023-11-13,StateFarm,Life,Term,183
2023-11-13,StateFarm,Life,Whole,169
2023-11-13,Allstate,Auto,Comprehensive,101
2023-11-13,Allstate,Auto,Liability,304
2023-11-13,Allstate,Home,Property,192
2023-11-13,Allstate,Home,Renters,287
2023-11-13,Allstate,Life,Term,123
2023-11-13,Allstate,Life,Whole,272
2023-11-14,Geico,Auto,Comprehensive,221
2023-11-14,Geico,Auto,Liability,329
2023-11-14,Geico,Home,Property,61
2023-11-14,Geico,Home,Renters,200
2023-11-14,Geico,Life,Term,262
2023-11-14,Geico,Life,Whole,239
2023-11-14,StateFarm,Auto,Comprehensive,163
2023-11-14,StateFarm,Auto,Liability,346
2023-11-14,StateFarm,Home,Property,147
2023-11-14,StateFarm,Home,Renters,124
2023-11-14,StateFarm,Life,Term,232
2023-11-14,StateFarm,Life,Whole,194
2023-11-14,Allstate,Auto,Comprehensive,129
2023-11-14,Allstate,Auto,Liability,319
2023-11-14,Allstate,Home,Property,57
2023-11-14,Allstate,Home,Renters,68
2023-11-14,Allstate,Life,Term,75
2023-11-14,Allstate,Life,Whole,103
2023-11-15,Geico,Auto,Comprehensive,196
2023-11-15,Geico,Auto,Liability,280
2023-11-15,Geico,Home,Property,253
2023-11-15,Geico,Home,Renters,218
2023-11-15,Geico,Life,Term,277
2023-11-15,Geico,Life,Whole,292
2023-11-15,StateFarm,Auto,Comprehensive,252
2023-11-15,StateFarm,Auto,Liability,271
2023-11-15,StateFarm,Home,Property,82
2023-11-15,StateFarm,Home,Renters,188
2023-11-15,StateFarm,Life,Term,166
2023-11-15,StateFarm,Life,Whole,157
2023-11-15,Allstate,Auto,Comprehensive,145
2023-11-15,Allstate,Auto,Liability,236
2023-11-15,Allstate,Home,Property,101
2023-11-15,Allstate,Home,Renters,219
2023-11-15,Allstate,Life,Term,58
2023-11-15,Allstate,Life,Whole,76
2023-11-16,Geico,Auto,Comprehensive,315
2023-11-16,Geico,Auto,Liability,208
2023-11-16,Geico,Home,Property,180
2023-11-16,Geico,Home,Renters,264
2023-11-16,Geico,Life,Term,234
2023-11-16,Geico,Life,Whole,119
2023-11-16,StateFarm,Auto,Comprehensive,111
2023-11-16,StateFarm,Auto,Liability,120
2023-11-16,StateFarm,Home,Property,125
2023-11-16,StateFarm,Home,Renters,291
2023-11-16,StateFarm,Life,Term,86
2023-11-16,StateFarm,Life,Whole,287
2023-11-16,Allstate,Auto,Comprehensive,140
2023-11-16,Allstate,Auto,Liability,173
2023-11-16,Allstate,Home,Property,116
2023-11-16,Allstate,Home,Renters,275
2023-11-16,Allstate,Life,Term,118
2023-11-16,Allstate,Life,Whole,107
2023-11-17,Geico,Auto,Comprehensive,312
2023-11-17,Geico,Auto,Liability,229
2023-11-17,Geico,Home,Property,146
2023-11-17,Geico,Home,Renters,230
2023-11-17,Geico,Life,Term,150
2023-11-17,Geico,Life,Whole,58
2023-11-17,StateFarm,Auto,Comprehensive,252
2023-11-17,StateFarm,Auto,Liability,173
2023-11-17,StateFarm,Home,Property,284
2023-11-17,StateFarm,Home,Renters,74
2023-11-17,StateFarm,Life,Term,229
2023-11-17,StateFarm,Life,Whole,79
2023-11-17,Allstate,Auto,Comprehensive,123
2023-11-17,Allstate,Auto,Liability,85
2023-11-17,Allstate,Home,Property,190
2023-11-17,Allstate,Home,Renters,155
2023-11-17,Allstate,Life,Term,174
2023-11-17,Allstate,Life,Whole,231
2023-11-18,Geico,Auto,Comprehensive,260
2023-11-18,Geico,Auto,Liability,329
2023-11-18,Geico,Home,Property,64
2023-11-18,Geico,Home,Renters,74
2023-11-18,Geico,Life,Term,103
2023-11-18,Geico,Life,Whole,263
2023-11-18,StateFarm,Auto,Comprehensive,291
2023-11-18,StateFarm,Auto,Liability,248
2023-11-18,StateFarm,Home,Property,223
2023-11-18,StateFarm,Home,Renters,234
2023-11-18,StateFarm,Life,Term,102
2023-11-18,StateFarm,Life,Whole,60
2023-11-18,Allstate,Auto,Comprehensive,84
2023-11-18,Allstate,Auto,Liability,262
2023-11-18,Allstate,Home,Property,261
2023-11-18,Allstate,Home,Renters,109
2023-11-18,Allstate,Life,Term,175
2023-11-18,Allstate,Life,Whole,170
2023-11-19,Geico,Auto,Comprehensive,161
2023-11-19,Geico,Auto,Liability,185
2023-11-19,Geico,Home,Property,227
2023-11-19,Geico,Home,Renters,120
2023-11-19,Geico,Life,Term,204
2023-11-19,Geico,Life,Whole,283
2023-11-19,StateFarm,Auto,Comprehensive,249
2023-11-19,StateFarm,Auto,Liability,314
2023-11-19,StateFarm,Home,Property,274
2023-11-19,StateFarm,Home,Renters,159
2023-11-19,StateFarm,Life,Term,266
2023-11-19,StateFarm,Life,Whole,292
2023-11-19,Allstate,Auto,Comprehensive,343
2023-11-19,Allstate,Auto,Liability,270
2023-11-19,Allstate,Home,Property,254
2023-11-19,Allstate,Home,Renters,65
2023-11-19,Allstate,Life,Term,246
2023-11-19,Allstate,Life,Whole,118
2023-11-20,Geico,Auto,Comprehensive,208
2023-11-20,Geico,Auto,Liability,227
2023-11-20,Geico,Home,Property,110
2023-11-20,Geico,Home,Renters,178
2023-11-20,Geico,Life,Term,277
2023-11-20,Geico,Life,Whole,172
2023-11-20,StateFarm,Auto,Comprehensive,127
2023-11-20,StateFarm,Auto,Liability,291
2023-11-20,StateFarm,Home,Property,258
2023-11-20,StateFarm,Home,Renters,264
2023-11-20,StateFarm,Life,Term,205
2023-11-20,StateFarm,Life,Whole,87
2023-11-20,Allstate,Auto,Comprehensive,206
2023-11-20,Allstate,Auto,Liability,170
2023-11-20,Allstate,Home,Property,153
2023-11-20,Allstate,Home,Renters,258
2023-11-20,Allstate,Life,Term,90
2023-11-20,Allstate,Life,Whole,88
2023-11-21,Geico,Auto,Comprehensive,316
2023-11-21,Geico,Auto,Liability,121
2023-11-21,Geico,Home,Property,241
2023-11-21,Geico,Home,Renters,132
2023-11-21,Geico,Life,Term,108
2023-11-21,Geico,Life,Whole,140
2023-11-21,StateFarm,Auto,Comprehensive,278
2023-11-21,StateFarm,Auto,Liability,129
2023-11-21,StateFarm,Home,Property,58
2023-11-21,StateFarm,Home,Renters,253
2023-11-21,StateFarm,Life,Term,87
2023-11-21,StateFarm,Life,Whole,145
2023-11-21,Allstate,Auto,Comprehensive,123
2023-11-21,Allstate,Auto,Liability,315
2023-11-21,Allstate,Home,Property,204
2023-11-21,Allstate,Home,Renters,93
2023-11-21,Allstate,Life,Term,158
2023-11-21,Allstate,Life,Whole,60
2023-11-22,Geico,Auto,Comprehensive,206
2023-11-22,Geico,Auto,Liability,260
2023-11-22,Geico,Home,Property,110
2023-11-22,Geico,Home,Renters,96
2023-11-22,Geico,Life,Term,211
2023-11-22,Geico,Life,Whole,294
2023-11-22,StateFarm,Auto,Comprehensive,358
2023-11-22,StateFarm,Auto,Liability,146
2023-11-22,StateFarm,Home,Property,147
2023-11-22,StateFarm,Home,Renters,230
2023-11-22,StateFarm,Life,Term,228
2023-11-22,StateFarm,Life,Whole,266
2023-11-22,Allstate,Auto,Comprehensive,120
2023-11-22,Allstate,Auto,Liability,211
2023-11-22,Allstate,Home,Property,232
2023-11-22,Allstate,Home,Renters,61
2023-11-22,Allstate,Life,Term,102
2023-11-22,Allstate,Life,Whole,84
2023-11-23,Geico,Auto,Comprehensive,193
2023-11-23,Geico,Auto,Liability,246
2023-11-23,Geico,Home,Property,161
2023-11-23,Geico,Home,Renters,75
2023-11-23,Geico,Life,Term,154
2023-11-23,Geico,Life,Whole,52
2023-11-23,StateFarm,Auto,Comprehensive,329
2023-11-23,StateFarm,Auto,Liability,202
2023-11-23,StateFarm,Home,Property,199
2023-11-23,StateFarm,Home,Renters,145
2023-11-23,StateFarm,Life,Term,110
2023-11-23,StateFarm,Life,Whole,83
2023-11-23,Allstate,Auto,Comprehensive,270
2023-11-23,Allstate,Auto,Liability,163
2023-11-23,Allstate,Home,Property,184
2023-11-23,Allstate,Home,Renters,261
2023-11-23,Allstate,Life,Term,181
2023-11-23,Allstate,Life,Whole,284
2023-11-24,Geico,Auto,Comprehensive,217
2023-11-24,Geico,Auto,Liability,183
2023-11-24,Geico,Home,Property,93
2023-11-24,Geico,Home,Renters,108
2023-11-24,Geico,Life,Term,214
2023-11-24,Geico,Life,Whole,117
2023-11-24,StateFarm,Auto,Comprehensive,306
2023-11-24,StateFarm,Auto,Liability,115
2023-11-24,StateFarm,Home,Property,217
2023-11-24,StateFarm,Home,Renters,273
2023-11-24,StateFarm,Life,Term,159
2023-11-24,StateFarm,Life,Whole,53
2023-11-24,Allstate,Auto,Comprehensive,147
2023-11-24,Allstate,Auto,Liability,279
2023-11-24,Allstate,Home,Property,264
2023-11-24,Allstate,Home,Renters,82
2023-11-24,Allstate,Life,Term,58
2023-11-24,Allstate,Life,Whole,228
2023-11-25,Geico,Auto,Comprehensive,299
2023-11-25,Geico,Auto,Liability,312
2023-11-25,Geico,Home,Property,131
2023-11-25,Geico,Home,Renters,132
2023-11-25,Geico,Life,Term,127
2023-11-25,Geico,Life,Whole,147
2023-11-25,StateFarm,Auto,Comprehensive,281
2023-11-25,StateFarm,Auto,Liability,299
2023-11-25,StateFarm,Home,Property,79
2023-11-25,StateFarm,Home,Renters,253
2023-11-25,StateFarm,Life,Term,156
2023-11-25,StateFarm,Life,Whole,78
2023-11-25,Allstate,Auto,Comprehensive,314
2023-11-25,Allstate,Auto,Liability,139
2023-11-25,Allstate,Home,Property,51
2023-11-25,Allstate,Home,Renters,68
2023-11-25,Allstate,Life,Term,238
2023-11-25,Allstate,Life,Whole,104
2023-11-26,Geico,Auto,Comprehensive,312
2023-11-26,Geico,Auto,Liability,200
2023-11-26,Geico,Home,Property,141
2023-11-26,Geico,Home,Renters,54
2023-11-26,Geico,Life,Term,262
2023-11-26,Geico,Life,Whole,299
2023-11-26,StateFarm,Auto,Comprehensive,253
2023-11-26,StateFarm,Auto,Liability,172
2023-11-26,StateFarm,Home,Property,156
2023-11-26,StateFarm,Home,Renters,198
2023-11-26,StateFarm,Life,Term,184
2023-11-26,StateFarm,Life,Whole,141
2023-11-26,Allstate,Auto,Comprehensive,211
2023-11-26,Allstate,Auto,Liability,251
2023-11-26,Allstate,Home,Property,156
2023-11-26,Allstate,Home,Renters,196
2023-11-26,Allstate,Life,Term,159
2023-11-26,Allstate,Life,Whole,52
2023-11-27,Geico,Auto,Comprehensive,318
2023-11-27,Geico,Auto,Liability,126
2023-11-27,Geico,Home,Property,213
2023-11-27,Geico,Home,Renters,94
2023-11-27,Geico,Life,Term,104
2023-11-27,Geico,Life,Whole,109
2023-11-27,StateFarm,Auto,Comprehensive,270
2023-11-27,StateFarm,Auto,Liability,133
2023-11-27,StateFarm,Home,Property,75
2023-11-27,StateFarm,Home,Renters,99
2023-11-27,StateFarm,Life,Term,106
2023-11-27,StateFarm,Life,Whole,179
2023-11-27,Allstate,Auto,Comprehensive,227
2023-11-27,Allstate,Auto,Liability,260
2023-11-27,Allstate,Home,Property,52
2023-11-27,Allstate,Home,Renters,164
2023-11-27,Allstate,Life,Term,260
2023-11-27,Allstate,Life,Whole,75
2023-11-28,Geico,Auto,Comprehensive,164
2023-11-28,Geico,Auto,Liability,114
2023-11-28,Geico,Home,Property,186
2023-11-28,Geico,Home,Renters,209
2023-11-28,Geico,Life,Term,82
2023-11-28,Geico,Life,Whole,294
2023-11-28,StateFarm,Auto,Comprehensive,235
2023-11-28,StateFarm,Auto,Liability,312
2023-11-28,StateFarm,Home,Property,154
2023-11-28,StateFarm,Home,Renters,299
2023-11-28,StateFarm,Life,Term,123
2023-11-28,StateFarm,Life,Whole,181
2023-11-28,Allstate,Auto,Comprehensive,300
2023-11-28,Allstate,Auto,Liability,302
2023-11-28,Allstate,Home,Property,199
2023-11-28,Allstate,Home,Renters,190
2023-11-28,Allstate,Life,Term,132
2023-11-28,Allstate,Life,Whole,265
2023-11-29,Geico,Auto,Comprehensive,290
2023-11-29,Geico,Auto,Liability,194
2023-11-29,Geico,Home,Property,67
2023-11-29,Geico,Home,Renters,168
2023-11-29,Geico,Life,Term,115
2023-11-29,Geico,Life,Whole,279
2023-11-29,StateFarm,Auto,Comprehensive,117
2023-11-29,StateFarm,Auto,Liability,289
2023-11-29,StateFarm,Home,Property,227
2023-11-29,StateFarm,Home,Renters,153
2023-11-29,StateFarm,Life,Term,235
2023-11-29,StateFarm,Life,Whole,106
2023-11-29,Allstate,Auto,Comprehensive,257
2023-11-29,Allstate,Auto,Liability,289
2023-11-29,Allstate,Home,Property,90
2023-11-29,Allstate,Home,Renters,183
2023-11-29,Allstate,Life,Term,258
2023-11-29,Allstate,Life,Whole,171
2023-11-30,Geico,Auto,Comprehensive,176
2023-11-30,Geico,Auto,Liability,171
2023-11-30,Geico,Home,Property,168
2023-11-30,Geico,Home,Renters,236
2023-11-30,Geico,Life,Term,201
2023-11-30,Geico,Life,Whole,85
2023-11-30,StateFarm,Auto,Comprehensive,284
2023-11-30,StateFarm,Auto,Liability,126
2023-11-30,StateFarm,Home,Property,82
2023-11-30,StateFarm,Home,Renters,81
2023-11-30,StateFarm,Life,Term,249
2023-11-30,StateFarm,Life,Whole,280
2023-11-30,Allstate,Auto,Comprehensive,240
2023-11-30,Allstate,Auto,Liability,163
2023-11-30,Allstate,Home,Property,222
2023-11-30,Allstate,Home,Renters,234
2023-11-30,Allstate,Life,Term,284
2023-11-30,Allstate,Life,Whole,265
2023-12-01,Geico,Auto,Comprehensive,165
2023-12-01,Geico,Auto,Liability,135
2023-12-01,Geico,Home,Property,200
2023-12-01,Geico,Home,Renters,135
2023-12-01,Geico,Life,Term,91
2023-12-01,Geico,Life,Whole,79
2023-12-01,StateFarm,Auto,Comprehensive,324
2023-12-01,StateFarm,Auto,Liability,191
2023-12-01,StateFarm,Home,Property,283
2023-12-01,StateFarm,Home,Renters,106
2023-12-01,StateFarm,Life,Term,246
2023-12-01,StateFarm,Life,Whole,158
2023-12-01,Allstate,Auto,Comprehensive,254
2023-12-01,Allstate,Auto,Liability,194
2023-12-01,Allstate,Home,Property,87
2023-12-01,Allstate,Home,Renters,55
2023-12-01,Allstate,Life,Term,61
2023-12-01,Allstate,Life,Whole,73
2023-12-02,Geico,Auto,Comprehensive,326
2023-12-02,Geico,Auto,Liability,126
2023-12-02,Geico,Home,Property,177
2023-12-02,Geico,Home,Renters,103
2023-12-02,Geico,Life,Term,63
2023-12-02,Geico,Life,Whole,187
2023-12-02,StateFarm,Auto,Comprehensive,270
2023-12-02,StateFarm,Auto,Liability,128
2023-12-02,StateFarm,Home,Property,70
2023-12-02,StateFarm,Home,Renters,164
2023-12-02,StateFarm,Life,Term,297
2023-12-02,StateFarm,Life,Whole,149
2023-12-02,Allstate,Auto,Comprehensive,210
2023-12-02,Allstate,Auto,Liability,205
2023-12-02,Allstate,Home,Property,206
2023-12-02,Allstate,Home,Renters,99
2023-12-02,Allstate,Life,Term,280
2023-12-02,Allstate,Life,Whole,169
2023-12-03,Geico,Auto,Comprehensive,225
2023-12-03,Geico,Auto,Liability,346
2023-12-03,Geico,Home,Property,219
2023-12-03,Geico,Home,Renters,177
2023-12-03,Geico,Life,Term,216
2023-12-03,Geico,Life,Whole,59
2023-12-03,StateFarm,Auto,Comprehensive,298
2023-12-03,StateFarm,Auto,Liability,332
2023-12-03,StateFarm,Home,Property,279
2023-12-03,StateFarm,Home,Renters,274
2023-12-03,StateFarm,Life,Term,297
2023-12-03,StateFarm,Life,Whole,60
2023-12-03,Allstate,Auto,Comprehensive,298
2023-12-03,Allstate,Auto,Liability,285
2023-12-03,Allstate,Home,Property,205
2023-12-03,Allstate,Home,Renters,132
2023-12-03,Allstate,Life,Term,164
2023-12-03,Allstate,Life,Whole,58
2023-12-04,Geico,Auto,Comprehensive,306
2023-12-04,Geico,Auto,Liability,257
2023-12-04,Geico,Home,Property,235
2023-12-04,Geico,Home,Renters,299
2023-12-04,Geico,Life,Term,120
2023-12-04,Geico,Life,Whole,60
2023-12-04,StateFarm,Auto,Comprehensive,208
2023-12-04,StateFarm,Auto,Liability,184
2023-12-04,StateFarm,Home,Property,88
2023-12-04,StateFarm,Home,Renters,114
2023-12-04,StateFarm,Life,Term,233
2023-12-04,StateFarm,Life,Whole,52
2023-12-04,Allstate,Auto,Comprehensive,106
2023-12-04,Allstate,Auto,Liability,293
2023-12-04,Allstate,Home,Property,292
2023-12-04,Allstate,Home,Renters,147
2023-12-04,Allstate,Life,Term,151
2023-12-04,Allstate,Life,Whole,108
2023-12-05,Geico,Auto,Comprehensive,325
2023-12-05,Geico,Auto,Liability,201
2023-12-05,Geico,Home,Property,85
2023-12-05,Geico,Home,Renters,76
2023-12-05,Geico,Life,Term,237
2023-12-05,Geico,Life,Whole,274
2023-12-05,StateFarm,Auto,Comprehensive,319
2023-12-05,StateFarm,Auto,Liability,141
2023-12-05,StateFarm,Home,Property,257
2023-12-05,StateFarm,Home,Renters,172
2023-12-05,StateFarm,Life,Term,220
2023-12-05,StateFarm,Life,Whole,173
2023-12-05,Allstate,Auto,Comprehensive,181
2023-12-05,Allstate,Auto,Liability,192
2023-12-05,Allstate,Home,Property,151
2023-12-05,Allstate,Home,Renters,162
2023-12-05,Allstate,Life,Term,255
2023-12-05,Allstate,Life,Whole,223
2023-12-06,Geico,Auto,Comprehensive,269
2023-12-06,Geico,Auto,Liability,342
2023-12-06,Geico,Home,Property,279
2023-12-06,Geico,Home,Renters,272
2023-12-06,Geico,Life,Term,52
2023-12-06,Geico,Life,Whole,253
2023-12-06,StateFarm,Auto,Comprehensive,224
2023-12-06,StateFarm,Auto,Liability,172
2023-12-06,StateFarm,Home,Property,193
2023-12-06,StateFarm,Home,Renters,124
2023-12-06,StateFarm,Life,Term,218
2023-12-06,StateFarm,Life,Whole,241
2023-12-06,Allstate,Auto,Comprehensive,334
2023-12-06,Allstate,Auto,Liability,295
2023-12-06,Allstate,Home,Property,230
2023-12-06,Allstate,Home,Renters,84
2023-12-06,Allstate,Life,Term,144
2023-12-06,Allstate,Life,Whole,297
2023-12-07,Geico,Auto,Comprehensive,215
2023-12-07,Geico,Auto,Liability,248
2023-12-07,Geico,Home,Property,98
2023-12-07,Geico,Home,Renters,190
2023-12-07,Geico,Life,Term,58
2023-12-07,Geico,Life,Whole,139
2023-12-07,StateFarm,Auto,Comprehensive,257
2023-12-07,StateFarm,Auto,Liability,238
2023-12-07,StateFarm,Home,Property,85
2023-12-07,StateFarm,Home,Renters,240
2023-12-07,StateFarm,Life,Term,198
2023-12-07,StateFarm,Life,Whole,59
2023-12-07,Allstate,Auto,Comprehensive,136
2023-12-07,Allstate,Auto,Liability,177
2023-12-07,Allstate,Home,Property,132
2023-12-07,Allstate,Home,Renters,278
2023-12-07,Allstate,Life,Term,228
2023-12-07,Allstate,Life,Whole,166
2023-12-08,Geico,Auto,Comprehensive,296
2023-12-08,Geico,Auto,Liability,190
2023-12-08,Geico,Home,Property,139
2023-12-08,Geico,Home,Renters,258
2023-12-08,Geico,Life,Term,221
2023-12-08,Geico,Life,Whole,72
2023-12-08,StateFarm,Auto,Comprehensive,306
2023-12-08,StateFarm,Auto,Liability,304
2023-12-08,StateFarm,Home,Property,233
2023-12-08,StateFarm,Home,Renters,120
2023-12-08,StateFarm,Life,Term,154
2023-12-08,StateFarm,Life,Whole,246
2023-12-08,Allstate,Auto,Comprehensive,168
2023-12-08,Allstate,Auto,Liability,306
2023-12-08,Allstate,Home,Property,229
2023-12-08,Allstate,Home,Renters,240
2023-12-08,Allstate,Life,Term,96
2023-12-08,Allstate,Life,Whole,195
2023-12-09,Geico,Auto,Comprehensive,154
2023-12-09,Geico,Auto,Liability,89
2023-12-09,Geico,Home,Property,231
2023-12-09,Geico,Home,Renters,72
2023-12-09,Geico,Life,Term,127
2023-12-09,Geico,Life,Whole,70
2023-12-09,StateFarm,Auto,Comprehensive,220
2023-12-09,StateFarm,Auto,Liability,158
2023-12-09,StateFarm,Home,Property,109
2023-12-09,StateFarm,Home,Renters,270
2023-12-09,StateFarm,Life,Term,252
2023-12-09,StateFarm,Life,Whole,118
2023-12-09,Allstate,Auto,Comprehensive,188
2023-12-09,Allstate,Auto,Liability,114
2023-12-09,Allstate,Home,Property,126
2023-12-09,Allstate,Home,Renters,176
2023-12-09,Allstate,Life,Term,97
2023-12-09,Allstate,Life,Whole,104
2023-12-10,Geico,Auto,Comprehensive,102
2023-12-10,Geico,Auto,Liability,110
2023-12-10,Geico,Home,Property,240
2023-12-10,Geico,Home,Renters,198
2023-12-10,Geico,Life,Term,121
2023-12-10,Geico,Life,Whole,100
2023-12-10,StateFarm,Auto,Comprehensive,353
2023-12-10,StateFarm,Auto,Liability,311
2023-12-10,StateFarm,Home,Property,163
2023-12-10,StateFarm,Home,Renters,84
2023-12-10,StateFarm,Life,Term,284
2023-12-10,StateFarm,Life,Whole,198
2023-12-10,Allstate,Auto,Comprehensive,125
2023-12-10,Allstate,Auto,Liability,178
2023-12-10,Allstate,Home,Property,258
2023-12-10,Allstate,Home,Renters,272
2023-12-10,Allstate,Life,Term,229
2023-12-10,Allstate,Life,Whole,111
2023-12-11,Geico,Auto,Comprehensive,206
2023-12-11,Geico,Auto,Liability,237
2023-12-11,Geico,Home,Property,245
2023-12-11,Geico,Home,Renters,76
2023-12-11,Geico,Life,Term,232
2023-12-11,Geico,Life,Whole,169
2023-12-11,StateFarm,Auto,Comprehensive,139
2023-12-11,StateFarm,Auto,Liability,129
2023-12-11,StateFarm,Home,Property,62
2023-12-11,StateFarm,Home,Renters,54
2023-12-11,StateFarm,Life,Term,256
2023-12-11,StateFarm,Life,Whole,67
2023-12-11,Allstate,Auto,Comprehensive,290
2023-12-11,Allstate,Auto,Liability,274
2023-12-11,Allstate,Home,Property,206
2023-12-11,Allstate,Home,Renters,67
2023-12-11,Allstate,Life,Term,69
2023-12-11,Allstate,Life,Whole,125
2023-12-12,Geico,Auto,Comprehensive,332
2023-12-12,Geico,Auto,Liability,332
2023-12-12,Geico,Home,Property,213
2023-12-12,Geico,Home,Renters,250
2023-12-12,Geico,Life,Term,189
2023-12-12,Geico,Life,Whole,55
2023-12-12,StateFarm,Auto,Comprehensive,272
2023-12-12,StateFarm,Auto,Liability,247
2023-12-12,StateFarm,Home,Property,173
2023-12-12,StateFarm,Home,Renters,57
2023-12-12,StateFarm,Life,Term,218
2023-12-12,StateFarm,Life,Whole,116
2023-12-12,Allstate,Auto,Comprehensive,263
2023-12-12,Allstate,Auto,Liability,306
2023-12-12,Allstate,Home,Property,183
2023-12-12,Allstate,Home,Renters,264
2023-12-12,Allstate,Life,Term,130
2023-12-12,Allstate,Life,Whole,146
2023-12-13,Geico,Auto,Comprehensive,303
2023-12-13,Geico,Auto,Liability,330
2023-12-13,Geico,Home,Property,133
2023-12-13,Geico,Home,Renters,55
2023-12-13,Geico,Life,Term,160
2023-12-13,Geico,Life,Whole,112
2023-12-13,StateFarm,Auto,Comprehensive,245
2023-12-13,StateFarm,Auto,Liability,157
2023-12-13,StateFarm,Home,Property,168
2023-12-13,StateFarm,Home,Renters,294
2023-12-13,StateFarm,Life,Term,202
2023-12-13,StateFarm,Life,Whole,101
2023-12-13,Allstate,Auto,Comprehensive,124
2023-12-13,Allstate,Auto,Liability,338
2023-12-13,Allstate,Home,Property,141
2023-12-13,Allstate,Home,Renters,138
2023-12-13,Allstate,Life,Term,276
2023-12-13,Allstate,Life,Whole,250
2023-12-14,Geico,Auto,Comprehensive,240
2023-12-14,Geico,Auto,Liability,299
2023-12-14,Geico,Home,Property,271
2023-12-14,Geico,Home,Renters,212
2023-12-14,Geico,Life,Term,175
2023-12-14,Geico,Life,Whole,104
2023-12-14,StateFarm,Auto,Comprehensive,136
2023-12-14,StateFarm,Auto,Liability,104
2023-12-14,StateFarm,Home,Property,233
2023-12-14,StateFarm,Home,Renters,122
2023-12-14,StateFarm,Life,Term,62
2023-12-14,StateFarm,Life,Whole,191
2023-12-14,Allstate,Auto,Comprehensive,271
2023-12-14,Allstate,Auto,Liability,270
2023-12-14,Allstate,Home,Property,51
2023-12-14,Allstate,Home,Renters,170
2023-12-14,Allstate,Life,Term,68
2023-12-14,Allstate,Life,Whole,160
2023-12-15,Geico,Auto,Comprehensive,356
2023-12-15,Geico,Auto,Liability,204
2023-12-15,Geico,Home,Property,99
2023-12-15,Geico,Home,Renters,140
2023-12-15,Geico,Life,Term,54
2023-12-15,Geico,Life,Whole,138
2023-12-15,StateFarm,Auto,Comprehensive,256
2023-12-15,StateFarm,Auto,Liability,212
2023-12-15,StateFarm,Home,Property,52
2023-12-15,StateFarm,Home,Renters,262
2023-12-15,StateFarm,Life,Term,226
2023-12-15,StateFarm,Life,Whole,79
2023-12-15,Allstate,Auto,Comprehensive,323
2023-12-15,Allstate,Auto,Liability,283
2023-12-15,Allstate,Home,Property,106
2023-12-15,Allstate,Home,Renters,177
2023-12-15,Allstate,Life,Term,238
2023-12-15,Allstate,Life,Whole,63
2023-12-16,Geico,Auto,Comprehensive,287
2023-12-16,Geico,Auto,Liability,186
2023-12-16,Geico,Home,Property,199
2023-12-16,Geico,Home,Renters,158
2023-12-16,Geico,Life,Term,175
2023-12-16,Geico,Life,Whole,177
2023-12-16,StateFarm,Auto,Comprehensive,248
2023-12-16,StateFarm,Auto,Liability,188
2023-12-16,StateFarm,Home,Property,131
2023-12-16,StateFarm,Home,Renters,263
2023-12-16,StateFarm,Life,Term,184
2023-12-16,StateFarm,Life,Whole,53
2023-12-16,Allstate,Auto,Comprehensive,262
2023-12-16,Allstate,Auto,Liability,242
2023-12-16,Allstate,Home,Property,231
2023-12-16,Allstate,Home,Renters,231
2023-12-16,Allstate,Life,Term,283
2023-12-16,Allstate,Life,Whole,211
2023-12-17,Geico,Auto,Comprehensive,176
2023-12-17,Geico,Auto,Liability,352
2023-12-17,Geico,Home,Property,105
2023-12-17,Geico,Home,Renters,144
2023-12-17,Geico,Life,Term,229
2023-12-17,Geico,Life,Whole,238
2023-12-17,StateFarm,Auto,Comprehensive,356
2023-12-17,StateFarm,Auto,Liability,367
2023-12-17,StateFarm,Home,Property,82
2023-12-17,StateFarm,Home,Renters,282
2023-12-17,StateFarm,Life,Term,81
2023-12-17,StateFarm,Life,Whole,152
2023-12-17,Allstate,Auto,Comprehensive,291
2023-12-17,Allstate,Auto,Liability,168
2023-12-17,Allstate,Home,Property,60
2023-12-17,Allstate,Home,Renters,270
2023-12-17,Allstate,Life,Term,93
2023-12-17,Allstate,Life,Whole,96
2023-12-18,Geico,Auto,Comprehensive,268
2023-12-18,Geico,Auto,Liability,176
2023-12-18,Geico,Home,Property,79
2023-12-18,Geico,Home,Renters,292
2023-12-18,Geico,Life,Term,216
2023-12-18,Geico,Life,Whole,281
2023-12-18,StateFarm,Auto,Comprehensive,192
2023-12-18,StateFarm,Auto,Liability,133
2023-12-18,StateFarm,Home,Property,231
2023-12-18,StateFarm,Home,Renters,296
2023-12-18,StateFarm,Life,Term,146
2023-12-18,StateFarm,Life,Whole,231
2023-12-18,Allstate,Auto,Comprehensive,181
2023-12-18,Allstate,Auto,Liability,165
2023-12-18,Allstate,Home,Property,245
2023-12-18,Allstate,Home,Renters,212
2023-12-18,Allstate,Life,Term,241
2023-12-18,Allstate,Life,Whole,161
2023-12-19,Geico,Auto,Comprehensive,112
2023-12-19,Geico,Auto,Liability,146
2023-12-19,Geico,Home,Property,247
2023-12-19,Geico,Home,Renters,241
2023-12-19,Geico,Life,Term,171
2023-12-19,Geico,Life,Whole,70
2023-12-19,StateFarm,Auto,Comprehensive,300
2023-12-19,StateFarm,Auto,Liability,88
2023-12-19,StateFarm,Home,Property,163
2023-12-19,StateFarm,Home,Renters,271
2023-12-19,StateFarm,Life,Term,213
2023-12-19,StateFarm,Life,Whole,254
2023-12-19,Allstate,Auto,Comprehensive,299
2023-12-19,Allstate,Auto,Liability,212
2023-12-19,Allstate,Home,Property,288
2023-12-19,Allstate,Home,Renters,78
2023-12-19,Allstate,Life,Term,254
2023-12-19,Allstate,Life,Whole,215
2023-12-20,Geico,Auto,Comprehensive,302
2023-12-20,Geico,Auto,Liability,153
2023-12-20,Geico,Home,Property,59
2023-12-20,Geico,Home,Renters,137
2023-12-20,Geico,Life,Term,216
2023-12-20,Geico,Life,Whole,157
2023-12-20,StateFarm,Auto,Comprehensive,88
2023-12-20,StateFarm,Auto,Liability,220
2023-12-20,StateFarm,Home,Property,247
2023-12-20,StateFarm,Home,Renters,294
2023-12-20,StateFarm,Life,Term,55
2023-12-20,StateFarm,Life,Whole,177
2023-12-20,Allstate,Auto,Comprehensive,234
2023-12-20,Allstate,Auto,Liability,140
2023-12-20,Allstate,Home,Property,257
2023-12-20,Allstate,Home,Renters,129
2023-12-20,Allstate,Life,Term,147
2023-12-20,Allstate,Life,Whole,56
2023-12-21,Geico,Auto,Comprehensive,263
2023-12-21,Geico,Auto,Liability,150
2023-12-21,Geico,Home,Property,125
2023-12-21,Geico,Home,Renters,270
2023-12-21,Geico,Life,Term,179
2023-12-21,Geico,Life,Whole,183
2023-12-21,StateFarm,Auto,Comprehensive,157
2023-12-21,StateFarm,Auto,Liability,299
2023-12-21,StateFarm,Home,Property,202
2023-12-21,StateFarm,Home,Renters,242
2023-12-21,StateFarm,Life,Term,204
2023-12-21,StateFarm,Life,Whole,69
2023-12-21,Allstate,Auto,Comprehensive,265
2023-12-21,Allstate,Auto,Liability,107
2023-12-21,Allstate,Home,Property,280
2023-12-21,Allstate,Home,Renters,297
2023-12-21,Allstate,Life,Term,76
2023-12-21,Allstate,Life,Whole,147
2023-12-22,Geico,Auto,Comprehensive,91
2023-12-22,Geico,Auto,Liability,268
2023-12-22,Geico,Home,Property,60
2023-12-22,Geico,Home,Renters,212
2023-12-22,Geico,Life,Term,125
2023-12-22,Geico,Life,Whole,218
2023-12-22,StateFarm,Auto,Comprehensive,79
2023-12-22,StateFarm,Auto,Liability,161
2023-12-22,StateFarm,Home,Property,66
2023-12-22,StateFarm,Home,Renters,214
2023-12-22,StateFarm,Life,Term,157
2023-12-22,StateFarm,Life,Whole,68
2023-12-22,Allstate,Auto,Comprehensive,265
2023-12-22,Allstate,Auto,Liability,276
2023-12-22,Allstate,Home,Property,63
2023-12-22,Allstate,Home,Renters,219
2023-12-22,Allstate,Life,Term,185
2023-12-22,Allstate,Life,Whole,178
2023-12-23,Geico,Auto,Comprehensive,236
2023-12-23,Geico,Auto,Liability,167
2023-12-23,Geico,Home,Property,180
2023-12-23,Geico,Home,Renters,64
2023-12-23,Geico,Life,Term,257
2023-12-23,Geico,Life,Whole,229
2023-12-23,StateFarm,Auto,Comprehensive,327
2023-12-23,StateFarm,Auto,Liability,143
2023-12-23,StateFarm,Home,Property,117
2023-12-23,StateFarm,Home,Renters,253
2023-12-23,StateFarm,Life,Term,180
2023-12-23,StateFarm,Life,Whole,159
2023-12-23,Allstate,Auto,Comprehensive,240
2023-12-23,Allstate,Auto,Liability,245
2023-12-23,Allstate,Home,Property,148
2023-12-23,Allstate,Home,Renters,65
2023-12-23,Allstate,Life,Term,166
2023-12-23,Allstate,Life,Whole,193
2023-12-24,Geico,Auto,Comprehensive,310
2023-12-24,Geico,Auto,Liability,116
2023-12-24,Geico,Home,Property,186
2023-12-24,Geico,Home,Renters,184
2023-12-24,Geico,Life,Term,81
2023-12-24,Geico,Life,Whole,78
2023-12-24,StateFarm,Auto,Comprehensive,244
2023-12-24,StateFarm,Auto,Liability,288
2023-12-24,StateFarm,Home,Property,203
2023-12-24,StateFarm,Home,Renters,256
2023-12-24,StateFarm,Life,Term,170
2023-12-24,StateFarm,Life,Whole,186
2023-12-24,Allstate,Auto,Comprehensive,107
2023-12-24,Allstate,Auto,Liability,327
2023-12-24,Allstate,Home,Property,80
2023-12-24,Allstate,Home,Renters,188
2023-12-24,Allstate,Life,Term,113
2023-12-24,Allstate,Life,Whole,110
2023-12-25,Geico,Auto,Comprehensive,90
2023-12-25,Geico,Auto,Liability,142
2023-12-25,Geico,Home,Property,129
2023-12-25,Geico,Home,Renters,197
2023-12-25,Geico,Life,Term,65
2023-12-25,Geico,Life,Whole,98
2023-12-25,StateFarm,Auto,Comprehensive,354
2023-12-25,StateFarm,Auto,Liability,352
2023-12-25,StateFarm,Home,Property,271
2023-12-25,StateFarm,Home,Renters,190
2023-12-25,StateFarm,Life,Term,229
2023-12-25,StateFarm,Life,Whole,228
2023-12-25,Allstate,Auto,Comprehensive,245
2023-12-25,Allstate,Auto,Liability,143
2023-12-25,Allstate,Home,Property,249
2023-12-25,Allstate,Home,Renters,218
2023-12-25,Allstate,Life,Term,175
2023-12-25,Allstate,Life,Whole,110
2023-12-26,Geico,Auto,Comprehensive,334
2023-12-26,Geico,Auto,Liability,230
2023-12-26,Geico,Home,Property,188
2023-12-26,Geico,Home,Renters,73
2023-12-26,Geico,Life,Term,125
2023-12-26,Geico,Life,Whole,234
2023-12-26,StateFarm,Auto,Comprehensive,322
2023-12-26,StateFarm,Auto,Liability,185
2023-12-26,StateFarm,Home,Property,128
2023-12-26,StateFarm,Home,Renters,189
2023-12-26,StateFarm,Life,Term,291
2023-12-26,StateFarm,Life,Whole,193
2023-12-26,Allstate,Auto,Comprehensive,201
2023-12-26,Allstate,Auto,Liability,172
2023-12-26,Allstate,Home,Property,193
2023-12-26,Allstate,Home,Renters,130
2023-12-26,Allstate,Life,Term,67
2023-12-26,Allstate,Life,Whole,248
2023-12-27,Geico,Auto,Comprehensive,306
2023-12-27,Geico,Auto,Liability,165
2023-12-27,Geico,Home,Property,154
2023-12-27,Geico,Home,Renters,254
2023-12-27,Geico,Life,Term,287
2023-12-27,Geico,Life,Whole,230
2023-12-27,StateFarm,Auto,Comprehensive,86
2023-12-27,StateFarm,Auto,Liability,317
2023-12-27,StateFarm,Home,Property,75
2023-12-27,StateFarm,Home,Renters,259
2023-12-27,StateFarm,Life,Term,99
2023-12-27,StateFarm,Life,Whole,178
2023-12-27,Allstate,Auto,Comprehensive,364
2023-12-27,Allstate,Auto,Liability,150
2023-12-27,Allstate,Home,Property,259
2023-12-27,Allstate,Home,Renters,275
2023-12-27,Allstate,Life,Term,137
2023-12-27,Allstate,Life,Whole,290
2023-12-28,Geico,Auto,Comprehensive,196
2023-12-28,Geico,Auto,Liability,228
2023-12-28,Geico,Home,Property,130
2023-12-28,Geico,Home,Renters,58
2023-12-28,Geico,Life,Term,277
2023-12-28,Geico,Life,Whole,257
2023-12-28,StateFarm,Auto,Comprehensive,304
2023-12-28,StateFarm,Auto,Liability,231
2023-12-28,StateFarm,Home,Property,235
2023-12-28,StateFarm,Home,Renters,118
2023-12-28,StateFarm,Life,Term,91
2023-12-28,StateFarm,Life,Whole,114
2023-12-28,Allstate,Auto,Comprehensive,267
2023-12-28,Allstate,Auto,Liability,185
2023-12-28,Allstate,Home,Property,50
2023-12-28,Allstate,Home,Renters,194
2023-12-28,Allstate,Life,Term,283
2023-12-28,Allstate,Life,Whole,278
2023-12-29,Geico,Auto,Comprehensive,305
2023-12-29,Geico,Auto,Liability,243
2023-12-29,Geico,Home,Property,292
2023-12-29,Geico,Home,Renters,159
2023-12-29,Geico,Life,Term,116
2023-12-29,Geico,Life,Whole,58
2023-12-29,StateFarm,Auto,Comprehensive,101
2023-12-29,StateFarm,Auto,Liability,249
2023-12-29,StateFarm,Home,Property,166
2023-12-29,StateFarm,Home,Renters,105
2023-12-29,StateFarm,Life,Term,171
2023-12-29,StateFarm,Life,Whole,52
2023-12-29,Allstate,Auto,Comprehensive,277
2023-12-29,Allstate,Auto,Liability,207
2023-12-29,Allstate,Home,Property,142
2023-12-29,Allstate,Home,Renters,163
2023-12-29,Allstate,Life,Term,195
2023-12-29,Allstate,Life,Whole,157
2023-12-30,Geico,Auto,Comprehensive,285
2023-12-30,Geico,Auto,Liability,294
2023-12-30,Geico,Home,Property,262
2023-12-30,Geico,Home,Renters,123
2023-12-30,Geico,Life,Term,67
2023-12-30,Geico,Life,Whole,167
2023-12-30,StateFarm,Auto,Comprehensive,251
2023-12-30,StateFarm,Auto,Liability,249
2023-12-30,StateFarm,Home,Property,217
2023-12-30,StateFarm,Home,Renters,109
2023-12-30,StateFarm,Life,Term,240
2023-12-30,StateFarm,Life,Whole,255
2023-12-30,Allstate,Auto,Comprehensive,110
2023-12-30,Allstate,Auto,Liability,170
2023-12-30,Allstate,Home,Property,65
2023-12-30,Allstate,Home,Renters,267
2023-12-30,Allstate,Life,Term,146
2023-12-30,Allstate,Life,Whole,200
2023-12-31,Geico,Auto,Comprehensive,246
2023-12-31,Geico,Auto,Liability,182
2023-12-31,Geico,Home,Property,116
2023-12-31,Geico,Home,Renters,288
2023-12-31,Geico,Life,Term,51
2023-12-31,Geico,Life,Whole,259
2023-12-31,StateFarm,Auto,Comprehensive,180
2023-12-31,StateFarm,Auto,Liability,253
2023-12-31,StateFarm,Home,Property,82
2023-12-31,StateFarm,Home,Renters,184
2023-12-31,StateFarm,Life,Term,196
2023-12-31,StateFarm,Life,Whole,80
2023-12-31,Allstate,Auto,Comprehensive,344
2023-12-31,Allstate,Auto,Liability,180
2023-12-31,Allstate,Home,Property,145
2023-12-31,Allstate,Home,Renters,233
2023-12-31,Allstate,Life,Term,266
2023-12-31,Allstate,Life,Whole,288
2024-01-01,Geico,Auto,Comprehensive,178
2024-01-01,Geico,Auto,Liability,212
2024-01-01,Geico,Home,Property,250
2024-01-01,Geico,Home,Renters,83
2024-01-01,Geico,Life,Term,242
2024-01-01,Geico,Life,Whole,262
2024-01-01,StateFarm,Auto,Comprehensive,323
2024-01-01,StateFarm,Auto,Liability,297
2024-01-01,StateFarm,Home,Property,189
2024-01-01,StateFarm,Home,Renters,86
2024-01-01,StateFarm,Life,Term,85
2024-01-01,StateFarm,Life,Whole,230
2024-01-01,Allstate,Auto,Comprehensive,326
2024-01-01,Allstate,Auto,Liability,132
2024-01-01,Allstate,Home,Property,141
2024-01-01,Allstate,Home,Renters,148
2024-01-01,Allstate,Life,Term,296
2024-01-01,Allstate,Life,Whole,237
2024-01-02,Geico,Auto,Comprehensive,235
2024-01-02,Geico,Auto,Liability,190
2024-01-02,Geico,Home,Property,102
2024-01-02,Geico,Home,Renters,128
2024-01-02,Geico,Life,Term,227
2024-01-02,Geico,Life,Whole,88
2024-01-02,StateFarm,Auto,Comprehensive,334
2024-01-02,StateFarm,Auto,Liability,187
2024-01-02,StateFarm,Home,Property,185
2024-01-02,StateFarm,Home,Renters,64
2024-01-02,StateFarm,Life,Term,241
2024-01-02,StateFarm,Life,Whole,238
2024-01-02,Allstate,Auto,Comprehensive,217
2024-01-02,Allstate,Auto,Liability,164
2024-01-02,Allstate,Home,Property,106
2024-01-02,Allstate,Home,Renters,250
2024-01-02,Allstate,Life,Term,210
2024-01-02,Allstate,Life,Whole,242
2024-01-03,Geico,Auto,Comprehensive,327
2024-01-03,Geico,Auto,Liability,223
2024-01-03,Geico,Home,Property,230
2024-01-03,Geico,Home,Renters,138
2024-01-03,Geico,Life,Term,62
2024-01-03,Geico,Life,Whole,159
2024-01-03,StateFarm,Auto,Comprehensive,331
2024-01-03,StateFarm,Auto,Liability,209
2024-01-03,StateFarm,Home,Property,115
2024-01-03,StateFarm,Home,Renters,246
2024-01-03,StateFarm,Life,Term,251
2024-01-03,StateFarm,Life,Whole,160
2024-01-03,Allstate,Auto,Comprehensive,346
2024-01-03,Allstate,Auto,Liability,302
2024-01-03,Allstate,Home,Property,189
2024-01-03,Allstate,Home,Renters,88
2024-01-03,Allstate,Life,Term,145
2024-01-03,Allstate,Life,Whole,131
2024-01-04,Geico,Auto,Comprehensive,232
2024-01-04,Geico,Auto,Liability,154
2024-01-04,Geico,Home,Property,124
2024-01-04,Geico,Home,Renters,108
2024-01-04,Geico,Life,Term,264
2024-01-04,Geico,Life,Whole,270
2024-01-04,StateFarm,Auto,Comprehensive,166
2024-01-04,StateFarm,Auto,Liability,81
2024-01-04,StateFarm,Home,Property,69
2024-01-04,StateFarm,Home,Renters,267
2024-01-04,StateFarm,Life,Term,52
2024-01-04,StateFarm,Life,Whole,207
2024-01-04,Allstate,Auto,Comprehensive,91
2024-01-04,Allstate,Auto,Liability,162
2024-01-04,Allstate,Home,Property,154
2024-01-04,Allstate,Home,Renters,142
2024-01-04,Allstate,Life,Term,184
2024-01-04,Allstate,Life,Whole,245
2024-01-05,Geico,Auto,Comprehensive,295
2024-01-05,Geico,Auto,Liability,164
2024-01-05,Geico,Home,Property,137
2024-01-05,Geico,Home,Renters,178
2024-01-05,Geico,Life,Term,236
2024-01-05,Geico,Life,Whole,141
2024-01-05,StateFarm,Auto,Comprehensive,214
2024-01-05,StateFarm,Auto,Liability,274
2024-01-05,StateFarm,Home,Property,100
2024-01-05,StateFarm,Home,Renters,185
2024-01-05,StateFarm,Life,Term,83
2024-01-05,StateFarm,Life,Whole,145
2024-01-05,Allstate,Auto,Comprehensive,175
2024-01-05,Allstate,Auto,Liability,228
2024-01-05,Allstate,Home,Property,294
2024-01-05,Allstate,Home,Renters,86
2024-01-05,Allstate,Life,Term,214
2024-01-05,Allstate,Life,Whole,185
2024-01-06,Geico,Auto,Comprehensive,299
2024-01-06,Geico,Auto,Liability,145
2024-01-06,Geico,Home,Property,218
2024-01-06,Geico,Home,Renters,76
2024-01-06,Geico,Life,Term,129
2024-01-06,Geico,Life,Whole,86
2024-01-06,StateFarm,Auto,Comprehensive,94
2024-01-06,StateFarm,Auto,Liability,259
2024-01-06,StateFarm,Home,Property,295
2024-01-06,StateFarm,Home,Renters,111
2024-01-06,StateFarm,Life,Term,243
2024-01-06,StateFarm,Life,Whole,131
2024-01-06,Allstate,Auto,Comprehensive,202
2024-01-06,Allstate,Auto,Liability,221
2024-01-06,Allstate,Home,Property,297
2024-01-06,Allstate,Home,Renters,124
2024-01-06,Allstate,Life,Term,205
2024-01-06,Allstate,Life,Whole,90
2024-01-07,Geico,Auto,Comprehensive,270
2024-01-07,Geico,Auto,Liability,161
2024-01-07,Geico,Home,Property,205
2024-01-07,Geico,Home,Renters,58
2024-01-07,Geico,Life,Term,188
2024-01-07,Geico,Life,Whole,198
2024-01-07,StateFarm,Auto,Comprehensive,211
2024-01-07,StateFarm,Auto,Liability,250
2024-01-07,StateFarm,Home,Property,147
2024-01-07,StateFarm,Home,Renters,164
2024-01-07,StateFarm,Life,Term,180
2024-01-07,StateFarm,Life,Whole,116
2024-01-07,Allstate,Auto,Comprehensive,145
2024-01-07,Allstate,Auto,Liability,196
2024-01-07,Allstate,Home,Property,269
2024-01-07,Allstate,Home,Renters,280
2024-01-07,Allstate,Life,Term,249
2024-01-07,Allstate,Life,Whole,220
2024-01-08,Geico,Auto,Comprehensive,130
2024-01-08,Geico,Auto,Liability,230
2024-01-08,Geico,Home,Property,170
2024-01-08,Geico,Home,Renters,262
2024-01-08,Geico,Life,Term,221
2024-01-08,Geico,Life,Whole,261
2024-01-08,StateFarm,Auto,Comprehensive,236
2024-01-08,StateFarm,Auto,Liability,207
2024-01-08,StateFarm,Home,Property,184
2024-01-08,StateFarm,Home,Renters,299
2024-01-08,StateFarm,Life,Term,264
2024-01-08,StateFarm,Life,Whole,206
2024-01-08,Allstate,Auto,Comprehensive,222
2024-01-08,Allstate,Auto,Liability,280
2024-01-08,Allstate,Home,Property,136
2024-01-08,Allstate,Home,Renters,94
2024-01-08,Allstate,Life,Term,222
2024-01-08,Allstate,Life,Whole,298
2024-01-09,Geico,Auto,Comprehensive,229
2024-01-09,Geico,Auto,Liability,236
2024-01-09,Geico,Home,Property,136
2024-01-09,Geico,Home,Renters,175
2024-01-09,Geico,Life,Term,110
2024-01-09,Geico,Life,Whole,237
2024-01-09,StateFarm,Auto,Comprehensive,157
2024-01-09,StateFarm,Auto,Liability,248
2024-01-09,StateFarm,Home,Property,83
2024-01-09,StateFarm,Home,Renters,145
2024-01-09,StateFarm,Life,Term,239
2024-01-09,StateFarm,Life,Whole,297
2024-01-09,Allstate,Auto,Comprehensive,120
2024-01-09,Allstate,Auto,Liability,200
2024-01-09,Allstate,Home,Property,197
2024-01-09,Allstate,Home,Renters,98
2024-01-09,Allstate,Life,Term,182
2024-01-09,Allstate,Life,Whole,299
2024-01-10,Geico,Auto,Comprehensive,233
2024-01-10,Geico,Auto,Liability,290
2024-01-10,Geico,Home,Property,241
2024-01-10,Geico,Home,Renters,292
2024-01-10,Geico,Life,Term,186
2024-01-10,Geico,Life,Whole,267
2024-01-10,StateFarm,Auto,Comprehensive,227
2024-01-10,StateFarm,Auto,Liability,360
2024-01-10,StateFarm,Home,Property,170
2024-01-10,StateFarm,Home,Renters,254
2024-01-10,StateFarm,Life,Term,116
2024-01-10,StateFarm,Life,Whole,77
2024-01-10,Allstate,Auto,Comprehensive,217
2024-01-10,Allstate,Auto,Liability,322
2024-01-10,Allstate,Home,Property,101
2024-01-10,Allstate,Home,Renters,156
2024-01-10,Allstate,Life,Term,175
2024-01-10,Allstate,Life,Whole,123
2024-01-11,Geico,Auto,Comprehensive,334
2024-01-11,Geico,Auto,Liability,115
2024-01-11,Geico,Home,Property,79
2024-01-11,Geico,Home,Renters,94
2024-01-11,Geico,Life,Term,166
2024-01-11,Geico,Life,Whole,239
2024-01-11,StateFarm,Auto,Comprehensive,95
2024-01-11,StateFarm,Auto,Liability,261
2024-01-11,StateFarm,Home,Property,168
2024-01-11,StateFarm,Home,Renters,136
2024-01-11,StateFarm,Life,Term,212
2024-01-11,StateFarm,Life,Whole,134
2024-01-11,Allstate,Auto,Comprehensive,370
2024-01-11,Allstate,Auto,Liability,225
2024-01-11,Allstate,Home,Property,77
2024-01-11,Allstate,Home,Renters,90
2024-01-11,Allstate,Life,Term,280
2024-01-11,Allstate,Life,Whole,77
2024-01-12,Geico,Auto,Comprehensive,319
2024-01-12,Geico,Auto,Liability,184
2024-01-12,Geico,Home,Property,141
2024-01-12,Geico,Home,Renters,225
2024-01-12,Geico,Life,Term,183
2024-01-12,Geico,Life,Whole,176
2024-01-12,StateFarm,Auto,Comprehensive,294
2024-01-12,StateFarm,Auto,Liability,219
2024-01-12,StateFarm,Home,Property,260
2024-01-12,StateFarm,Home,Renters,123
2024-01-12,StateFarm,Life,Term,52
2024-01-12,StateFarm,Life,Whole,63
2024-01-12,Allstate,Auto,Comprehensive,281
2024-01-12,Allstate,Auto,Liability,261
2024-01-12,Allstate,Home,Property,51
2024-01-12,Allstate,Home,Renters,243
2024-01-12,Allstate,Life,Term,88
2024-01-12,Allstate,Life,Whole,237
2024-01-13,Geico,Auto,Comprehensive,135
2024-01-13,Geico,Auto,Liability,134
2024-01-13,Geico,Home,Property,137
2024-01-13,Geico,Home,Renters,253
2024-01-13,Geico,Life,Term,285
2024-01-13,Geico,Life,Whole,232
2024-01-13,StateFarm,Auto,Comprehensive,328
2024-01-13,StateFarm,Auto,Liability,190
2024-01-13,StateFarm,Home,Property,144
2024-01-13,StateFarm,Home,Renters,183
2024-01-13,StateFarm,Life,Term,200
2024-01-13,StateFarm,Life,Whole,285
2024-01-13,Allstate,Auto,Comprehensive,264
2024-01-13,Allstate,Auto,Liability,194
2024-01-13,Allstate,Home,Property,57
2024-01-13,Allstate,Home,Renters,136
2024-01-13,Allstate,Life,Term,161
2024-01-13,Allstate,Life,Whole,65
2024-01-14,Geico,Auto,Comprehensive,264
2024-01-14,Geico,Auto,Liability,126
2024-01-14,Geico,Home,Property,80
2024-01-14,Geico,Home,Renters,261
2024-01-14,Geico,Life,Term,238
2024-01-14,Geico,Life,Whole,71
2024-01-14,StateFarm,Auto,Comprehensive,216
2024-01-14,StateFarm,Auto,Liability,275
2024-01-14,StateFarm,Home,Property,281
2024-01-14,StateFarm,Home,Renters,162
2024-01-14,StateFarm,Life,Term,91
2024-01-14,StateFarm,Life,Whole,148
2024-01-14,Allstate,Auto,Comprehensive,348
2024-01-14,Allstate,Auto,Liability,290
2024-01-14,Allstate,Home,Property,153
2024-01-14,Allstate,Home,Renters,165
2024-01-14,Allstate,Life,Term,172
2024-01-14,Allstate,Life,Whole,148
2024-01-15,Geico,Auto,Comprehensive,299
2024-01-15,Geico,Auto,Liability,258
2024-01-15,Geico,Home,Property,182
2024-01-15,Geico,Home,Renters,168
2024-01-15,Geico,Life,Term,154
2024-01-15,Geico,Life,Whole,291
2024-01-15,StateFarm,Auto,Comprehensive,217
2024-01-15,StateFarm,Auto,Liability,277
2024-01-15,StateFarm,Home,Property,52
2024-01-15,StateFarm,Home,Renters,184
2024-01-15,StateFarm,Life,Term,298
2024-01-15,StateFarm,Life,Whole,78
2024-01-15,Allstate,Auto,Comprehensive,248
2024-01-15,Allstate,Auto,Liability,225
2024-01-15,Allstate,Home,Property,291
2024-01-15,Allstate,Home,Renters,182
2024-01-15,Allstate,Life,Term,94
2024-01-15,Allstate,Life,Whole,100
2024-01-16,Geico,Auto,Comprehensive,198
2024-01-16,Geico,Auto,Liability,173
2024-01-16,Geico,Home,Property,263
2024-01-16,Geico,Home,Renters,223
2024-01-16,Geico,Life,Term,187
2024-01-16,Geico,Life,Whole,235
2024-01-16,StateFarm,Auto,Comprehensive,279
2024-01-16,StateFarm,Auto,Liability,257
2024-01-16,StateFarm,Home,Property,278
2024-01-16,StateFarm,Home,Renters,254
2024-01-16,StateFarm,Life,Term,123
2024-01-16,StateFarm,Life,Whole,266
2024-01-16,Allstate,Auto,Comprehensive,208
2024-01-16,Allstate,Auto,Liability,140
2024-01-16,Allstate,Home,Property,198
2024-01-16,Allstate,Home,Renters,109
2024-01-16,Allstate,Life,Term,147
2024-01-16,Allstate,Life,Whole,294
2024-01-17,Geico,Auto,Comprehensive,305
2024-01-17,Geico,Auto,Liability,170
2024-01-17,Geico,Home,Property,255
2024-01-17,Geico,Home,Renters,117
2024-01-17,Geico,Life,Term,115
2024-01-17,Geico,Life,Whole,146
2024-01-17,StateFarm,Auto,Comprehensive,175
2024-01-17,StateFarm,Auto,Liability,319
2024-01-17,StateFarm,Home,Property,86
2024-01-17,StateFarm,Home,Renters,50
2024-01-17,StateFarm,Life,Term,278
2024-01-17,StateFarm,Life,Whole,58
2024-01-17,Allstate,Auto,Comprehensive,166
2024-01-17,Allstate,Auto,Liability,339
2024-01-17,Allstate,Home,Property,239
2024-01-17,Allstate,Home,Renters,249
2024-01-17,Allstate,Life,Term,67
2024-01-17,Allstate,Life,Whole,111
2024-01-18,Geico,Auto,Comprehensive,306
2024-01-18,Geico,Auto,Liability,224
2024-01-18,Geico,Home,Property,274
2024-01-18,Geico,Home,Renters,99
2024-01-18,Geico,Life,Term,94
2024-01-18,Geico,Life,Whole,78
2024-01-18,StateFarm,Auto,Comprehensive,91
2024-01-18,StateFarm,Auto,Liability,216
2024-01-18,StateFarm,Home,Property,194
2024-01-18,StateFarm,Home,Renters,68
2024-01-18,StateFarm,Life,Term,129
2024-01-18,StateFarm,Life,Whole,222
2024-01-18,Allstate,Auto,Comprehensive,173
2024-01-18,Allstate,Auto,Liability,309
2024-01-18,Allstate,Home,Property,214
2024-01-18,Allstate,Home,Renters,172
2024-01-18,Allstate,Life,Term,53
2024-01-18,Allstate,Life,Whole,208
2024-01-19,Geico,Auto,Comprehensive,268
2024-01-19,Geico,Auto,Liability,170
2024-01-19,Geico,Home,Property,123
2024-01-19,Geico,Home,Renters,261
2024-01-19,Geico,Life,Term,277
2024-01-19,Geico,Life,Whole,262
2024-01-19,StateFarm,Auto,Comprehensive,145
2024-01-19,StateFarm,Auto,Liability,194
2024-01-19,StateFarm,Home,Property,295
2024-01-19,StateFarm,Home,Renters,62
2024-01-19,StateFarm,Life,Term,154
2024-01-19,StateFarm,Life,Whole,287
2024-01-19,Allstate,Auto,Comprehensive,221
2024-01-19,Allstate,Auto,Liability,107
2024-01-19,Allstate,Home,Property,164
2024-01-19,Allstate,Home,Renters,228
2024-01-19,Allstate,Life,Term,51
2024-01-19,Allstate,Life,Whole,65
2024-01-20,Geico,Auto,Comprehensive,174
2024-01-20,Geico,Auto,Liability,108
2024-01-20,Geico,Home,Property,109
2024-01-20,Geico,Home,Renters,168
2024-01-20,Geico,Life,Term,251
2024-01-20,Geico,Life,Whole,213
2024-01-20,StateFarm,Auto,Comprehensive,124
2024-01-20,StateFarm,Auto,Liability,290
2024-01-20,StateFarm,Home,Property,130
2024-01-20,StateFarm,Home,Renters,124
2024-01-20,StateFarm,Life,Term,197
2024-01-20,StateFarm,Life,Whole,156
2024-01-20,Allstate,Auto,Comprehensive,337
2024-01-20,Allstate,Auto,Liability,248
2024-01-20,Allstate,Home,Property,268
2024-01-20,Allstate,Home,Renters,115
2024-01-20,Allstate,Life,Term,148
2024-01-20,Allstate,Life,Whole,89
2024-01-21,Geico,Auto,Comprehensive,128
2024-01-21,Geico,Auto,Liability,120
2024-01-21,Geico,Home,Property,152
2024-01-21,Geico,Home,Renters,244
2024-01-21,Geico,Life,Term,152
2024-01-21,Geico,Life,Whole,264
2024-01-21,StateFarm,Auto,Comprehensive,233
2024-01-21,StateFarm,Auto,Liability,161
2024-01-21,StateFarm,Home,Property,195
2024-01-21,StateFarm,Home,Renters,69
2024-01-21,StateFarm,Life,Term,103
2024-01-21,StateFarm,Life,Whole,86
2024-01-21,Allstate,Auto,Comprehensive,119
2024-01-21,Allstate,Auto,Liability,250
2024-01-21,Allstate,Home,Property,247
2024-01-21,Allstate,Home,Renters,159
2024-01-21,Allstate,Life,Term,102
2024-01-21,Allstate,Life,Whole,122
2024-01-22,Geico,Auto,Comprehensive,195
2024-01-22,Geico,Auto,Liability,270
2024-01-22,Geico,Home,Property,244
2024-01-22,Geico,Home,Renters,288
2024-01-22,Geico,Life,Term,185
2024-01-22,Geico,Life,Whole,232
2024-01-22,StateFarm,Auto,Comprehensive,323
2024-01-22,StateFarm,Auto,Liability,354
2024-01-22,StateFarm,Home,Property,78
2024-01-22,StateFarm,Home,Renters,168
2024-01-22,StateFarm,Life,Term,57
2024-01-22,StateFarm,Life,Whole,165
2024-01-22,Allstate,Auto,Comprehensive,286
2024-01-22,Allstate,Auto,Liability,151
2024-01-22,Allstate,Home,Property,82
2024-01-22,Allstate,Home,Renters,165
2024-01-22,Allstate,Life,Term,269
2024-01-22,Allstate,Life,Whole,74
2024-01-23,Geico,Auto,Comprehensive,143
2024-01-23,Geico,Auto,Liability,112
2024-01-23,Geico,Home,Property,90
2024-01-23,Geico,Home,Renters,152
2024-01-23,Geico,Life,Term,50
2024-01-23,Geico,Life,Whole,173
2024-01-23,StateFarm,Auto,Comprehensive,267
2024-01-23,StateFarm,Auto,Liability,246
2024-01-23,StateFarm,Home,Property,156
2024-01-23,StateFarm,Home,Renters,114
2024-01-23,StateFarm,Life,Term,96
2024-01-23,StateFarm,Life,Whole,72
2024-01-23,Allstate,Auto,Comprehensive,337
2024-01-23,Allstate,Auto,Liability,125
2024-01-23,Allstate,Home,Property,102
2024-01-23,Allstate,Home,Renters,217
2024-01-23,Allstate,Life,Term,53
2024-01-23,Allstate,Life,Whole,67
2024-01-24,Geico,Auto,Comprehensive,261
2024-01-24,Geico,Auto,Liability,241
2024-01-24,Geico,Home,Property,71
2024-01-24,Geico,Home,Renters,76
2024-01-24,Geico,Life,Term,67
2024-01-24,Geico,Life,Whole,138
2024-01-24,StateFarm,Auto,Comprehensive,174
2024-01-24,StateFarm,Auto,Liability,297
2024-01-24,StateFarm,Home,Property,278
2024-01-24,StateFarm,Home,Renters,279
2024-01-24,StateFarm,Life,Term,291
2024-01-24,StateFarm,Life,Whole,117
2024-01-24,Allstate,Auto,Comprehensive,307
2024-01-24,Allstate,Auto,Liability,290
2024-01-24,Allstate,Home,Property,70
2024-01-24,Allstate,Home,Renters,248
2024-01-24,Allstate,Life,Term,264
2024-01-24,Allstate,Life,Whole,268
2024-01-25,Geico,Auto,Comprehensive,300
2024-01-25,Geico,Auto,Liability,275
2024-01-25,Geico,Home,Property,139
2024-01-25,Geico,Home,Renters,174
2024-01-25,Geico,Life,Term,199
2024-01-25,Geico,Life,Whole,93
2024-01-25,StateFarm,Auto,Comprehensive,253
2024-01-25,StateFarm,Auto,Liability,223
2024-01-25,StateFarm,Home,Property,284
2024-01-25,StateFarm,Home,Renters,249
2024-01-25,StateFarm,Life,Term,171
2024-01-25,StateFarm,Life,Whole,177
2024-01-25,Allstate,Auto,Comprehensive,226
2024-01-25,Allstate,Auto,Liability,105
2024-01-25,Allstate,Home,Property,180
2024-01-25,Allstate,Home,Renters,238
2024-01-25,Allstate,Life,Term,154
2024-01-25,Allstate,Life,Whole,158
2024-01-26,Geico,Auto,Comprehensive,111
2024-01-26,Geico,Auto,Liability,324
2024-01-26,Geico,Home,Property,194
2024-01-26,Geico,Home,Renters,299
2024-01-26,Geico,Life,Term,115
2024-01-26,Geico,Life,Whole,214
2024-01-26,StateFarm,Auto,Comprehensive,234
2024-01-26,StateFarm,Auto,Liability,119
2024-01-26,StateFarm,Home,Property,85
2024-01-26,StateFarm,Home,Renters,282
2024-01-26,StateFarm,Life,Term,211
2024-01-26,StateFarm,Life,Whole,71
2024-01-26,Allstate,Auto,Comprehensive,105
2024-01-26,Allstate,Auto,Liability,187
2024-01-26,Allstate,Home,Property,264
2024-01-26,Allstate,Home,Renters,223
2024-01-26,Allstate,Life,Term,237
2024-01-26,Allstate,Life,Whole,225
2024-01-27,Geico,Auto,Comprehensive,180
2024-01-27,Geico,Auto,Liability,194
2024-01-27,Geico,Home,Property,277
2024-01-27,Geico,Home,Renters,284
2024-01-27,Geico,Life,Term,230
2024-01-27,Geico,Life,Whole,64
2024-01-27,StateFarm,Auto,Comprehensive,238
2024-01-27,StateFarm,Auto,Liability,195
2024-01-27,StateFarm,Home,Property,54
2024-01-27,StateFarm,Home,Renters,266
2024-01-27,StateFarm,Life,Term,154
2024-01-27,StateFarm,Life,Whole,162
2024-01-27,Allstate,Auto,Comprehensive,151
2024-01-27,Allstate,Auto,Liability,283
2024-01-27,Allstate,Home,Property,80
2024-01-27,Allstate,Home,Renters,289
2024-01-27,Allstate,Life,Term,251
2024-01-27,Allstate,Life,Whole,193
2024-01-28,Geico,Auto,Comprehensive,237
2024-01-28,Geico,Auto,Liability,330
2024-01-28,Geico,Home,Property,97
2024-01-28,Geico,Home,Renters,278
2024-01-28,Geico,Life,Term,140
2024-01-28,Geico,Life,Whole,87
2024-01-28,StateFarm,Auto,Comprehensive,293
2024-01-28,StateFarm,Auto,Liability,330
2024-01-28,StateFarm,Home,Property,294
2024-01-28,StateFarm,Home,Renters,255
2024-01-28,StateFarm,Life,Term,131
2024-01-28,StateFarm,Life,Whole,188
2024-01-28,Allstate,Auto,Comprehensive,132
2024-01-28,Allstate,Auto,Liability,201
2024-01-28,Allstate,Home,Property,194
2024-01-28,Allstate,Home,Renters,143
2024-01-28,Allstate,Life,Term,199
2024-01-28,Allstate,Life,Whole,248
2024-01-29,Geico,Auto,Comprehensive,159
2024-01-29,Geico,Auto,Liability,222
2024-01-29,Geico,Home,Property,63
2024-01-29,Geico,Home,Renters,172
2024-01-29,Geico,Life,Term,84
2024-01-29,Geico,Life,Whole,288
2024-01-29,StateFarm,Auto,Comprehensive,304
2024-01-29,StateFarm,Auto,Liability,301
2024-01-29,StateFarm,Home,Property,108
2024-01-29,StateFarm,Home,Renters,138
2024-01-29,StateFarm,Life,Term,208
2024-01-29,StateFarm,Life,Whole,115
2024-01-29,Allstate,Auto,Comprehensive,245
2024-01-29,Allstate,Auto,Liability,180
2024-01-29,Allstate,Home,Property,193
2024-01-29,Allstate,Home,Renters,276
2024-01-29,Allstate,Life,Term,133
2024-01-29,Allstate,Life,Whole,271
2024-01-30,Geico,Auto,Comprehensive,265
2024-01-30,Geico,Auto,Liability,225
2024-01-30,Geico,Home,Property,175
2024-01-30,Geico,Home,Renters,190
2024-01-30,Geico,Life,Term,280
2024-01-30,Geico,Life,Whole,118
2024-01-30,StateFarm,Auto,Comprehensive,316
2024-01-30,StateFarm,Auto,Liability,207
2024-01-30,StateFarm,Home,Property,198
2024-01-30,StateFarm,Home,Renters,65
2024-01-30,StateFarm,Life,Term,188
2024-01-30,StateFarm,Life,Whole,283
2024-01-30,Allstate,Auto,Comprehensive,138
2024-01-30,Allstate,Auto,Liability,285
2024-01-30,Allstate,Home,Property,147
2024-01-30,Allstate,Home,Renters,247
2024-01-30,Allstate,Life,Term,218
2024-01-30,Allstate,Life,Whole,123
2024-01-31,Geico,Auto,Comprehensive,322
2024-01-31,Geico,Auto,Liability,289
2024-01-31,Geico,Home,Property,88
2024-01-31,Geico,Home,Renters,196
2024-01-31,Geico,Life,Term,262
2024-01-31,Geico,Life,Whole,216
2024-01-31,StateFarm,Auto,Comprehensive,251
2024-01-31,StateFarm,Auto,Liability,228
2024-01-31,StateFarm,Home,Property,75
2024-01-31,StateFarm,Home,Renters,87
2024-01-31,StateFarm,Life,Term,146
2024-01-31,StateFarm,Life,Whole,199
2024-01-31,Allstate,Auto,Comprehensive,174
2024-01-31,Allstate,Auto,Liability,219
2024-01-31,Allstate,Home,Property,285
2024-01-31,Allstate,Home,Renters,237
2024-01-31,Allstate,Life,Term,77
2024-01-31,Allstate,Life,Whole,167
2024-02-01,Geico,Auto,Comprehensive,252
2024-02-01,Geico,Auto,Liability,182
2024-02-01,Geico,Home,Property,269
2024-02-01,Geico,Home,Renters,286
2024-02-01,Geico,Life,Term,98
2024-02-01,Geico,Life,Whole,263
2024-02-01,StateFarm,Auto,Comprehensive,105
2024-02-01,StateFarm,Auto,Liability,256
2024-02-01,StateFarm,Home,Property,166
2024-02-01,StateFarm,Home,Renters,225
2024-02-01,StateFarm,Life,Term,155
2024-02-01,StateFarm,Life,Whole,294
2024-02-01,Allstate,Auto,Comprehensive,137
2024-02-01,Allstate,Auto,Liability,134
2024-02-01,Allstate,Home,Property,258
2024-02-01,Allstate,Home,Renters,114
2024-02-01,Allstate,Life,Term,145
2024-02-01,Allstate,Life,Whole,57
2024-02-02,Geico,Auto,Comprehensive,178
2024-02-02,Geico,Auto,Liability,187
2024-02-02,Geico,Home,Property,179
2024-02-02,Geico,Home,Renters,164
2024-02-02,Geico,Life,Term,249
2024-02-02,Geico,Life,Whole,85
2024-02-02,StateFarm,Auto,Comprehensive,156
2024-02-02,StateFarm,Auto,Liability,109
2024-02-02,StateFarm,Home,Property,210
2024-02-02,StateFarm,Home,Renters,94
2024-02-02,StateFarm,Life,Term,187
2024-02-02,StateFarm,Life,Whole,283
2024-02-02,Allstate,Auto,Comprehensive,280
2024-02-02,Allstate,Auto,Liability,137
2024-02-02,Allstate,Home,Property,97
2024-02-02,Allstate,Home,Renters,136
2024-02-02,Allstate,Life,Term,176
2024-02-02,Allstate,Life,Whole,277
2024-02-03,Geico,Auto,Comprehensive,318
2024-02-03,Geico,Auto,Liability,172
2024-02-03,Geico,Home,Property,227
2024-02-03,Geico,Home,Renters,105
2024-02-03,Geico,Life,Term,178
2024-02-03,Geico,Life,Whole,78
2024-02-03,StateFarm,Auto,Comprehensive,109
2024-02-03,StateFarm,Auto,Liability,300
2024-02-03,StateFarm,Home,Property,129
2024-02-03,StateFarm,Home,Renters,269
2024-02-03,StateFarm,Life,Term,243
2024-02-03,StateFarm,Life,Whole,171
2024-02-03,Allstate,Auto,Comprehensive,258
2024-02-03,Allstate,Auto,Liability,156
2024-02-03,Allstate,Home,Property,214
2024-02-03,Allstate,Home,Renters,254
2024-02-03,Allstate,Life,Term,126
2024-02-03,Allstate,Life,Whole,236
2024-02-04,Geico,Auto,Comprehensive,107
2024-02-04,Geico,Auto,Liability,83
2024-02-04,Geico,Home,Property,213
2024-02-04,Geico,Home,Renters,68
2024-02-04,Geico,Life,Term,138
2024-02-04,Geico,Life,Whole,128
2024-02-04,StateFarm,Auto,Comprehensive,293
2024-02-04,StateFarm,Auto,Liability,202
2024-02-04,StateFarm,Home,Property,223
2024-02-04,StateFarm,Home,Renters,248
2024-02-04,StateFarm,Life,Term,196
2024-02-04,StateFarm,Life,Whole,97
2024-02-04,Allstate,Auto,Comprehensive,326
2024-02-04,Allstate,Auto,Liability,115
2024-02-04,Allstate,Home,Property,206
2024-02-04,Allstate,Home,Renters,171
2024-02-04,Allstate,Life,Term,67
2024-02-04,Allstate,Life,Whole,286
2024-02-05,Geico,Auto,Comprehensive,265
2024-02-05,Geico,Auto,Liability,206
2024-02-05,Geico,Home,Property,121
2024-02-05,Geico,Home,Renters,81
2024-02-05,Geico,Life,Term,259
2024-02-05,Geico,Life,Whole,146
2024-02-05,StateFarm,Auto,Comprehensive,284
2024-02-05,StateFarm,Auto,Liability,275
2024-02-05,StateFarm,Home,Property,222
2024-02-05,StateFarm,Home,Renters,195
2024-02-05,StateFarm,Life,Term,167
2024-02-05,StateFarm,Life,Whole,264
2024-02-05,Allstate,Auto,Comprehensive,297
2024-02-05,Allstate,Auto,Liability,251
2024-02-05,Allstate,Home,Property,127
2024-02-05,Allstate,Home,Renters,143
2024-02-05,Allstate,Life,Term,103
2024-02-05,Allstate,Life,Whole,174
2024-02-06,Geico,Auto,Comprehensive,271
2024-02-06,Geico,Auto,Liability,119
2024-02-06,Geico,Home,Property,160
2024-02-06,Geico,Home,Renters,199
2024-02-06,Geico,Life,Term,256
2024-02-06,Geico,Life,Whole,256
2024-02-06,StateFarm,Auto,Comprehensive,166
2024-02-06,StateFarm,Auto,Liability,311
2024-02-06,StateFarm,Home,Property,296
2024-02-06,StateFarm,Home,Renters,156
2024-02-06,StateFarm,Life,Term,193
2024-02-06,StateFarm,Life,Whole,120
2024-02-06,Allstate,Auto,Comprehensive,181
2024-02-06,Allstate,Auto,Liability,264
2024-02-06,Allstate,Home,Property,251
2024-02-06,Allstate,Home,Renters,81
2024-02-06,Allstate,Life,Term,117
2024-02-06,Allstate,Life,Whole,221
2024-02-07,Geico,Auto,Comprehensive,305
2024-02-07,Geico,Auto,Liability,177
2024-02-07,Geico,Home,Property,271
2024-02-07,Geico,Home,Renters,75
2024-02-07,Geico,Life,Term,180
2024-02-07,Geico,Life,Whole,68
2024-02-07,StateFarm,Auto,Comprehensive,239
2024-02-07,StateFarm,Auto,Liability,324
2024-02-07,StateFarm,Home,Property,192
2024-02-07,StateFarm,Home,Renters,297
2024-02-07,StateFarm,Life,Term,160
2024-02-07,StateFarm,Life,Whole,240
2024-02-07,Allstate,Auto,Comprehensive,332
2024-02-07,Allstate,Auto,Liability,226
2024-02-07,Allstate,Home,Property,95
2024-02-07,Allstate,Home,Renters,163
2024-02-07,Allstate,Life,Term,175
2024-02-07,Allstate,Life,Whole,108
2024-02-08,Geico,Auto,Comprehensive,141
2024-02-08,Geico,Auto,Liability,260
2024-02-08,Geico,Home,Property,293
2024-02-08,Geico,Home,Renters,55
2024-02-08,Geico,Life,Term,251
2024-02-08,Geico,Life,Whole,56
2024-02-08,StateFarm,Auto,Comprehensive,90
2024-02-08,StateFarm,Auto,Liability,311
2024-02-08,StateFarm,Home,Property,227
2024-02-08,StateFarm,Home,Renters,128
2024-02-08,StateFarm,Life,Term,172
2024-02-08,StateFarm,Life,Whole,215
2024-02-08,Allstate,Auto,Comprehensive,199
2024-02-08,Allstate,Auto,Liability,149
2024-02-08,Allstate,Home,Property,254
2024-02-08,Allstate,Home,Renters,170
2024-02-08,Allstate,Life,Term,53
2024-02-08,Allstate,Life,Whole,125
2024-02-09,Geico,Auto,Comprehensive,205
2024-02-09,Geico,Auto,Liability,277
2024-02-09,Geico,Home,Property,191
2024-02-09,Geico,Home,Renters,118
2024-02-09,Geico,Life,Term,257
2024-02-09,Geico,Life,Whole,181
2024-02-09,StateFarm,Auto,Comprehensive,219
2024-02-09,StateFarm,Auto,Liability,174
2024-02-09,StateFarm,Home,Property,102
2024-02-09,StateFarm,Home,Renters,98
2024-02-09,StateFarm,Life,Term,267
2024-02-09,StateFarm,Life,Whole,155
2024-02-09,Allstate,Auto,Comprehensive,220
2024-02-09,Allstate,Auto,Liability,244
2024-02-09,Allstate,Home,Property,196
2024-02-09,Allstate,Home,Renters,260
2024-02-09,Allstate,Life,Term,161
2024-02-09,Allstate,Life,Whole,99
2024-02-10,Geico,Auto,Comprehensive,192
2024-02-10,Geico,Auto,Liability,329
2024-02-10,Geico,Home,Property,172
2024-02-10,Geico,Home,Renters,190
2024-02-10,Geico,Life,Term,53
2024-02-10,Geico,Life,Whole,135
2024-02-10,StateFarm,Auto,Comprehensive,267
2024-02-10,StateFarm,Auto,Liability,234
2024-02-10,StateFarm,Home,Property,88
2024-02-10,StateFarm,Home,Renters,142
2024-02-10,StateFarm,Life,Term,220
2024-02-10,StateFarm,Life,Whole,140
2024-02-10,Allstate,Auto,Comprehensive,315
2024-02-10,Allstate,Auto,Liability,332
2024-02-10,Allstate,Home,Property,230
2024-02-10,Allstate,Home,Renters,124
2024-02-10,Allstate,Life,Term,132
2024-02-10,Allstate,Life,Whole,241
2024-02-11,Geico,Auto,Comprehensive,248
2024-02-11,Geico,Auto,Liability,310
2024-02-11,Geico,Home,Property,298
2024-02-11,Geico,Home,Renters,95
2024-02-11,Geico,Life,Term,110
2024-02-11,Geico,Life,Whole,242
2024-02-11,StateFarm,Auto,Comprehensive,255
2024-02-11,StateFarm,Auto,Liability,157
2024-02-11,StateFarm,Home,Property,202
2024-02-11,StateFarm,Home,Renters,175
2024-02-11,StateFarm,Life,Term,254
2024-02-11,StateFarm,Life,Whole,299
2024-02-11,Allstate,Auto,Comprehensive,235
2024-02-11,Allstate,Auto,Liability,296
2024-02-11,Allstate,Home,Property,150
2024-02-11,Allstate,Home,Renters,205
2024-02-11,Allstate,Life,Term,188
2024-02-11,Allstate,Life,Whole,93
2024-02-12,Geico,Auto,Comprehensive,203
2024-02-12,Geico,Auto,Liability,245
2024-02-12,Geico,Home,Property,251
2024-02-12,Geico,Home,Renters,103
2024-02-12,Geico,Life,Term,299
2024-02-12,Geico,Life,Whole,252
2024-02-12,StateFarm,Auto,Comprehensive,361
2024-02-12,StateFarm,Auto,Liability,267
2024-02-12,StateFarm,Home,Property,258
2024-02-12,StateFarm,Home,Renters,194
2024-02-12,StateFarm,Life,Term,118
2024-02-12,StateFarm,Life,Whole,179
2024-02-12,Allstate,Auto,Comprehensive,315
2024-02-12,Allstate,Auto,Liability,290
2024-02-12,Allstate,Home,Property,82
2024-02-12,Allstate,Home,Renters,112
2024-02-12,Allstate,Life,Term,110
2024-02-12,Allstate,Life,Whole,227
2024-02-13,Geico,Auto,Comprehensive,194
2024-02-13,Geico,Auto,Liability,169
2024-02-13,Geico,Home,Property,113
2024-02-13,Geico,Home,Renters,233
2024-02-13,Geico,Life,Term,195
2024-02-13,Geico,Life,Whole,84
2024-02-13,StateFarm,Auto,Comprehensive,217
2024-02-13,StateFarm,Auto,Liability,282
2024-02-13,StateFarm,Home,Property,159
2024-02-13,StateFarm,Home,Renters,211
2024-02-13,StateFarm,Life,Term,280
2024-02-13,StateFarm,Life,Whole,274
2024-02-13,Allstate,Auto,Comprehensive,295
2024-02-13,Allstate,Auto,Liability,162
2024-02-13,Allstate,Home,Property,50
2024-02-13,Allstate,Home,Renters,81
2024-02-13,Allstate,Life,Term,151
2024-02-13,Allstate,Life,Whole,298
2024-02-14,Geico,Auto,Comprehensive,161
2024-02-14,Geico,Auto,Liability,255
2024-02-14,Geico,Home,Property,53
2024-02-14,Geico,Home,Renters,282
2024-02-14,Geico,Life,Term,207
2024-02-14,Geico,Life,Whole,68
2024-02-14,StateFarm,Auto,Comprehensive,150
2024-02-14,StateFarm,Auto,Liability,199
2024-02-14,StateFarm,Home,Property,270
2024-02-14,StateFarm,Home,Renters,53
2024-02-14,StateFarm,Life,Term,165
2024-02-14,StateFarm,Life,Whole,296
2024-02-14,Allstate,Auto,Comprehensive,218
2024-02-14,Allstate,Auto,Liability,260
2024-02-14,Allstate,Home,Property,184
2024-02-14,Allstate,Home,Renters,277
2024-02-14,Allstate,Life,Term,74
2024-02-14,Allstate,Life,Whole,257
2024-02-15,Geico,Auto,Comprehensive,126
2024-02-15,Geico,Auto,Liability,101
2024-02-15,Geico,Home,Property,222
2024-02-15,Geico,Home,Renters,297
2024-02-15,Geico,Life,Term,93
2024-02-15,Geico,Life,Whole,141
2024-02-15,StateFarm,Auto,Comprehensive,312
2024-02-15,StateFarm,Auto,Liability,170
2024-02-15,StateFarm,Home,Property,122
2024-02-15,StateFarm,Home,Renters,62
2024-02-15,StateFarm,Life,Term,217
2024-02-15,StateFarm,Life,Whole,147
2024-02-15,Allstate,Auto,Comprehensive,145
2024-02-15,Allstate,Auto,Liability,293
2024-02-15,Allstate,Home,Property,57
2024-02-15,Allstate,Home,Renters,95
2024-02-15,Allstate,Life,Term,215
2024-02-15,Allstate,Life,Whole,270
2024-02-16,Geico,Auto,Comprehensive,297
2024-02-16,Geico,Auto,Liability,200
2024-02-16,Geico,Home,Property,263
2024-02-16,Geico,Home,Renters,99
2024-02-16,Geico,Life,Term,192
2024-02-16,Geico,Life,Whole,156
2024-02-16,StateFarm,Auto,Comprehensive,214
2024-02-16,StateFarm,Auto,Liability,374
2024-02-16,StateFarm,Home,Property,200
2024-02-16,StateFarm,Home,Renters,199
2024-02-16,StateFarm,Life,Term,50
2024-02-16,StateFarm,Life,Whole,59
2024-02-16,Allstate,Auto,Comprehensive,306
2024-02-16,Allstate,Auto,Liability,234
2024-02-16,Allstate,Home,Property,54
2024-02-16,Allstate,Home,Renters,196
2024-02-16,Allstate,Life,Term,177
2024-02-16,Allstate,Life,Whole,173
2024-02-17,Geico,Auto,Comprehensive,157
2024-02-17,Geico,Auto,Liability,284
2024-02-17,Geico,Home,Property,155
2024-02-17,Geico,Home,Renters,109
2024-02-17,Geico,Life,Term,278
2024-02-17,Geico,Life,Whole,58
2024-02-17,StateFarm,Auto,Comprehensive,255
2024-02-17,StateFarm,Auto,Liability,79
2024-02-17,StateFarm,Home,Property,128
2024-02-17,StateFarm,Home,Renters,109
2024-02-17,StateFarm,Life,Term,183
2024-02-17,StateFarm,Life,Whole,52
2024-02-17,Allstate,Auto,Comprehensive,304
2024-02-17,Allstate,Auto,Liability,155
2024-02-17,Allstate,Home,Property,65
2024-02-17,Allstate,Home,Renters,250
2024-02-17,Allstate,Life,Term,101
2024-02-17,Allstate,Life,Whole,283
2024-02-18,Geico,Auto,Comprehensive,138
2024-02-18,Geico,Auto,Liability,174
2024-02-18,Geico,Home,Property,201
2024-02-18,Geico,Home,Renters,150
2024-02-18,Geico,Life,Term,178
2024-02-18,Geico,Life,Whole,161
2024-02-18,StateFarm,Auto,Comprehensive,99
2024-02-18,StateFarm,Auto,Liability,169
2024-02-18,StateFarm,Home,Property,220
2024-02-18,StateFarm,Home,Renters,282
2024-02-18,StateFarm,Life,Term,192
2024-02-18,StateFarm,Life,Whole,138
2024-02-18,Allstate,Auto,Comprehensive,193
2024-02-18,Allstate,Auto,Liability,99
2024-02-18,Allstate,Home,Property,127
2024-02-18,Allstate,Home,Renters,150
2024-02-18,Allstate,Life,Term,242
2024-02-18,Allstate,Life,Whole,212
2024-02-19,Geico,Auto,Comprehensive,195
2024-02-19,Geico,Auto,Liability,307
2024-02-19,Geico,Home,Property,203
2024-02-19,Geico,Home,Renters,175
2024-02-19,Geico,Life,Term,251
2024-02-19,Geico,Life,Whole,144
2024-02-19,StateFarm,Auto,Comprehensive,132
2024-02-19,StateFarm,Auto,Liability,342
2024-02-19,StateFarm,Home,Property,220
2024-02-19,StateFarm,Home,Renters,155
2024-02-19,StateFarm,Life,Term,220
2024-02-19,StateFarm,Life,Whole,110
2024-02-19,Allstate,Auto,Comprehensive,351
2024-02-19,Allstate,Auto,Liability,137
2024-02-19,Allstate,Home,Property,72
2024-02-19,Allstate,Home,Renters,281
2024-02-19,Allstate,Life,Term,203
2024-02-19,Allstate,Life,Whole,292
2024-02-20,Geico,Auto,Comprehensive,340
2024-02-20,Geico,Auto,Liability,271
2024-02-20,Geico,Home,Property,92
2024-02-20,Geico,Home,Renters,232
2024-02-20,Geico,Life,Term,265
2024-02-20,Geico,Life,Whole,193
2024-02-20,StateFarm,Auto,Comprehensive,327
2024-02-20,StateFarm,Auto,Liability,297
2024-02-20,StateFarm,Home,Property,214
2024-02-20,StateFarm,Home,Renters,193
2024-02-20,StateFarm,Life,Term,223
2024-02-20,StateFarm,Life,Whole,180
2024-02-20,Allstate,Auto,Comprehensive,219
2024-02-20,Allstate,Auto,Liability,242
2024-02-20,Allstate,Home,Property,217
2024-02-20,Allstate,Home,Renters,91
2024-02-20,Allstate,Life,Term,95
2024-02-20,Allstate,Life,Whole,115
2024-02-21,Geico,Auto,Comprehensive,363
2024-02-21,Geico,Auto,Liability,259
2024-02-21,Geico,Home,Property,64
2024-02-21,Geico,Home,Renters,112
2024-02-21,Geico,Life,Term,151
2024-02-21,Geico,Life,Whole,177
2024-02-21,StateFarm,Auto,Comprehensive,246
2024-02-21,StateFarm,Auto,Liability,204
2024-02-21,StateFarm,Home,Property,93
2024-02-21,StateFarm,Home,Renters,50
2024-02-21,StateFarm,Life,Term,86
2024-02-21,StateFarm,Life,Whole,166
2024-02-21,Allstate,Auto,Comprehensive,244
2024-02-21,Allstate,Auto,Liability,117
2024-02-21,Allstate,Home,Property,298
2024-02-21,Allstate,Home,Renters,250
2024-02-21,Allstate,Life,Term,145
2024-02-21,Allstate,Life,Whole,260
2024-02-22,Geico,Auto,Comprehensive,157
2024-02-22,Geico,Auto,Liability,147
2024-02-22,Geico,Home,Property,163
2024-02-22,Geico,Home,Renters,215
2024-02-22,Geico,Life,Term,184
2024-02-22,Geico,Life,Whole,101
2024-02-22,StateFarm,Auto,Comprehensive,314
2024-02-22,StateFarm,Auto,Liability,336
2024-02-22,StateFarm,Home,Property,98
2024-02-22,StateFarm,Home,Renters,256
2024-02-22,StateFarm,Life,Term,183
2024-02-22,StateFarm,Life,Whole,167
2024-02-22,Allstate,Auto,Comprehensive,155
2024-02-22,Allstate,Auto,Liability,171
2024-02-22,Allstate,Home,Property,204
2024-02-22,Allstate,Home,Renters,249
2024-02-22,Allstate,Life,Term,153
2024-02-22,Allstate,Life,Whole,119
2024-02-23,Geico,Auto,Comprehensive,312
2024-02-23,Geico,Auto,Liability,199
2024-02-23,Geico,Home,Property,187
2024-02-23,Geico,Home,Renters,231
2024-02-23,Geico,Life,Term,268
2024-02-23,Geico,Life,Whole,279
2024-02-23,StateFarm,Auto,Comprehensive,330
2024-02-23,StateFarm,Auto,Liability,128
2024-02-23,StateFarm,Home,Property,110
2024-02-23,StateFarm,Home,Renters,204
2024-02-23,StateFarm,Life,Term,155
2024-02-23,StateFarm,Life,Whole,250
2024-02-23,Allstate,Auto,Comprehensive,351
2024-02-23,Allstate,Auto,Liability,166
2024-02-23,Allstate,Home,Property,249
2024-02-23,Allstate,Home,Renters,252
2024-02-23,Allstate,Life,Term,295
2024-02-23,Allstate,Life,Whole,108
2024-02-24,Geico,Auto,Comprehensive,184
2024-02-24,Geico,Auto,Liability,325
2024-02-24,Geico,Home,Property,128
2024-02-24,Geico,Home,Renters,154
2024-02-24,Geico,Life,Term,138
2024-02-24,Geico,Life,Whole,266
2024-02-24,StateFarm,Auto,Comprehensive,217
2024-02-24,StateFarm,Auto,Liability,315
2024-02-24,StateFarm,Home,Property,202
2024-02-24,StateFarm,Home,Renters,79
2024-02-24,StateFarm,Life,Term,141
2024-02-24,StateFarm,Life,Whole,206
2024-02-24,Allstate,Auto,Comprehensive,234
2024-02-24,Allstate,Auto,Liability,219
2024-02-24,Allstate,Home,Property,279
2024-02-24,Allstate,Home,Renters,265
2024-02-24,Allstate,Life,Term,127
2024-02-24,Allstate,Life,Whole,235
2024-02-25,Geico,Auto,Comprehensive,296
2024-02-25,Geico,Auto,Liability,350
2024-02-25,Geico,Home,Property,88
2024-02-25,Geico,Home,Renters,200
2024-02-25,Geico,Life,Term,73
2024-02-25,Geico,Life,Whole,99
2024-02-25,StateFarm,Auto,Comprehensive,348
2024-02-25,StateFarm,Auto,Liability,252
2024-02-25,StateFarm,Home,Property,210
2024-02-25,StateFarm,Home,Renters,255
2024-02-25,StateFarm,Life,Term,267
2024-02-25,StateFarm,Life,Whole,135
2024-02-25,Allstate,Auto,Comprehensive,187
2024-02-25,Allstate,Auto,Liability,160
2024-02-25,Allstate,Home,Property,208
2024-02-25,Allstate,Home,Renters,202
2024-02-25,Allstate,Life,Term,163
2024-02-25,Allstate,Life,Whole,233
2024-02-26,Geico,Auto,Comprehensive,194
2024-02-26,Geico,Auto,Liability,148
2024-02-26,Geico,Home,Property,245
2024-02-26,Geico,Home,Renters,164
2024-02-26,Geico,Life,Term,105
2024-02-26,Geico,Life,Whole,66
2024-02-26,StateFarm,Auto,Comprehensive,319
2024-02-26,StateFarm,Auto,Liability,306
2024-02-26,StateFarm,Home,Property,182
2024-02-26,StateFarm,Home,Renters,259
2024-02-26,StateFarm,Life,Term,158
2024-02-26,StateFarm,Life,Whole,71
2024-02-26,Allstate,Auto,Comprehensive,279
2024-02-26,Allstate,Auto,Liability,257
2024-02-26,Allstate,Home,Property,227
2024-02-26,Allstate,Home,Renters,267
2024-02-26,Allstate,Life,Term,257
2024-02-26,Allstate,Life,Whole,144
2024-02-27,Geico,Auto,Comprehensive,124
2024-02-27,Geico,Auto,Liability,286
2024-02-27,Geico,Home,Property,75
2024-02-27,Geico,Home,Renters,191
2024-02-27,Geico,Life,Term,248
2024-02-27,Geico,Life,Whole,141
2024-02-27,StateFarm,Auto,Comprehensive,164
2024-02-27,StateFarm,Auto,Liability,126
2024-02-27,StateFarm,Home,Property,171
2024-02-27,StateFarm,Home,Renters,177
2024-02-27,StateFarm,Life,Term,62
2024-02-27,StateFarm,Life,Whole,291
2024-02-27,Allstate,Auto,Comprehensive,147
2024-02-27,Allstate,Auto,Liability,123
2024-02-27,Allstate,Home,Property,294
2024-02-27,Allstate,Home,Renters,54
2024-02-27,Allstate,Life,Term,196
2024-02-27,Allstate,Life,Whole,262
2024-02-28,Geico,Auto,Comprehensive,284
2024-02-28,Geico,Auto,Liability,110
2024-02-28,Geico,Home,Property,155
2024-02-28,Geico,Home,Renters,158
2024-02-28,Geico,Life,Term,182
2024-02-28,Geico,Life,Whole,189
2024-02-28,StateFarm,Auto,Comprehensive,351
2024-02-28,StateFarm,Auto,Liability,309
2024-02-28,StateFarm,Home,Property,52
2024-02-28,StateFarm,Home,Renters,250
2024-02-28,StateFarm,Life,Term,219
2024-02-28,StateFarm,Life,Whole,206
2024-02-28,Allstate,Auto,Comprehensive,228
2024-02-28,Allstate,Auto,Liability,262
2024-02-28,Allstate,Home,Property,80
2024-02-28,Allstate,Home,Renters,150
2024-02-28,Allstate,Life,Term,286
2024-02-28,Allstate,Life,Whole,291
2024-02-29,Geico,Auto,Comprehensive,337
2024-02-29,Geico,Auto,Liability,287
2024-02-29,Geico,Home,Property,162
2024-02-29,Geico,Home,Renters,297
2024-02-29,Geico,Life,Term,95
2024-02-29,Geico,Life,Whole,66
2024-02-29,StateFarm,Auto,Comprehensive,320
2024-02-29,StateFarm,Auto,Liability,330
2024-02-29,StateFarm,Home,Property,208
2024-02-29,StateFarm,Home,Renters,253
2024-02-29,StateFarm,Life,Term,268
2024-02-29,StateFarm,Life,Whole,230
2024-02-29,Allstate,Auto,Comprehensive,292
2024-02-29,Allstate,Auto,Liability,141
2024-02-29,Allstate,Home,Property,241
2024-02-29,Allstate,Home,Renters,127
2024-02-29,Allstate,Life,Term,144
2024-02-29,Allstate,Life,Whole,65
2024-03-01,Geico,Auto,Comprehensive,221
2024-03-01,Geico,Auto,Liability,250
2024-03-01,Geico,Home,Property,190
2024-03-01,Geico,Home,Renters,120
2024-03-01,Geico,Life,Term,218
2024-03-01,Geico,Life,Whole,152
2024-03-01,StateFarm,Auto,Comprehensive,316
2024-03-01,StateFarm,Auto,Liability,161
2024-03-01,StateFarm,Home,Property,174
2024-03-01,StateFarm,Home,Renters,207
2024-03-01,StateFarm,Life,Term,241
2024-03-01,StateFarm,Life,Whole,260
2024-03-01,Allstate,Auto,Comprehensive,319
2024-03-01,Allstate,Auto,Liability,351
2024-03-01,Allstate,Home,Property,255
2024-03-01,Allstate,Home,Renters,285
2024-03-01,Allstate,Life,Term,185
2024-03-01,Allstate,Life,Whole,163
2024-03-02,Geico,Auto,Comprehensive,167
2024-03-02,Geico,Auto,Liability,280
2024-03-02,Geico,Home,Property,236
2024-03-02,Geico,Home,Renters,98
2024-03-02,Geico,Life,Term,57
2024-03-02,Geico,Life,Whole,62
2024-03-02,StateFarm,Auto,Comprehensive,349
2024-03-02,StateFarm,Auto,Liability,217
2024-03-02,StateFarm,Home,Property,172
2024-03-02,StateFarm,Home,Renters,108
2024-03-02,StateFarm,Life,Term,135
2024-03-02,StateFarm,Life,Whole,69
2024-03-02,Allstate,Auto,Comprehensive,86
2024-03-02,Allstate,Auto,Liability,313
2024-03-02,Allstate,Home,Property,206
2024-03-02,Allstate,Home,Renters,206
2024-03-02,Allstate,Life,Term,203
2024-03-02,Allstate,Life,Whole,241
2024-03-03,Geico,Auto,Comprehensive,148
2024-03-03,Geico,Auto,Liability,133
2024-03-03,Geico,Home,Property,262
2024-03-03,Geico,Home,Renters,170
2024-03-03,Geico,Life,Term,96
2024-03-03,Geico,Life,Whole,132
2024-03-03,StateFarm,Auto,Comprehensive,308
2024-03-03,StateFarm,Auto,Liability,207
2024-03-03,StateFarm,Home,Property,218
2024-03-03,StateFarm,Home,Renters,104
2024-03-03,StateFarm,Life,Term,123
2024-03-03,StateFarm,Life,Whole,244
2024-03-03,Allstate,Auto,Comprehensive,107
2024-03-03,Allstate,Auto,Liability,137
2024-03-03,Allstate,Home,Property,199
2024-03-03,Allstate,Home,Renters,84
2024-03-03,Allstate,Life,Term,238
2024-03-03,Allstate,Life,Whole,61
2024-03-04,Geico,Auto,Comprehensive,109
2024-03-04,Geico,Auto,Liability,339
2024-03-04,Geico,Home,Property,165
2024-03-04,Geico,Home,Renters,151
2024-03-04,Geico,Life,Term,231
2024-03-04,Geico,Life,Whole,161
2024-03-04,StateFarm,Auto,Comprehensive,250
2024-03-04,StateFarm,Auto,Liability,308
2024-03-04,StateFarm,Home,Property,69
2024-03-04,StateFarm,Home,Renters,192
2024-03-04,StateFarm,Life,Term,125
2024-03-04,StateFarm,Life,Whole,258
2024-03-04,Allstate,Auto,Comprehensive,267
2024-03-04,Allstate,Auto,Liability,117
2024-03-04,Allstate,Home,Property,160
2024-03-04,Allstate,Home,Renters,235
2024-03-04,Allstate,Life,Term,243
2024-03-04,Allstate,Life,Whole,123
2024-03-05,Geico,Auto,Comprehensive,103
2024-03-05,Geico,Auto,Liability,174
2024-03-05,Geico,Home,Property,195
2024-03-05,Geico,Home,Renters,135
2024-03-05,Geico,Life,Term,135
2024-03-05,Geico,Life,Whole,276
2024-03-05,StateFarm,Auto,Comprehensive,150
2024-03-05,StateFarm,Auto,Liability,120
2024-03-05,StateFarm,Home,Property,157
2024-03-05,StateFarm,Home,Renters,163
2024-03-05,StateFarm,Life,Term,270
2024-03-05,StateFarm,Life,Whole,149
2024-03-05,Allstate,Auto,Comprehensive,168
2024-03-05,Allstate,Auto,Liability,272
2024-03-05,Allstate,Home,Property,259
2024-03-05,Allstate,Home,Renters,125
2024-03-05,Allstate,Life,Term,219
2024-03-05,Allstate,Life,Whole,167
2024-03-06,Geico,Auto,Comprehensive,196
2024-03-06,Geico,Auto,Liability,202
2024-03-06,Geico,Home,Property,87
2024-03-06,Geico,Home,Renters,136
2024-03-06,Geico,Life,Term,299
2024-03-06,Geico,Life,Whole,169
2024-03-06,StateFarm,Auto,Comprehensive,148
2024-03-06,StateFarm,Auto,Liability,83
2024-03-06,StateFarm,Home,Property,208
2024-03-06,StateFarm,Home,Renters,162
2024-03-06,StateFarm,Life,Term,243
2024-03-06,StateFarm,Life,Whole,85
2024-03-06,Allstate,Auto,Comprehensive,285
2024-03-06,Allstate,Auto,Liability,310
2024-03-06,Allstate,Home,Property,191
2024-03-06,Allstate,Home,Renters,107
2024-03-06,Allstate,Life,Term,234
2024-03-06,Allstate,Life,Whole,88
2024-03-07,Geico,Auto,Comprehensive,150
2024-03-07,Geico,Auto,Liability,195
2024-03-07,Geico,Home,Property,132
2024-03-07,Geico,Home,Renters,250
2024-03-07,Geico,Life,Term,248
2024-03-07,Geico,Life,Whole,134
2024-03-07,StateFarm,Auto,Comprehensive,156
2024-03-07,StateFarm,Auto,Liability,249
2024-03-07,StateFarm,Home,Property,191
2024-03-07,StateFarm,Home,Renters,113
2024-03-07,StateFarm,Life,Term,284
2024-03-07,StateFarm,Life,Whole,146
2024-03-07,Allstate,Auto,Comprehensive,247
2024-03-07,Allstate,Auto,Liability,175
2024-03-07,Allstate,Home,Property,139
2024-03-07,Allstate,Home,Renters,141
2024-03-07,Allstate,Life,Term,252
2024-03-07,Allstate,Life,Whole,242
2024-03-08,Geico,Auto,Comprehensive,128
2024-03-08,Geico,Auto,Liability,124
2024-03-08,Geico,Home,Property,92
2024-03-08,Geico,Home,Renters,94
2024-03-08,Geico,Life,Term,246
2024-03-08,Geico,Life,Whole,245
2024-03-08,StateFarm,Auto,Comprehensive,110
2024-03-08,StateFarm,Auto,Liability,137
2024-03-08,StateFarm,Home,Property,130
2024-03-08,StateFarm,Home,Renters,155
2024-03-08,StateFarm,Life,Term,97
2024-03-08,StateFarm,Life,Whole,277
2024-03-08,Allstate,Auto,Comprehensive,97
2024-03-08,Allstate,Auto,Liability,281
2024-03-08,Allstate,Home,Property,80
2024-03-08,Allstate,Home,Renters,186
2024-03-08,Allstate,Life,Term,70
2024-03-08,Allstate,Life,Whole,170
2024-03-09,Geico,Auto,Comprehensive,139
2024-03-09,Geico,Auto,Liability,182
2024-03-09,Geico,Home,Property,260
2024-03-09,Geico,Home,Renters,193
2024-03-09,Geico,Life,Term,121
2024-03-09,Geico,Life,Whole,60
2024-03-09,StateFarm,Auto,Comprehensive,138
2024-03-09,StateFarm,Auto,Liability,349
2024-03-09,StateFarm,Home,Property,117
2024-03-09,StateFarm,Home,Renters,113
2024-03-09,StateFarm,Life,Term,153
2024-03-09,StateFarm,Life,Whole,261
2024-03-09,Allstate,Auto,Comprehensive,283
2024-03-09,Allstate,Auto,Liability,318
2024-03-09,Allstate,Home,Property,217
2024-03-09,Allstate,Home,Renters,287
2024-03-09,Allstate,Life,Term,215
2024-03-09,Allstate,Life,Whole,84
2024-03-10,Geico,Auto,Comprehensive,263
2024-03-10,Geico,Auto,Liability,118
2024-03-10,Geico,Home,Property,201
2024-03-10,Geico,Home,Renters,212
2024-03-10,Geico,Life,Term,119
2024-03-10,Geico,Life,Whole,241
2024-03-10,StateFarm,Auto,Comprehensive,289
2024-03-10,StateFarm,Auto,Liability,205
2024-03-10,StateFarm,Home,Property,142
2024-03-10,StateFarm,Home,Renters,88
2024-03-10,StateFarm,Life,Term,143
2024-03-10,StateFarm,Life,Whole,295
2024-03-10,Allstate,Auto,Comprehensive,221
2024-03-10,Allstate,Auto,Liability,208
2024-03-10,Allstate,Home,Property,179
2024-03-10,Allstate,Home,Renters,239
2024-03-10,Allstate,Life,Term,56
2024-03-10,Allstate,Life,Whole,171
2024-03-11,Geico,Auto,Comprehensive,302
2024-03-11,Geico,Auto,Liability,274
2024-03-11,Geico,Home,Property,144
2024-03-11,Geico,Home,Renters,263
2024-03-11,Geico,Life,Term,74
2024-03-11,Geico,Life,Whole,123
2024-03-11,StateFarm,Auto,Comprehensive,185
2024-03-11,StateFarm,Auto,Liability,160
2024-03-11,StateFarm,Home,Property,55
2024-03-11,StateFarm,Home,Renters,181
2024-03-11,StateFarm,Life,Term,142
2024-03-11,StateFarm,Life,Whole,285
2024-03-11,Allstate,Auto,Comprehensive,178
2024-03-11,Allstate,Auto,Liability,317
2024-03-11,Allstate,Home,Property,138
2024-03-11,Allstate,Home,Renters,66
2024-03-11,Allstate,Life,Term,116
2024-03-11,Allstate,Life,Whole,278
2024-03-12,Geico,Auto,Comprehensive,149
2024-03-12,Geico,Auto,Liability,183
2024-03-12,Geico,Home,Property,227
2024-03-12,Geico,Home,Renters,72
2024-03-12,Geico,Life,Term,186
2024-03-12,Geico,Life,Whole,51
2024-03-12,StateFarm,Auto,Comprehensive,275
2024-03-12,StateFarm,Auto,Liability,252
2024-03-12,StateFarm,Home,Property,129
2024-03-12,StateFarm,Home,Renters,112
2024-03-12,StateFarm,Life,Term,227
2024-03-12,StateFarm,Life,Whole,165
2024-03-12,Allstate,Auto,Comprehensive,206
2024-03-12,Allstate,Auto,Liability,149
2024-03-12,Allstate,Home,Property,181
2024-03-12,Allstate,Home,Renters,228
2024-03-12,Allstate,Life,Term,141
2024-03-12,Allstate,Life,Whole,127
2024-03-13,Geico,Auto,Comprehensive,257
2024-03-13,Geico,Auto,Liability,189
2024-03-13,Geico,Home,Property,159
2024-03-13,Geico,Home,Renters,166
2024-03-13,Geico,Life,Term,117
2024-03-13,Geico,Life,Whole,139
2024-03-13,StateFarm,Auto,Comprehensive,116
2024-03-13,StateFarm,Auto,Liability,115
2024-03-13,StateFarm,Home,Property,286
2024-03-13,StateFarm,Home,Renters,85
2024-03-13,StateFarm,Life,Term,159
2024-03-13,StateFarm,Life,Whole,179
2024-03-13,Allstate,Auto,Comprehensive,293
2024-03-13,Allstate,Auto,Liability,226
2024-03-13,Allstate,Home,Property,188
2024-03-13,Allstate,Home,Renters,133
2024-03-13,Allstate,Life,Term,186
2024-03-13,Allstate,Life,Whole,298
2024-03-14,Geico,Auto,Comprehensive,116
2024-03-14,Geico,Auto,Liability,161
2024-03-14,Geico,Home,Property,258
2024-03-14,Geico,Home,Renters,97
2024-03-14,Geico,Life,Term,271
2024-03-14,Geico,Life,Whole,143
2024-03-14,StateFarm,Auto,Comprehensive,229
2024-03-14,StateFarm,Auto,Liability,318
2024-03-14,StateFarm,Home,Property,152
2024-03-14,StateFarm,Home,Renters,112
2024-03-14,StateFarm,Life,Term,86
2024-03-14,StateFarm,Life,Whole,82
2024-03-14,Allstate,Auto,Comprehensive,229
2024-03-14,Allstate,Auto,Liability,141
2024-03-14,Allstate,Home,Property,73
2024-03-14,Allstate,Home,Renters,95
2024-03-14,Allstate,Life,Term,72
2024-03-14,Allstate,Life,Whole,62
2024-03-15,Geico,Auto,Comprehensive,207
2024-03-15,Geico,Auto,Liability,170
2024-03-15,Geico,Home,Property,87
2024-03-15,Geico,Home,Renters,228
2024-03-15,Geico,Life,Term,258
2024-03-15,Geico,Life,Whole,173
2024-03-15,StateFarm,Auto,Comprehensive,303
2024-03-15,StateFarm,Auto,Liability,301
2024-03-15,StateFarm,Home,Property,263
2024-03-15,StateFarm,Home,Renters,247
2024-03-15,StateFarm,Life,Term,81
2024-03-15,StateFarm,Life,Whole,225
2024-03-15,Allstate,Auto,Comprehensive,272
2024-03-15,Allstate,Auto,Liability,217
2024-03-15,Allstate,Home,Property,203
2024-03-15,Allstate,Home,Renters,149
2024-03-15,Allstate,Life,Term,115
2024-03-15,Allstate,Life,Whole,62
2024-03-16,Geico,Auto,Comprehensive,118
2024-03-16,Geico,Auto,Liability,315
2024-03-16,Geico,Home,Property,56
2024-03-16,Geico,Home,Renters,183
2024-03-16,Geico,Life,Term,165
2024-03-16,Geico,Life,Whole,287
2024-03-16,StateFarm,Auto,Comprehensive,325
2024-03-16,StateFarm,Auto,Liability,240
2024-03-16,StateFarm,Home,Property,224
2024-03-16,StateFarm,Home,Renters,157
2024-03-16,StateFarm,Life,Term,213
2024-03-16,StateFarm,Life,Whole,73
2024-03-16,Allstate,Auto,Comprehensive,83
2024-03-16,Allstate,Auto,Liability,324
2024-03-16,Allstate,Home,Property,290
2024-03-16,Allstate,Home,Renters,69
2024-03-16,Allstate,Life,Term,122
2024-03-16,Allstate,Life,Whole,283
2024-03-17,Geico,Auto,Comprehensive,109
2024-03-17,Geico,Auto,Liability,271
2024-03-17,Geico,Home,Property,161
2024-03-17,Geico,Home,Renters,117
2024-03-17,Geico,Life,Term,132
2024-03-17,Geico,Life,Whole,265
2024-03-17,StateFarm,Auto,Comprehensive,302
2024-03-17,StateFarm,Auto,Liability,254
2024-03-17,StateFarm,Home,Property,232
2024-03-17,StateFarm,Home,Renters,94
2024-03-17,StateFarm,Life,Term,125
2024-03-17,StateFarm,Life,Whole,294
2024-03-17,Allstate,Auto,Comprehensive,355
2024-03-17,Allstate,Auto,Liability,302
2024-03-17,Allstate,Home,Property,297
2024-03-17,Allstate,Home,Renters,246
2024-03-17,Allstate,Life,Term,117
2024-03-17,Allstate,Life,Whole,72
2024-03-18,Geico,Auto,Comprehensive,262
2024-03-18,Geico,Auto,Liability,325
2024-03-18,Geico,Home,Property,159
2024-03-18,Geico,Home,Renters,267
2024-03-18,Geico,Life,Term,244
2024-03-18,Geico,Life,Whole,290
2024-03-18,StateFarm,Auto,Comprehensive,112
2024-03-18,StateFarm,Auto,Liability,112
2024-03-18,StateFarm,Home,Property,192
2024-03-18,StateFarm,Home,Renters,167
2024-03-18,StateFarm,Life,Term,168
2024-03-18,StateFarm,Life,Whole,201
2024-03-18,Allstate,Auto,Comprehensive,131
2024-03-18,Allstate,Auto,Liability,208
2024-03-18,Allstate,Home,Property,136
2024-03-18,Allstate,Home,Renters,84
2024-03-18,Allstate,Life,Term,275
2024-03-18,Allstate,Life,Whole,126
2024-03-19,Geico,Auto,Comprehensive,168
2024-03-19,Geico,Auto,Liability,354
2024-03-19,Geico,Home,Property,53
2024-03-19,Geico,Home,Renters,189
2024-03-19,Geico,Life,Term,124
2024-03-19,Geico,Life,Whole,201
2024-03-19,StateFarm,Auto,Comprehensive,208
2024-03-19,StateFarm,Auto,Liability,223
2024-03-19,StateFarm,Home,Property,222
2024-03-19,StateFarm,Home,Renters,186
2024-03-19,StateFarm,Life,Term,109
2024-03-19,StateFarm,Life,Whole,266
2024-03-19,Allstate,Auto,Comprehensive,263
2024-03-19,Allstate,Auto,Liability,198
2024-03-19,Allstate,Home,Property,109
2024-03-19,Allstate,Home,Renters,167
2024-03-19,Allstate,Life,Term,270
2024-03-19,Allstate,Life,Whole,264
2024-03-20,Geico,Auto,Comprehensive,152
2024-03-20,Geico,Auto,Liability,285
2024-03-20,Geico,Home,Property,166
2024-03-20,Geico,Home,Renters,86
2024-03-20,Geico,Life,Term,83
2024-03-20,Geico,Life,Whole,82
2024-03-20,StateFarm,Auto,Comprehensive,115
2024-03-20,StateFarm,Auto,Liability,151
2024-03-20,StateFarm,Home,Property,180
2024-03-20,StateFarm,Home,Renters,88
2024-03-20,StateFarm,Life,Term,95
2024-03-20,StateFarm,Life,Whole,61
2024-03-20,Allstate,Auto,Comprehensive,171
2024-03-20,Allstate,Auto,Liability,188
2024-03-20,Allstate,Home,Property,197
2024-03-20,Allstate,Home,Renters,269
2024-03-20,Allstate,Life,Term,175
2024-03-20,Allstate,Life,Whole,199
2024-03-21,Geico,Auto,Comprehensive,311
2024-03-21,Geico,Auto,Liability,208
2024-03-21,Geico,Home,Property,161
2024-03-21,Geico,Home,Renters,95
2024-03-21,Geico,Life,Term,186
2024-03-21,Geico,Life,Whole,59
2024-03-21,StateFarm,Auto,Comprehensive,291
2024-03-21,StateFarm,Auto,Liability,102
2024-03-21,StateFarm,Home,Property,242
2024-03-21,StateFarm,Home,Renters,280
2024-03-21,StateFarm,Life,Term,132
2024-03-21,StateFarm,Life,Whole,156
2024-03-21,Allstate,Auto,Comprehensive,271
2024-03-21,Allstate,Auto,Liability,220
2024-03-21,Allstate,Home,Property,114
2024-03-21,Allstate,Home,Renters,171
2024-03-21,Allstate,Life,Term,280
2024-03-21,Allstate,Life,Whole,210
2024-03-22,Geico,Auto,Comprehensive,288
2024-03-22,Geico,Auto,Liability,189
2024-03-22,Geico,Home,Property,232
2024-03-22,Geico,Home,Renters,291
2024-03-22,Geico,Life,Term,98
2024-03-22,Geico,Life,Whole,188
2024-03-22,StateFarm,Auto,Comprehensive,297
2024-03-22,StateFarm,Auto,Liability,291
2024-03-22,StateFarm,Home,Property,187
2024-03-22,StateFarm,Home,Renters,164
2024-03-22,StateFarm,Life,Term,237
2024-03-22,StateFarm,Life,Whole,172
2024-03-22,Allstate,Auto,Comprehensive,103
2024-03-22,Allstate,Auto,Liability,211
2024-03-22,Allstate,Home,Property,240
2024-03-22,Allstate,Home,Renters,92
2024-03-22,Allstate,Life,Term,69
2024-03-22,Allstate,Life,Whole,162
2024-03-23,Geico,Auto,Comprehensive,259
2024-03-23,Geico,Auto,Liability,186
2024-03-23,Geico,Home,Property,237
2024-03-23,Geico,Home,Renters,186
2024-03-23,Geico,Life,Term,83
2024-03-23,Geico,Life,Whole,106
2024-03-23,StateFarm,Auto,Comprehensive,303
2024-03-23,StateFarm,Auto,Liability,138
2024-03-23,StateFarm,Home,Property,147
2024-03-23,StateFarm,Home,Renters,291
2024-03-23,StateFarm,Life,Term,56
2024-03-23,StateFarm,Life,Whole,92
2024-03-23,Allstate,Auto,Comprehensive,327
2024-03-23,Allstate,Auto,Liability,200
2024-03-23,Allstate,Home,Property,299
2024-03-23,Allstate,Home,Renters,279
2024-03-23,Allstate,Life,Term,53
2024-03-23,Allstate,Life,Whole,69
2024-03-24,Geico,Auto,Comprehensive,235
2024-03-24,Geico,Auto,Liability,315
2024-03-24,Geico,Home,Property,152
2024-03-24,Geico,Home,Renters,247
2024-03-24,Geico,Life,Term,134
2024-03-24,Geico,Life,Whole,201
2024-03-24,StateFarm,Auto,Comprehensive,147
2024-03-24,StateFarm,Auto,Liability,186
2024-03-24,StateFarm,Home,Property,295
2024-03-24,StateFarm,Home,Renters,256
2024-03-24,StateFarm,Life,Term,67
2024-03-24,StateFarm,Life,Whole,183
2024-03-24,Allstate,Auto,Comprehensive,317
2024-03-24,Allstate,Auto,Liability,290
2024-03-24,Allstate,Home,Property,194
2024-03-24,Allstate,Home,Renters,284
2024-03-24,Allstate,Life,Term,50
2024-03-24,Allstate,Life,Whole,196
2024-03-25,Geico,Auto,Comprehensive,258
2024-03-25,Geico,Auto,Liability,175
2024-03-25,Geico,Home,Property,243
2024-03-25,Geico,Home,Renters,255
2024-03-25,Geico,Life,Term,80
2024-03-25,Geico,Life,Whole,100
2024-03-25,StateFarm,Auto,Comprehensive,151
2024-03-25,StateFarm,Auto,Liability,135
2024-03-25,StateFarm,Home,Property,102
2024-03-25,StateFarm,Home,Renters,165
2024-03-25,StateFarm,Life,Term,174
2024-03-25,StateFarm,Life,Whole,119
2024-03-25,Allstate,Auto,Comprehensive,150
2024-03-25,Allstate,Auto,Liability,251
2024-03-25,Allstate,Home,Property,181
2024-03-25,Allstate,Home,Renters,171
2024-03-25,Allstate,Life,Term,148
2024-03-25,Allstate,Life,Whole,248
2024-03-26,Geico,Auto,Comprehensive,173
2024-03-26,Geico,Auto,Liability,199
2024-03-26,Geico,Home,Property,228
2024-03-26,Geico,Home,Renters,291
2024-03-26,Geico,Life,Term,298
2024-03-26,Geico,Life,Whole,87
2024-03-26,StateFarm,Auto,Comprehensive,130
2024-03-26,StateFarm,Auto,Liability,284
2024-03-26,StateFarm,Home,Property,169
2024-03-26,StateFarm,Home,Renters,193
2024-03-26,StateFarm,Life,Term,297
2024-03-26,StateFarm,Life,Whole,163
2024-03-26,Allstate,Auto,Comprehensive,179
2024-03-26,Allstate,Auto,Liability,130
2024-03-26,Allstate,Home,Property,266
2024-03-26,Allstate,Home,Renters,242
2024-03-26,Allstate,Life,Term,272
2024-03-26,Allstate,Life,Whole,68
2024-03-27,Geico,Auto,Comprehensive,313
2024-03-27,Geico,Auto,Liability,299
2024-03-27,Geico,Home,Property,80
2024-03-27,Geico,Home,Renters,279
2024-03-27,Geico,Life,Term,176
2024-03-27,Geico,Life,Whole,117
2024-03-27,StateFarm,Auto,Comprehensive,138
2024-03-27,StateFarm,Auto,Liability,111
2024-03-27,StateFarm,Home,Property,114
2024-03-27,StateFarm,Home,Renters,68
2024-03-27,StateFarm,Life,Term,287
2024-03-27,StateFarm,Life,Whole,194
2024-03-27,Allstate,Auto,Comprehensive,288
2024-03-27,Allstate,Auto,Liability,129
2024-03-27,Allstate,Home,Property,73
2024-03-27,Allstate,Home,Renters,161
2024-03-27,Allstate,Life,Term,120
2024-03-27,Allstate,Life,Whole,235
2024-03-28,Geico,Auto,Comprehensive,242
2024-03-28,Geico,Auto,Liability,210
2024-03-28,Geico,Home,Property,215
2024-03-28,Geico,Home,Renters,75
2024-03-28,Geico,Life,Term,96
2024-03-28,Geico,Life,Whole,282
2024-03-28,StateFarm,Auto,Comprehensive,127
2024-03-28,StateFarm,Auto,Liability,254
2024-03-28,StateFarm,Home,Property,71
2024-03-28,StateFarm,Home,Renters,247
2024-03-28,StateFarm,Life,Term,252
2024-03-28,StateFarm,Life,Whole,157
2024-03-28,Allstate,Auto,Comprehensive,153
2024-03-28,Allstate,Auto,Liability,239
2024-03-28,Allstate,Home,Property,188
2024-03-28,Allstate,Home,Renters,146
2024-03-28,Allstate,Life,Term,161
2024-03-28,Allstate,Life,Whole,219
2024-03-29,Geico,Auto,Comprehensive,294
2024-03-29,Geico,Auto,Liability,191
2024-03-29,Geico,Home,Property,104
2024-03-29,Geico,Home,Renters,176
2024-03-29,Geico,Life,Term,250
2024-03-29,Geico,Life,Whole,59
2024-03-29,StateFarm,Auto,Comprehensive,306
2024-03-29,StateFarm,Auto,Liability,188
2024-03-29,StateFarm,Home,Property,53
2024-03-29,StateFarm,Home,Renters,147
2024-03-29,StateFarm,Life,Term,167
2024-03-29,StateFarm,Life,Whole,82
2024-03-29,Allstate,Auto,Comprehensive,371
2024-03-29,Allstate,Auto,Liability,138
2024-03-29,Allstate,Home,Property,170
2024-03-29,Allstate,Home,Renters,190
2024-03-29,Allstate,Life,Term,222
2024-03-29,Allstate,Life,Whole,67
2024-03-30,Geico,Auto,Comprehensive,214
2024-03-30,Geico,Auto,Liability,295
2024-03-30,Geico,Home,Property,60
2024-03-30,Geico,Home,Renters,125
2024-03-30,Geico,Life,Term,298
2024-03-30,Geico,Life,Whole,220
2024-03-30,StateFarm,Auto,Comprehensive,357
2024-03-30,StateFarm,Auto,Liability,106
2024-03-30,StateFarm,Home,Property,229
2024-03-30,StateFarm,Home,Renters,206
2024-03-30,StateFarm,Life,Term,74
2024-03-30,StateFarm,Life,Whole,159
2024-03-30,Allstate,Auto,Comprehensive,124
2024-03-30,Allstate,Auto,Liability,293
2024-03-30,Allstate,Home,Property,238
2024-03-30,Allstate,Home,Renters,134
2024-03-30,Allstate,Life,Term,150
2024-03-30,Allstate,Life,Whole,206
2024-03-31,Geico,Auto,Comprehensive,164
2024-03-31,Geico,Auto,Liability,363
2024-03-31,Geico,Home,Property,272
2024-03-31,Geico,Home,Renters,296
2024-03-31,Geico,Life,Term,258
2024-03-31,Geico,Life,Whole,277
2024-03-31,StateFarm,Auto,Comprehensive,122
2024-03-31,StateFarm,Auto,Liability,336
2024-03-31,StateFarm,Home,Property,289
2024-03-31,StateFarm,Home,Renters,54
2024-03-31,StateFarm,Life,Term,85
2024-03-31,StateFarm,Life,Whole,297
2024-03-31,Allstate,Auto,Comprehensive,282
2024-03-31,Allstate,Auto,Liability,131
2024-03-31,Allstate,Home,Property,216
2024-03-31,Allstate,Home,Renters,138
2024-03-31,Allstate,Life,Term,245
2024-03-31,Allstate,Life,Whole,228
2024-04-01,Geico,Auto,Comprehensive,171
2024-04-01,Geico,Auto,Liability,318
2024-04-01,Geico,Home,Property,77
2024-04-01,Geico,Home,Renters,155
2024-04-01,Geico,Life,Term,140
2024-04-01,Geico,Life,Whole,91
2024-04-01,StateFarm,Auto,Comprehensive,102
2024-04-01,StateFarm,Auto,Liability,276
2024-04-01,StateFarm,Home,Property,216
2024-04-01,StateFarm,Home,Renters,185
2024-04-01,StateFarm,Life,Term,110
2024-04-01,StateFarm,Life,Whole,255
2024-04-01,Allstate,Auto,Comprehensive,298
2024-04-01,Allstate,Auto,Liability,272
2024-04-01,Allstate,Home,Property,91
2024-04-01,Allstate,Home,Renters,284
2024-04-01,Allstate,Life,Term,291
2024-04-01,Allstate,Life,Whole,152
2024-04-02,Geico,Auto,Comprehensive,133
2024-04-02,Geico,Auto,Liability,194
2024-04-02,Geico,Home,Property,255
2024-04-02,Geico,Home,Renters,105
2024-04-02,Geico,Life,Term,193
2024-04-02,Geico,Life,Whole,118
2024-04-02,StateFarm,Auto,Comprehensive,112
2024-04-02,StateFarm,Auto,Liability,263
2024-04-02,StateFarm,Home,Property,251
2024-04-02,StateFarm,Home,Renters,81
2024-04-02,StateFarm,Life,Term,55
2024-04-02,StateFarm,Life,Whole,290
2024-04-02,Allstate,Auto,Comprehensive,177
2024-04-02,Allstate,Auto,Liability,208
2024-04-02,Allstate,Home,Property,139
2024-04-02,Allstate,Home,Renters,133
2024-04-02,Allstate,Life,Term,274
2024-04-02,Allstate,Life,Whole,53
2024-04-03,Geico,Auto,Comprehensive,101
2024-04-03,Geico,Auto,Liability,283
2024-04-03,Geico,Home,Property,289
2024-04-03,Geico,Home,Renters,106
2024-04-03,Geico,Life,Term,172
2024-04-03,Geico,Life,Whole,222
2024-04-03,StateFarm,Auto,Comprehensive,328
2024-04-03,StateFarm,Auto,Liability,315
2024-04-03,StateFarm,Home,Property,196
2024-04-03,StateFarm,Home,Renters,136
2024-04-03,StateFarm,Life,Term,206
2024-04-03,StateFarm,Life,Whole,162
2024-04-03,Allstate,Auto,Comprehensive,237
2024-04-03,Allstate,Auto,Liability,193
2024-04-03,Allstate,Home,Property,72
2024-04-03,Allstate,Home,Renters,272
2024-04-03,Allstate,Life,Term,92
2024-04-03,Allstate,Life,Whole,101
2024-04-04,Geico,Auto,Comprehensive,176
2024-04-04,Geico,Auto,Liability,378
2024-04-04,Geico,Home,Property,299
2024-04-04,Geico,Home,Renters,214
2024-04-04,Geico,Life,Term,122
2024-04-04,Geico,Life,Whole,218
2024-04-04,StateFarm,Auto,Comprehensive,315
2024-04-04,StateFarm,Auto,Liability,119
2024-04-04,StateFarm,Home,Property,117
2024-04-04,StateFarm,Home,Renters,60
2024-04-04,StateFarm,Life,Term,263
2024-04-04,StateFarm,Life,Whole,68
2024-04-04,Allstate,Auto,Comprehensive,210
2024-04-04,Allstate,Auto,Liability,276
2024-04-04,Allstate,Home,Property,274
2024-04-04,Allstate,Home,Renters,271
2024-04-04,Allstate,Life,Term,162
2024-04-04,Allstate,Life,Whole,224
2024-04-05,Geico,Auto,Comprehensive,329
2024-04-05,Geico,Auto,Liability,184
2024-04-05,Geico,Home,Property,201
2024-04-05,Geico,Home,Renters,85
2024-04-05,Geico,Life,Term,283
2024-04-05,Geico,Life,Whole,251
2024-04-05,StateFarm,Auto,Comprehensive,354
2024-04-05,StateFarm,Auto,Liability,265
2024-04-05,StateFarm,Home,Property,243
2024-04-05,StateFarm,Home,Renters,210
2024-04-05,StateFarm,Life,Term,174
2024-04-05,StateFarm,Life,Whole,173
2024-04-05,Allstate,Auto,Comprehensive,350
2024-04-05,Allstate,Auto,Liability,318
2024-04-05,Allstate,Home,Property,177
2024-04-05,Allstate,Home,Renters,78
2024-04-05,Allstate,Life,Term,163
2024-04-05,Allstate,Life,Whole,173
2024-04-06,Geico,Auto,Comprehensive,343
2024-04-06,Geico,Auto,Liability,303
2024-04-06,Geico,Home,Property,68
2024-04-06,Geico,Home,Renters,245
2024-04-06,Geico,Life,Term,108
2024-04-06,Geico,Life,Whole,270
2024-04-06,StateFarm,Auto,Comprehensive,284
2024-04-06,StateFarm,Auto,Liability,324
2024-04-06,StateFarm,Home,Property,193
2024-04-06,StateFarm,Home,Renters,93
2024-04-06,StateFarm,Life,Term,54
2024-04-06,StateFarm,Life,Whole,220
2024-04-06,Allstate,Auto,Comprehensive,279
2024-04-06,Allstate,Auto,Liability,320
2024-04-06,Allstate,Home,Property,67
2024-04-06,Allstate,Home,Renters,235
2024-04-06,Allstate,Life,Term,296
2024-04-06,Allstate,Life,Whole,69
2024-04-07,Geico,Auto,Comprehensive,225
2024-04-07,Geico,Auto,Liability,240
2024-04-07,Geico,Home,Property,103
2024-04-07,Geico,Home,Renters,78
2024-04-07,Geico,Life,Term,291
2024-04-07,Geico,Life,Whole,192
2024-04-07,StateFarm,Auto,Comprehensive,117
2024-04-07,StateFarm,Auto,Liability,289
2024-04-07,StateFarm,Home,Property,83
2024-04-07,StateFarm,Home,Renters,265
2024-04-07,StateFarm,Life,Term,61
2024-04-07,StateFarm,Life,Whole,97
2024-04-07,Allstate,Auto,Comprehensive,153
2024-04-07,Allstate,Auto,Liability,120
2024-04-07,Allstate,Home,Property,184
2024-04-07,Allstate,Home,Renters,234
2024-04-07,Allstate,Life,Term,244
2024-04-07,Allstate,Life,Whole,86
2024-04-08,Geico,Auto,Comprehensive,235
2024-04-08,Geico,Auto,Liability,311
2024-04-08,Geico,Home,Property,259
2024-04-08,Geico,Home,Renters,152
2024-04-08,Geico,Life,Term,215
2024-04-08,Geico,Life,Whole,149
2024-04-08,StateFarm,Auto,Comprehensive,235
2024-04-08,StateFarm,Auto,Liability,115
2024-04-08,StateFarm,Home,Property,154
2024-04-08,StateFarm,Home,Renters,226
2024-04-08,StateFarm,Life,Term,58
2024-04-08,StateFarm,Life,Whole,250
2024-04-08,Allstate,Auto,Comprehensive,120
2024-04-08,Allstate,Auto,Liability,163
2024-04-08,Allstate,Home,Property,203
2024-04-08,Allstate,Home,Renters,124
2024-04-08,Allstate,Life,Term,130
2024-04-08,Allstate,Life,Whole,52
2024-04-09,Geico,Auto,Comprehensive,178
2024-04-09,Geico,Auto,Liability,276
2024-04-09,Geico,Home,Property,180
2024-04-09,Geico,Home,Renters,118
2024-04-09,Geico,Life,Term,284
2024-04-09,Geico,Life,Whole,107
2024-04-09,StateFarm,Auto,Comprehensive,147
2024-04-09,StateFarm,Auto,Liability,240
2024-04-09,StateFarm,Home,Property,107
2024-04-09,StateFarm,Home,Renters,141
2024-04-09,StateFarm,Life,Term,65
2024-04-09,StateFarm,Life,Whole,187
2024-04-09,Allstate,Auto,Comprehensive,204
2024-04-09,Allstate,Auto,Liability,143
2024-04-09,Allstate,Home,Property,71
2024-04-09,Allstate,Home,Renters,50
2024-04-09,Allstate,Life,Term,130
2024-04-09,Allstate,Life,Whole,269
2024-04-10,Geico,Auto,Comprehensive,261
2024-04-10,Geico,Auto,Liability,224
2024-04-10,Geico,Home,Property,139
2024-04-10,Geico,Home,Renters,119
2024-04-10,Geico,Life,Term,279
2024-04-10,Geico,Life,Whole,209
2024-04-10,StateFarm,Auto,Comprehensive,321
2024-04-10,StateFarm,Auto,Liability,163
2024-04-10,StateFarm,Home,Property,121
2024-04-10,StateFarm,Home,Renters,287
2024-04-10,StateFarm,Life,Term,296
2024-04-10,StateFarm,Life,Whole,286
2024-04-10,Allstate,Auto,Comprehensive,304
2024-04-10,Allstate,Auto,Liability,246
2024-04-10,Allstate,Home,Property,118
2024-04-10,Allstate,Home,Renters,125
2024-04-10,Allstate,Life,Term,153
2024-04-10,Allstate,Life,Whole,79
2024-04-11,Geico,Auto,Comprehensive,87
2024-04-11,Geico,Auto,Liability,205
2024-04-11,Geico,Home,Property,244
2024-04-11,Geico,Home,Renters,248
2024-04-11,Geico,Life,Term,202
2024-04-11,Geico,Life,Whole,156
2024-04-11,StateFarm,Auto,Comprehensive,212
2024-04-11,StateFarm,Auto,Liability,259
2024-04-11,StateFarm,Home,Property,233
2024-04-11,StateFarm,Home,Renters,57
2024-04-11,StateFarm,Life,Term,263
2024-04-11,StateFarm,Life,Whole,112
2024-04-11,Allstate,Auto,Comprehensive,324
2024-04-11,Allstate,Auto,Liability,146
2024-04-11,Allstate,Home,Property,126
2024-04-11,Allstate,Home,Renters,178
2024-04-11,Allstate,Life,Term,210
2024-04-11,Allstate,Life,Whole,189
2024-04-12,Geico,Auto,Comprehensive,129
2024-04-12,Geico,Auto,Liability,233
2024-04-12,Geico,Home,Property,107
2024-04-12,Geico,Home,Renters,181
2024-04-12,Geico,Life,Term,200
2024-04-12,Geico,Life,Whole,197
2024-04-12,StateFarm,Auto,Comprehensive,250
2024-04-12,StateFarm,Auto,Liability,168
2024-04-12,StateFarm,Home,Property,86
2024-04-12,StateFarm,Home,Renters,98
2024-04-12,StateFarm,Life,Term,195
2024-04-12,StateFarm,Life,Whole,161
2024-04-12,Allstate,Auto,Comprehensive,267
2024-04-12,Allstate,Auto,Liability,239
2024-04-12,Allstate,Home,Property,54
2024-04-12,Allstate,Home,Renters,200
2024-04-12,Allstate,Life,Term,78
2024-04-12,Allstate,Life,Whole,208
2024-04-13,Geico,Auto,Comprehensive,296
2024-04-13,Geico,Auto,Liability,223
2024-04-13,Geico,Home,Property,160
2024-04-13,Geico,Home,Renters,280
2024-04-13,Geico,Life,Term,190
2024-04-13,Geico,Life,Whole,217
2024-04-13,StateFarm,Auto,Comprehensive,199
2024-04-13,StateFarm,Auto,Liability,142
2024-04-13,StateFarm,Home,Property,133
2024-04-13,StateFarm,Home,Renters,248
2024-04-13,StateFarm,Life,Term,191
2024-04-13,StateFarm,Life,Whole,157
2024-04-13,Allstate,Auto,Comprehensive,312
2024-04-13,Allstate,Auto,Liability,218
2024-04-13,Allstate,Home,Property,138
2024-04-13,Allstate,Home,Renters,96
2024-04-13,Allstate,Life,Term,197
2024-04-13,Allstate,Life,Whole,237
2024-04-14,Geico,Auto,Comprehensive,125
2024-04-14,Geico,Auto,Liability,143
2024-04-14,Geico,Home,Property,149
2024-04-14,Geico,Home,Renters,182
2024-04-14,Geico,Life,Term,69
2024-04-14,Geico,Life,Whole,136
2024-04-14,StateFarm,Auto,Comprehensive,271
2024-04-14,StateFarm,Auto,Liability,213
2024-04-14,StateFarm,Home,Property,225
2024-04-14,StateFarm,Home,Renters,87
2024-04-14,StateFarm,Life,Term,78
2024-04-14,StateFarm,Life,Whole,166
2024-04-14,Allstate,Auto,Comprehensive,219
2024-04-14,Allstate,Auto,Liability,200
2024-04-14,Allstate,Home,Property,291
2024-04-14,Allstate,Home,Renters,245
2024-04-14,Allstate,Life,Term,140
2024-04-14,Allstate,Life,Whole,57
2024-04-15,Geico,Auto,Comprehensive,177
2024-04-15,Geico,Auto,Liability,260
2024-04-15,Geico,Home,Property,267
2024-04-15,Geico,Home,Renters,91
2024-04-15,Geico,Life,Term,241
2024-04-15,Geico,Life,Whole,282
2024-04-15,StateFarm,Auto,Comprehensive,234
2024-04-15,StateFarm,Auto,Liability,342
2024-04-15,StateFarm,Home,Property,115
2024-04-15,StateFarm,Home,Renters,129
2024-04-15,StateFarm,Life,Term,74
2024-04-15,StateFarm,Life,Whole,114
2024-04-15,Allstate,Auto,Comprehensive,185
2024-04-15,Allstate,Auto,Liability,175
2024-04-15,Allstate,Home,Property,297
2024-04-15,Allstate,Home,Renters,173
2024-04-15,Allstate,Life,Term,139
2024-04-15,Allstate,Life,Whole,167
2024-04-16,Geico,Auto,Comprehensive,340
2024-04-16,Geico,Auto,Liability,161
2024-04-16,Geico,Home,Property,232
2024-04-16,Geico,Home,Renters,159
2024-04-16,Geico,Life,Term,63
2024-04-16,Geico,Life,Whole,106
2024-04-16,StateFarm,Auto,Comprehensive,170
2024-04-16,StateFarm,Auto,Liability,250
2024-04-16,StateFarm,Home,Property,117
2024-04-16,StateFarm,Home,Renters,278
2024-04-16,StateFarm,Life,Term,95
2024-04-16,StateFarm,Life,Whole,81
2024-04-16,Allstate,Auto,Comprehensive,157
2024-04-16,Allstate,Auto,Liability,190
2024-04-16,Allstate,Home,Property,249
2024-04-16,Allstate,Home,Renters,190
2024-04-16,Allstate,Life,Term,103
2024-04-16,Allstate,Life,Whole,281
2024-04-17,Geico,Auto,Comprehensive,115
2024-04-17,Geico,Auto,Liability,351
2024-04-17,Geico,Home,Property,256
2024-04-17,Geico,Home,Renters,251
2024-04-17,Geico,Life,Term,107
2024-04-17,Geico,Life,Whole,131
2024-04-17,StateFarm,Auto,Comprehensive,285
2024-04-17,StateFarm,Auto,Liability,134
2024-04-17,StateFarm,Home,Property,243
2024-04-17,StateFarm,Home,Renters,228
2024-04-17,StateFarm,Life,Term,176
2024-04-17,StateFarm,Life,Whole,101
2024-04-17,Allstate,Auto,Comprehensive,116
2024-04-17,Allstate,Auto,Liability,293
2024-04-17,Allstate,Home,Property,91
2024-04-17,Allstate,Home,Renters,94
2024-04-17,Allstate,Life,Term,51
2024-04-17,Allstate,Life,Whole,78
2024-04-18,Geico,Auto,Comprehensive,190
2024-04-18,Geico,Auto,Liability,206
2024-04-18,Geico,Home,Property,245
2024-04-18,Geico,Home,Renters,261
2024-04-18,Geico,Life,Term,53
2024-04-18,Geico,Life,Whole,123
2024-04-18,StateFarm,Auto,Comprehensive,124
2024-04-18,StateFarm,Auto,Liability,85
2024-04-18,StateFarm,Home,Property,229
2024-04-18,StateFarm,Home,Renters,174
2024-04-18,StateFarm,Life,Term,279
2024-04-18,StateFarm,Life,Whole,56
2024-04-18,Allstate,Auto,Comprehensive,126
2024-04-18,Allstate,Auto,Liability,161
2024-04-18,Allstate,Home,Property,121
2024-04-18,Allstate,Home,Renters,244
2024-04-18,Allstate,Life,Term,298
2024-04-18,Allstate,Life,Whole,166
2024-04-19,Geico,Auto,Comprehensive,127
2024-04-19,Geico,Auto,Liability,273
2024-04-19,Geico,Home,Property,63
2024-04-19,Geico,Home,Renters,67
2024-04-19,Geico,Life,Term,287
2024-04-19,Geico,Life,Whole,55
2024-04-19,StateFarm,Auto,Comprehensive,188
2024-04-19,StateFarm,Auto,Liability,345
2024-04-19,StateFarm,Home,Property,79
2024-04-19,StateFarm,Home,Renters,95
2024-04-19,StateFarm,Life,Term,215
2024-04-19,StateFarm,Life,Whole,260
2024-04-19,Allstate,Auto,Comprehensive,319
2024-04-19,Allstate,Auto,Liability,242
2024-04-19,Allstate,Home,Property,257
2024-04-19,Allstate,Home,Renters,238
2024-04-19,Allstate,Life,Term,256
2024-04-19,Allstate,Life,Whole,218
2024-04-20,Geico,Auto,Comprehensive,177
2024-04-20,Geico,Auto,Liability,291
2024-04-20,Geico,Home,Property,129
2024-04-20,Geico,Home,Renters,235
2024-04-20,Geico,Life,Term,99
2024-04-20,Geico,Life,Whole,250
2024-04-20,StateFarm,Auto,Comprehensive,121
2024-04-20,StateFarm,Auto,Liability,226
2024-04-20,StateFarm,Home,Property,68
2024-04-20,StateFarm,Home,Renters,189
2024-04-20,StateFarm,Life,Term,84
2024-04-20,StateFarm,Life,Whole,267
2024-04-20,Allstate,Auto,Comprehensive,223
2024-04-20,Allstate,Auto,Liability,132
2024-04-20,Allstate,Home,Property,192
2024-04-20,Allstate,Home,Renters,160
2024-04-20,Allstate,Life,Term,121
2024-04-20,Allstate,Life,Whole,185
2024-04-21,Geico,Auto,Comprehensive,246
2024-04-21,Geico,Auto,Liability,175
2024-04-21,Geico,Home,Property,127
2024-04-21,Geico,Home,Renters,211
2024-04-21,Geico,Life,Term,288
2024-04-21,Geico,Life,Whole,296
2024-04-21,StateFarm,Auto,Comprehensive,230
2024-04-21,StateFarm,Auto,Liability,219
2024-04-21,StateFarm,Home,Property,291
2024-04-21,StateFarm,Home,Renters,284
2024-04-21,StateFarm,Life,Term,250
2024-04-21,StateFarm,Life,Whole,192
2024-04-21,Allstate,Auto,Comprehensive,119
2024-04-21,Allstate,Auto,Liability,272
2024-04-21,Allstate,Home,Property,174
2024-04-21,Allstate,Home,Renters,177
2024-04-21,Allstate,Life,Term,222
2024-04-21,Allstate,Life,Whole,281
2024-04-22,Geico,Auto,Comprehensive,169
2024-04-22,Geico,Auto,Liability,186
2024-04-22,Geico,Home,Property,116
2024-04-22,Geico,Home,Renters,64
2024-04-22,Geico,Life,Term,97
2024-04-22,Geico,Life,Whole,52
2024-04-22,StateFarm,Auto,Comprehensive,165
2024-04-22,StateFarm,Auto,Liability,237
2024-04-22,StateFarm,Home,Property,173
2024-04-22,StateFarm,Home,Renters,66
2024-04-22,StateFarm,Life,Term,123
2024-04-22,StateFarm,Life,Whole,238
2024-04-22,Allstate,Auto,Comprehensive,89
2024-04-22,Allstate,Auto,Liability,176
2024-04-22,Allstate,Home,Property,190
2024-04-22,Allstate,Home,Renters,181
2024-04-22,Allstate,Life,Term,223
2024-04-22,Allstate,Life,Whole,276
2024-04-23,Geico,Auto,Comprehensive,288
2024-04-23,Geico,Auto,Liability,130
2024-04-23,Geico,Home,Property,176
2024-04-23,Geico,Home,Renters,60
2024-04-23,Geico,Life,Term,164
2024-04-23,Geico,Life,Whole,290
2024-04-23,StateFarm,Auto,Comprehensive,321
2024-04-23,StateFarm,Auto,Liability,316
2024-04-23,StateFarm,Home,Property,72
2024-04-23,StateFarm,Home,Renters,293
2024-04-23,StateFarm,Life,Term,295
2024-04-23,StateFarm,Life,Whole,143
2024-04-23,Allstate,Auto,Comprehensive,366
2024-04-23,Allstate,Auto,Liability,200
2024-04-23,Allstate,Home,Property,102
2024-04-23,Allstate,Home,Renters,137
2024-04-23,Allstate,Life,Term,292
2024-04-23,Allstate,Life,Whole,263
2024-04-24,Geico,Auto,Comprehensive,243
2024-04-24,Geico,Auto,Liability,316
2024-04-24,Geico,Home,Property,197
2024-04-24,Geico,Home,Renters,114
2024-04-24,Geico,Life,Term,81
2024-04-24,Geico,Life,Whole,83
2024-04-24,StateFarm,Auto,Comprehensive,331
2024-04-24,StateFarm,Auto,Liability,256
2024-04-24,StateFarm,Home,Property,67
2024-04-24,StateFarm,Home,Renters,282
2024-04-24,StateFarm,Life,Term,200
2024-04-24,StateFarm,Life,Whole,299
2024-04-24,Allstate,Auto,Comprehensive,328
2024-04-24,Allstate,Auto,Liability,174
2024-04-24,Allstate,Home,Property,246
2024-04-24,Allstate,Home,Renters,241
2024-04-24,Allstate,Life,Term,74
2024-04-24,Allstate,Life,Whole,86
2024-04-25,Geico,Auto,Comprehensive,210
2024-04-25,Geico,Auto,Liability,176
2024-04-25,Geico,Home,Property,244
2024-04-25,Geico,Home,Renters,202
2024-04-25,Geico,Life,Term,223
2024-04-25,Geico,Life,Whole,287
2024-04-25,StateFarm,Auto,Comprehensive,374
2024-04-25,StateFarm,Auto,Liability,337
2024-04-25,StateFarm,Home,Property,154
2024-04-25,StateFarm,Home,Renters,235
2024-04-25,StateFarm,Life,Term,254
2024-04-25,StateFarm,Life,Whole,122
2024-04-25,Allstate,Auto,Comprehensive,140
2024-04-25,Allstate,Auto,Liability,275
2024-04-25,Allstate,Home,Property,254
2024-04-25,Allstate,Home,Renters,270
2024-04-25,Allstate,Life,Term,115
2024-04-25,Allstate,Life,Whole,125
2024-04-26,Geico,Auto,Comprehensive,238
2024-04-26,Geico,Auto,Liability,332
2024-04-26,Geico,Home,Property,118
2024-04-26,Geico,Home,Renters,267
2024-04-26,Geico,Life,Term,232
2024-04-26,Geico,Life,Whole,124
2024-04-26,StateFarm,Auto,Comprehensive,87
2024-04-26,StateFarm,Auto,Liability,318
2024-04-26,StateFarm,Home,Property,224
2024-04-26,StateFarm,Home,Renters,109
2024-04-26,StateFarm,Life,Term,141
2024-04-26,StateFarm,Life,Whole,65
2024-04-26,Allstate,Auto,Comprehensive,301
2024-04-26,Allstate,Auto,Liability,110
2024-04-26,Allstate,Home,Property,267
2024-04-26,Allstate,Home,Renters,100
2024-04-26,Allstate,Life,Term,73
2024-04-26,Allstate,Life,Whole,244
2024-04-27,Geico,Auto,Comprehensive,215
2024-04-27,Geico,Auto,Liability,110
2024-04-27,Geico,Home,Property,217
2024-04-27,Geico,Home,Renters,92
2024-04-27,Geico,Life,Term,291
2024-04-27,Geico,Life,Whole,102
2024-04-27,StateFarm,Auto,Comprehensive,189
2024-04-27,StateFarm,Auto,Liability,184
2024-04-27,StateFarm,Home,Property,101
2024-04-27,StateFarm,Home,Renters,81
2024-04-27,StateFarm,Life,Term,115
2024-04-27,StateFarm,Life,Whole,298
2024-04-27,Allstate,Auto,Comprehensive,125
2024-04-27,Allstate,Auto,Liability,359
2024-04-27,Allstate,Home,Property,212
2024-04-27,Allstate,Home,Renters,240
2024-04-27,Allstate,Life,Term,123
2024-04-27,Allstate,Life,Whole,188
2024-04-28,Geico,Auto,Comprehensive,353
2024-04-28,Geico,Auto,Liability,216
2024-04-28,Geico,Home,Property,128
2024-04-28,Geico,Home,Renters,57
2024-04-28,Geico,Life,Term,134
2024-04-28,Geico,Life,Whole,295
2024-04-28,StateFarm,Auto,Comprehensive,358
2024-04-28,StateFarm,Auto,Liability,320
2024-04-28,StateFarm,Home,Property,161
2024-04-28,StateFarm,Home,Renters,235
2024-04-28,StateFarm,Life,Term,205
2024-04-28,StateFarm,Life,Whole,86
2024-04-28,Allstate,Auto,Comprehensive,307
2024-04-28,Allstate,Auto,Liability,173
2024-04-28,Allstate,Home,Property,283
2024-04-28,Allstate,Home,Renters,264
2024-04-28,Allstate,Life,Term,215
2024-04-28,Allstate,Life,Whole,57
2024-04-29,Geico,Auto,Comprehensive,203
2024-04-29,Geico,Auto,Liability,143
2024-04-29,Geico,Home,Property,117
2024-04-29,Geico,Home,Renters,65
2024-04-29,Geico,Life,Term,94
2024-04-29,Geico,Life,Whole,57
2024-04-29,StateFarm,Auto,Comprehensive,104
2024-04-29,StateFarm,Auto,Liability,283
2024-04-29,StateFarm,Home,Property,221
2024-04-29,StateFarm,Home,Renters,258
2024-04-29,StateFarm,Life,Term,252
2024-04-29,StateFarm,Life,Whole,96
2024-04-29,Allstate,Auto,Comprehensive,214
2024-04-29,Allstate,Auto,Liability,188
2024-04-29,Allstate,Home,Property,298
2024-04-29,Allstate,Home,Renters,109
2024-04-29,Allstate,Life,Term,249
2024-04-29,Allstate,Life,Whole,295
2024-04-30,Geico,Auto,Comprehensive,203
2024-04-30,Geico,Auto,Liability,271
2024-04-30,Geico,Home,Property,221
2024-04-30,Geico,Home,Renters,153
2024-04-30,Geico,Life,Term,116
2024-04-30,Geico,Life,Whole,281
2024-04-30,StateFarm,Auto,Comprehensive,109
2024-04-30,StateFarm,Auto,Liability,194
2024-04-30,StateFarm,Home,Property,52
2024-04-30,StateFarm,Home,Renters,143
2024-04-30,StateFarm,Life,Term,267
2024-04-30,StateFarm,Life,Whole,221
2024-04-30,Allstate,Auto,Comprehensive,192
2024-04-30,Allstate,Auto,Liability,201
2024-04-30,Allstate,Home,Property,79
2024-04-30,Allstate,Home,Renters,290
2024-04-30,Allstate,Life,Term,190
2024-04-30,Allstate,Life,Whole,83
2024-05-01,Geico,Auto,Comprehensive,95
2024-05-01,Geico,Auto,Liability,366
2024-05-01,Geico,Home,Property,180
2024-05-01,Geico,Home,Renters,203
2024-05-01,Geico,Life,Term,289
2024-05-01,Geico,Life,Whole,257
2024-05-01,StateFarm,Auto,Comprehensive,287
2024-05-01,StateFarm,Auto,Liability,81
2024-05-01,StateFarm,Home,Property,234
2024-05-01,StateFarm,Home,Renters,206
2024-05-01,StateFarm,Life,Term,75
2024-05-01,StateFarm,Life,Whole,81
2024-05-01,Allstate,Auto,Comprehensive,157
2024-05-01,Allstate,Auto,Liability,184
2024-05-01,Allstate,Home,Property,205
2024-05-01,Allstate,Home,Renters,294
2024-05-01,Allstate,Life,Term,91
2024-05-01,Allstate,Life,Whole,163
2024-05-02,Geico,Auto,Comprehensive,340
2024-05-02,Geico,Auto,Liability,174
2024-05-02,Geico,Home,Property,183
2024-05-02,Geico,Home,Renters,57
2024-05-02,Geico,Life,Term,297
2024-05-02,Geico,Life,Whole,99
2024-05-02,StateFarm,Auto,Comprehensive,147
2024-05-02,StateFarm,Auto,Liability,106
2024-05-02,StateFarm,Home,Property,299
2024-05-02,StateFarm,Home,Renters,92
2024-05-02,StateFarm,Life,Term,130
2024-05-02,StateFarm,Life,Whole,277
2024-05-02,Allstate,Auto,Comprehensive,293
2024-05-02,Allstate,Auto,Liability,237
2024-05-02,Allstate,Home,Property,156
2024-05-02,Allstate,Home,Renters,262
2024-05-02,Allstate,Life,Term,140
2024-05-02,Allstate,Life,Whole,231
2024-05-03,Geico,Auto,Comprehensive,304
2024-05-03,Geico,Auto,Liability,80
2024-05-03,Geico,Home,Property,235
2024-05-03,Geico,Home,Renters,150
2024-05-03,Geico,Life,Term,264
2024-05-03,Geico,Life,Whole,247
2024-05-03,StateFarm,Auto,Comprehensive,280
2024-05-03,StateFarm,Auto,Liability,117
2024-05-03,StateFarm,Home,Property,156
2024-05-03,StateFarm,Home,Renters,170
2024-05-03,StateFarm,Life,Term,95
2024-05-03,StateFarm,Life,Whole,196
2024-05-03,Allstate,Auto,Comprehensive,314
2024-05-03,Allstate,Auto,Liability,303
2024-05-03,Allstate,Home,Property,93
2024-05-03,Allstate,Home,Renters,261
2024-05-03,Allstate,Life,Term,134
2024-05-03,Allstate,Life,Whole,103
2024-05-04,Geico,Auto,Comprehensive,343
2024-05-04,Geico,Auto,Liability,188
2024-05-04,Geico,Home,Property,229
2024-05-04,Geico,Home,Renters,271
2024-05-04,Geico,Life,Term,110
2024-05-04,Geico,Life,Whole,228
2024-05-04,StateFarm,Auto,Comprehensive,355
2024-05-04,StateFarm,Auto,Liability,146
2024-05-04,StateFarm,Home,Property,259
2024-05-04,StateFarm,Home,Renters,205
2024-05-04,StateFarm,Life,Term,99
2024-05-04,StateFarm,Life,Whole,79
2024-05-04,Allstate,Auto,Comprehensive,347
2024-05-04,Allstate,Auto,Liability,149
2024-05-04,Allstate,Home,Property,216
2024-05-04,Allstate,Home,Renters,246
2024-05-04,Allstate,Life,Term,203
2024-05-04,Allstate,Life,Whole,293
2024-05-05,Geico,Auto,Comprehensive,169
2024-05-05,Geico,Auto,Liability,143
2024-05-05,Geico,Home,Property,210
2024-05-05,Geico,Home,Renters,98
2024-05-05,Geico,Life,Term,52
2024-05-05,Geico,Life,Whole,95
2024-05-05,StateFarm,Auto,Comprehensive,227
2024-05-05,StateFarm,Auto,Liability,232
2024-05-05,StateFarm,Home,Property,65
2024-05-05,StateFarm,Home,Renters,141
2024-05-05,StateFarm,Life,Term,116
2024-05-05,StateFarm,Life,Whole,274
2024-05-05,Allstate,Auto,Comprehensive,271
2024-05-05,Allstate,Auto,Liability,167
2024-05-05,Allstate,Home,Property,257
2024-05-05,Allstate,Home,Renters,189
2024-05-05,Allstate,Life,Term,73
2024-05-05,Allstate,Life,Whole,71
2024-05-06,Geico,Auto,Comprehensive,324
2024-05-06,Geico,Auto,Liability,333
2024-05-06,Geico,Home,Property,65
2024-05-06,Geico,Home,Renters,176
2024-05-06,Geico,Life,Term,170
2024-05-06,Geico,Life,Whole,272
2024-05-06,StateFarm,Auto,Comprehensive,123
2024-05-06,StateFarm,Auto,Liability,256
2024-05-06,StateFarm,Home,Property,297
2024-05-06,StateFarm,Home,Renters,172
2024-05-06,StateFarm,Life,Term,292
2024-05-06,StateFarm,Life,Whole,74
2024-05-06,Allstate,Auto,Comprehensive,230
2024-05-06,Allstate,Auto,Liability,347
2024-05-06,Allstate,Home,Property,235
2024-05-06,Allstate,Home,Renters,201
2024-05-06,Allstate,Life,Term,78
2024-05-06,Allstate,Life,Whole,88
2024-05-07,Geico,Auto,Comprehensive,321
2024-05-07,Geico,Auto,Liability,149
2024-05-07,Geico,Home,Property,231
2024-05-07,Geico,Home,Renters,209
2024-05-07,Geico,Life,Term,141
2024-05-07,Geico,Life,Whole,196
2024-05-07,StateFarm,Auto,Comprehensive,284
2024-05-07,StateFarm,Auto,Liability,88
2024-05-07,StateFarm,Home,Property,156
2024-05-07,StateFarm,Home,Renters,228
2024-05-07,StateFarm,Life,Term,190
2024-05-07,StateFarm,Life,Whole,157
2024-05-07,Allstate,Auto,Comprehensive,334
2024-05-07,Allstate,Auto,Liability,168
2024-05-07,Allstate,Home,Property,160
2024-05-07,Allstate,Home,Renters,60
2024-05-07,Allstate,Life,Term,75
2024-05-07,Allstate,Life,Whole,75
2024-05-08,Geico,Auto,Comprehensive,177
2024-05-08,Geico,Auto,Liability,259
2024-05-08,Geico,Home,Property,151
2024-05-08,Geico,Home,Renters,265
2024-05-08,Geico,Life,Term,77
2024-05-08,Geico,Life,Whole,274
2024-05-08,StateFarm,Auto,Comprehensive,109
2024-05-08,StateFarm,Auto,Liability,269
2024-05-08,StateFarm,Home,Property,158
2024-05-08,StateFarm,Home,Renters,161
2024-05-08,StateFarm,Life,Term,199
2024-05-08,StateFarm,Life,Whole,170
2024-05-08,Allstate,Auto,Comprehensive,145
2024-05-08,Allstate,Auto,Liability,131
2024-05-08,Allstate,Home,Property,189
2024-05-08,Allstate,Home,Renters,153
2024-05-08,Allstate,Life,Term,52
2024-05-08,Allstate,Life,Whole,251
2024-05-09,Geico,Auto,Comprehensive,83
2024-05-09,Geico,Auto,Liability,233
2024-05-09,Geico,Home,Property,76
2024-05-09,Geico,Home,Renters,263
2024-05-09,Geico,Life,Term,236
2024-05-09,Geico,Life,Whole,59
2024-05-09,StateFarm,Auto,Comprehensive,273
2024-05-09,StateFarm,Auto,Liability,218
2024-05-09,StateFarm,Home,Property,111
2024-05-09,StateFarm,Home,Renters,79
2024-05-09,StateFarm,Life,Term,204
2024-05-09,StateFarm,Life,Whole,194
2024-05-09,Allstate,Auto,Comprehensive,165
2024-05-09,Allstate,Auto,Liability,315
2024-05-09,Allstate,Home,Property,207
2024-05-09,Allstate,Home,Renters,223
2024-05-09,Allstate,Life,Term,108
2024-05-09,Allstate,Life,Whole,147
2024-05-10,Geico,Auto,Comprehensive,129
2024-05-10,Geico,Auto,Liability,264
2024-05-10,Geico,Home,Property,279
2024-05-10,Geico,Home,Renters,65
2024-05-10,Geico,Life,Term,163
2024-05-10,Geico,Life,Whole,285
2024-05-10,StateFarm,Auto,Comprehensive,313
2024-05-10,StateFarm,Auto,Liability,109
2024-05-10,StateFarm,Home,Property,113
2024-05-10,StateFarm,Home,Renters,171
2024-05-10,StateFarm,Life,Term,255
2024-05-10,StateFarm,Life,Whole,74
2024-05-10,Allstate,Auto,Comprehensive,358
2024-05-10,Allstate,Auto,Liability,239
2024-05-10,Allstate,Home,Property,68
2024-05-10,Allstate,Home,Renters,294
2024-05-10,Allstate,Life,Term,147
2024-05-10,Allstate,Life,Whole,143
2024-05-11,Geico,Auto,Comprehensive,290
2024-05-11,Geico,Auto,Liability,244
2024-05-11,Geico,Home,Property,290
2024-05-11,Geico,Home,Renters,122
2024-05-11,Geico,Life,Term,67
2024-05-11,Geico,Life,Whole,65
2024-05-11,StateFarm,Auto,Comprehensive,153
2024-05-11,StateFarm,Auto,Liability,356
2024-05-11,StateFarm,Home,Property,263
2024-05-11,StateFarm,Home,Renters,296
2024-05-11,StateFarm,Life,Term,214
2024-05-11,StateFarm,Life,Whole,280
2024-05-11,Allstate,Auto,Comprehensive,247
2024-05-11,Allstate,Auto,Liability,173
2024-05-11,Allstate,Home,Property,127
2024-05-11,Allstate,Home,Renters,234
2024-05-11,Allstate,Life,Term,164
2024-05-11,Allstate,Life,Whole,298
2024-05-12,Geico,Auto,Comprehensive,277
2024-05-12,Geico,Auto,Liability,255
2024-05-12,Geico,Home,Property,254
2024-05-12,Geico,Home,Renters,52
2024-05-12,Geico,Life,Term,69
2024-05-12,Geico,Life,Whole,107
2024-05-12,StateFarm,Auto,Comprehensive,334
2024-05-12,StateFarm,Auto,Liability,99
2024-05-12,StateFarm,Home,Property,185
2024-05-12,StateFarm,Home,Renters,93
2024-05-12,StateFarm,Life,Term,212
2024-05-12,StateFarm,Life,Whole,127
2024-05-12,Allstate,Auto,Comprehensive,244
2024-05-12,Allstate,Auto,Liability,185
2024-05-12,Allstate,Home,Property,176
2024-05-12,Allstate,Home,Renters,95
2024-05-12,Allstate,Life,Term,175
2024-05-12,Allstate,Life,Whole,240
2024-05-13,Geico,Auto,Comprehensive,319
2024-05-13,Geico,Auto,Liability,231
2024-05-13,Geico,Home,Property,181
2024-05-13,Geico,Home,Renters,187
2024-05-13,Geico,Life,Term,217
2024-05-13,Geico,Life,Whole,102
2024-05-13,StateFarm,Auto,Comprehensive,213
2024-05-13,StateFarm,Auto,Liability,349
2024-05-13,StateFarm,Home,Property,78
2024-05-13,StateFarm,Home,Renters,109
2024-05-13,StateFarm,Life,Term,254
2024-05-13,StateFarm,Life,Whole,260
2024-05-13,Allstate,Auto,Comprehensive,362
2024-05-13,Allstate,Auto,Liability,225
2024-05-13,Allstate,Home,Property,140
2024-05-13,Allstate,Home,Renters,119
2024-05-13,Allstate,Life,Term,52
2024-05-13,Allstate,Life,Whole,218
2024-05-14,Geico,Auto,Comprehensive,204
2024-05-14,Geico,Auto,Liability,147
2024-05-14,Geico,Home,Property,70
2024-05-14,Geico,Home,Renters,252
2024-05-14,Geico,Life,Term,106
2024-05-14,Geico,Life,Whole,72
2024-05-14,StateFarm,Auto,Comprehensive,144
2024-05-14,StateFarm,Auto,Liability,101
2024-05-14,StateFarm,Home,Property,180
2024-05-14,StateFarm,Home,Renters,113
2024-05-14,StateFarm,Life,Term,258
2024-05-14,StateFarm,Life,Whole,64
2024-05-14,Allstate,Auto,Comprehensive,115
2024-05-14,Allstate,Auto,Liability,252
2024-05-14,Allstate,Home,Property,235
2024-05-14,Allstate,Home,Renters,204
2024-05-14,Allstate,Life,Term,101
2024-05-14,Allstate,Life,Whole,233
2024-05-15,Geico,Auto,Comprehensive,110
2024-05-15,Geico,Auto,Liability,190
2024-05-15,Geico,Home,Property,206
2024-05-15,Geico,Home,Renters,58
2024-05-15,Geico,Life,Term,103
2024-05-15,Geico,Life,Whole,276
2024-05-15,StateFarm,Auto,Comprehensive,239
2024-05-15,StateFarm,Auto,Liability,138
2024-05-15,StateFarm,Home,Property,139
2024-05-15,StateFarm,Home,Renters,97
2024-05-15,StateFarm,Life,Term,218
2024-05-15,StateFarm,Life,Whole,141
2024-05-15,Allstate,Auto,Comprehensive,159
2024-05-15,Allstate,Auto,Liability,312
2024-05-15,Allstate,Home,Property,132
2024-05-15,Allstate,Home,Renters,120
2024-05-15,Allstate,Life,Term,235
2024-05-15,Allstate,Life,Whole,194
2024-05-16,Geico,Auto,Comprehensive,174
2024-05-16,Geico,Auto,Liability,209
2024-05-16,Geico,Home,Property,291
2024-05-16,Geico,Home,Renters,156
2024-05-16,Geico,Life,Term,133
2024-05-16,Geico,Life,Whole,104
2024-05-16,StateFarm,Auto,Comprehensive,106
2024-05-16,StateFarm,Auto,Liability,181
2024-05-16,StateFarm,Home,Property,237
2024-05-16,StateFarm,Home,Renters,268
2024-05-16,StateFarm,Life,Term,152
2024-05-16,StateFarm,Life,Whole,63
2024-05-16,Allstate,Auto,Comprehensive,103
2024-05-16,Allstate,Auto,Liability,149
2024-05-16,Allstate,Home,Property,188
2024-05-16,Allstate,Home,Renters,284
2024-05-16,Allstate,Life,Term,240
2024-05-16,Allstate,Life,Whole,115
2024-05-17,Geico,Auto,Comprehensive,343
2024-05-17,Geico,Auto,Liability,134
2024-05-17,Geico,Home,Property,255
2024-05-17,Geico,Home,Renters,84
2024-05-17,Geico,Life,Term,193
2024-05-17,Geico,Life,Whole,126
2024-05-17,StateFarm,Auto,Comprehensive,247
2024-05-17,StateFarm,Auto,Liability,236
2024-05-17,StateFarm,Home,Property,107
2024-05-17,StateFarm,Home,Renters,66
2024-05-17,StateFarm,Life,Term,111
2024-05-17,StateFarm,Life,Whole,72
2024-05-17,Allstate,Auto,Comprehensive,330
2024-05-17,Allstate,Auto,Liability,262
2024-05-17,Allstate,Home,Property,274
2024-05-17,Allstate,Home,Renters,85
2024-05-17,Allstate,Life,Term,168
2024-05-17,Allstate,Life,Whole,280
2024-05-18,Geico,Auto,Comprehensive,335
2024-05-18,Geico,Auto,Liability,203
2024-05-18,Geico,Home,Property,191
2024-05-18,Geico,Home,Renters,249
2024-05-18,Geico,Life,Term,76
2024-05-18,Geico,Life,Whole,52
2024-05-18,StateFarm,Auto,Comprehensive,169
2024-05-18,StateFarm,Auto,Liability,151
2024-05-18,StateFarm,Home,Property,148
2024-05-18,StateFarm,Home,Renters,191
2024-05-18,StateFarm,Life,Term,136
2024-05-18,StateFarm,Life,Whole,223
2024-05-18,Allstate,Auto,Comprehensive,246
2024-05-18,Allstate,Auto,Liability,123
2024-05-18,Allstate,Home,Property,150
2024-05-18,Allstate,Home,Renters,201
2024-05-18,Allstate,Life,Term,276
2024-05-18,Allstate,Life,Whole,203
2024-05-19,Geico,Auto,Comprehensive,210
2024-05-19,Geico,Auto,Liability,159
2024-05-19,Geico,Home,Property,120
2024-05-19,Geico,Home,Renters,87
2024-05-19,Geico,Life,Term,59
2024-05-19,Geico,Life,Whole,227
2024-05-19,StateFarm,Auto,Comprehensive,217
2024-05-19,StateFarm,Auto,Liability,315
2024-05-19,StateFarm,Home,Property,233
2024-05-19,StateFarm,Home,Renters,59
2024-05-19,StateFarm,Life,Term,234
2024-05-19,StateFarm,Life,Whole,93
2024-05-19,Allstate,Auto,Comprehensive,360
2024-05-19,Allstate,Auto,Liability,326
2024-05-19,Allstate,Home,Property,52
2024-05-19,Allstate,Home,Renters,263
2024-05-19,Allstate,Life,Term,89
2024-05-19,Allstate,Life,Whole,87
2024-05-20,Geico,Auto,Comprehensive,242
2024-05-20,Geico,Auto,Liability,156
2024-05-20,Geico,Home,Property,134
2024-05-20,Geico,Home,Renters,137
2024-05-20,Geico,Life,Term,281
2024-05-20,Geico,Life,Whole,106
2024-05-20,StateFarm,Auto,Comprehensive,128
2024-05-20,StateFarm,Auto,Liability,359
2024-05-20,StateFarm,Home,Property,240
2024-05-20,StateFarm,Home,Renters,51
2024-05-20,StateFarm,Life,Term,288
2024-05-20,StateFarm,Life,Whole,72
2024-05-20,Allstate,Auto,Comprehensive,173
2024-05-20,Allstate,Auto,Liability,232
2024-05-20,Allstate,Home,Property,104
2024-05-20,Allstate,Home,Renters,157
2024-05-20,Allstate,Life,Term,160
2024-05-20,Allstate,Life,Whole,99
2024-05-21,Geico,Auto,Comprehensive,293
2024-05-21,Geico,Auto,Liability,283
2024-05-21,Geico,Home,Property,197
2024-05-21,Geico,Home,Renters,180
2024-05-21,Geico,Life,Term,110
2024-05-21,Geico,Life,Whole,123
2024-05-21,StateFarm,Auto,Comprehensive,187
2024-05-21,StateFarm,Auto,Liability,212
2024-05-21,StateFarm,Home,Property,196
2024-05-21,StateFarm,Home,Renters,236
2024-05-21,StateFarm,Life,Term,259
2024-05-21,StateFarm,Life,Whole,248
2024-05-21,Allstate,Auto,Comprehensive,235
2024-05-21,Allstate,Auto,Liability,355
2024-05-21,Allstate,Home,Property,248
2024-05-21,Allstate,Home,Renters,216
2024-05-21,Allstate,Life,Term,185
2024-05-21,Allstate,Life,Whole,253
2024-05-22,Geico,Auto,Comprehensive,107
2024-05-22,Geico,Auto,Liability,255
2024-05-22,Geico,Home,Property,118
2024-05-22,Geico,Home,Renters,201
2024-05-22,Geico,Life,Term,267
2024-05-22,Geico,Life,Whole,106
2024-05-22,StateFarm,Auto,Comprehensive,318
2024-05-22,StateFarm,Auto,Liability,190
2024-05-22,StateFarm,Home,Property,153
2024-05-22,StateFarm,Home,Renters,188
2024-05-22,StateFarm,Life,Term,299
2024-05-22,StateFarm,Life,Whole,222
2024-05-22,Allstate,Auto,Comprehensive,253
2024-05-22,Allstate,Auto,Liability,202
2024-05-22,Allstate,Home,Property,65
2024-05-22,Allstate,Home,Renters,255
2024-05-22,Allstate,Life,Term,78
2024-05-22,Allstate,Life,Whole,78
2024-05-23,Geico,Auto,Comprehensive,259
2024-05-23,Geico,Auto,Liability,208
2024-05-23,Geico,Home,Property,246
2024-05-23,Geico,Home,Renters,196
2024-05-23,Geico,Life,Term,263
2024-05-23,Geico,Life,Whole,158
2024-05-23,StateFarm,Auto,Comprehensive,225
2024-05-23,StateFarm,Auto,Liability,140
2024-05-23,StateFarm,Home,Property,149
2024-05-23,StateFarm,Home,Renters,267
2024-05-23,StateFarm,Life,Term,289
2024-05-23,StateFarm,Life,Whole,216
2024-05-23,Allstate,Auto,Comprehensive,140
2024-05-23,Allstate,Auto,Liability,308
2024-05-23,Allstate,Home,Property,94
2024-05-23,Allstate,Home,Renters,110
2024-05-23,Allstate,Life,Term,204
2024-05-23,Allstate,Life,Whole,174
2024-05-24,Geico,Auto,Comprehensive,194
2024-05-24,Geico,Auto,Liability,170
2024-05-24,Geico,Home,Property,81
2024-05-24,Geico,Home,Renters,268
2024-05-24,Geico,Life,Term,53
2024-05-24,Geico,Life,Whole,184
2024-05-24,StateFarm,Auto,Comprehensive,76
2024-05-24,StateFarm,Auto,Liability,239
2024-05-24,StateFarm,Home,Property,115
2024-05-24,StateFarm,Home,Renters,162
2024-05-24,StateFarm,Life,Term,199
2024-05-24,StateFarm,Life,Whole,95
2024-05-24,Allstate,Auto,Comprehensive,337
2024-05-24,Allstate,Auto,Liability,129
2024-05-24,Allstate,Home,Property,120
2024-05-24,Allstate,Home,Renters,143
2024-05-24,Allstate,Life,Term,275
2024-05-24,Allstate,Life,Whole,59
2024-05-25,Geico,Auto,Comprehensive,163
2024-05-25,Geico,Auto,Liability,322
2024-05-25,Geico,Home,Property,210
2024-05-25,Geico,Home,Renters,264
2024-05-25,Geico,Life,Term,219
2024-05-25,Geico,Life,Whole,297
2024-05-25,StateFarm,Auto,Comprehensive,156
2024-05-25,StateFarm,Auto,Liability,152
2024-05-25,StateFarm,Home,Property,53
2024-05-25,StateFarm,Home,Renters,160
2024-05-25,StateFarm,Life,Term,118
2024-05-25,StateFarm,Life,Whole,192
2024-05-25,Allstate,Auto,Comprehensive,304
2024-05-25,Allstate,Auto,Liability,204
2024-05-25,Allstate,Home,Property,229
2024-05-25,Allstate,Home,Renters,187
2024-05-25,Allstate,Life,Term,79
2024-05-25,Allstate,Life,Whole,97
2024-05-26,Geico,Auto,Comprehensive,208
2024-05-26,Geico,Auto,Liability,83
2024-05-26,Geico,Home,Property,107
2024-05-26,Geico,Home,Renters,274
2024-05-26,Geico,Life,Term,191
2024-05-26,Geico,Life,Whole,218
2024-05-26,StateFarm,Auto,Comprehensive,339
2024-05-26,StateFarm,Auto,Liability,219
2024-05-26,StateFarm,Home,Property,128
2024-05-26,StateFarm,Home,Renters,151
2024-05-26,StateFarm,Life,Term,158
2024-05-26,StateFarm,Life,Whole,169
2024-05-26,Allstate,Auto,Comprehensive,145
2024-05-26,Allstate,Auto,Liability,320
2024-05-26,Allstate,Home,Property,149
2024-05-26,Allstate,Home,Renters,101
2024-05-26,Allstate,Life,Term,151
2024-05-26,Allstate,Life,Whole,283
2024-05-27,Geico,Auto,Comprehensive,271
2024-05-27,Geico,Auto,Liability,345
2024-05-27,Geico,Home,Property,149
2024-05-27,Geico,Home,Renters,270
2024-05-27,Geico,Life,Term,223
2024-05-27,Geico,Life,Whole,282
2024-05-27,StateFarm,Auto,Comprehensive,165
2024-05-27,StateFarm,Auto,Liability,242
2024-05-27,StateFarm,Home,Property,208
2024-05-27,StateFarm,Home,Renters,293
2024-05-27,StateFarm,Life,Term,243
2024-05-27,StateFarm,Life,Whole,69
2024-05-27,Allstate,Auto,Comprehensive,124
2024-05-27,Allstate,Auto,Liability,88
2024-05-27,Allstate,Home,Property,64
2024-05-27,Allstate,Home,Renters,272
2024-05-27,Allstate,Life,Term,194
2024-05-27,Allstate,Life,Whole,114
2024-05-28,Geico,Auto,Comprehensive,135
2024-05-28,Geico,Auto,Liability,312
2024-05-28,Geico,Home,Property,232
2024-05-28,Geico,Home,Renters,279
2024-05-28,Geico,Life,Term,106
2024-05-28,Geico,Life,Whole,100
2024-05-28,StateFarm,Auto,Comprehensive,163
2024-05-28,StateFarm,Auto,Liability,182
2024-05-28,StateFarm,Home,Property,180
2024-05-28,StateFarm,Home,Renters,154
2024-05-28,StateFarm,Life,Term,129
2024-05-28,StateFarm,Life,Whole,243
2024-05-28,Allstate,Auto,Comprehensive,336
2024-05-28,Allstate,Auto,Liability,285
2024-05-28,Allstate,Home,Property,96
2024-05-28,Allstate,Home,Renters,204
2024-05-28,Allstate,Life,Term,234
2024-05-28,Allstate,Life,Whole,130
2024-05-29,Geico,Auto,Comprehensive,320
2024-05-29,Geico,Auto,Liability,295
2024-05-29,Geico,Home,Property,229
2024-05-29,Geico,Home,Renters,71
2024-05-29,Geico,Life,Term,240
2024-05-29,Geico,Life,Whole,75
2024-05-29,StateFarm,Auto,Comprehensive,229
2024-05-29,StateFarm,Auto,Liability,303
2024-05-29,StateFarm,Home,Property,182
2024-05-29,StateFarm,Home,Renters,258
2024-05-29,StateFarm,Life,Term,257
2024-05-29,StateFarm,Life,Whole,292
2024-05-29,Allstate,Auto,Comprehensive,212
2024-05-29,Allstate,Auto,Liability,128
2024-05-29,Allstate,Home,Property,228
2024-05-29,Allstate,Home,Renters,259
2024-05-29,Allstate,Life,Term,264
2024-05-29,Allstate,Life,Whole,288
2024-05-30,Geico,Auto,Comprehensive,94
2024-05-30,Geico,Auto,Liability,244
2024-05-30,Geico,Home,Property,96
2024-05-30,Geico,Home,Renters,294
2024-05-30,Geico,Life,Term,273
2024-05-30,Geico,Life,Whole,204
2024-05-30,StateFarm,Auto,Comprehensive,165
2024-05-30,StateFarm,Auto,Liability,162
2024-05-30,StateFarm,Home,Property,254
2024-05-30,StateFarm,Home,Renters,178
2024-05-30,StateFarm,Life,Term,217
2024-05-30,StateFarm,Life,Whole,199
2024-05-30,Allstate,Auto,Comprehensive,295
2024-05-30,Allstate,Auto,Liability,277
2024-05-30,Allstate,Home,Property,260
2024-05-30,Allstate,Home,Renters,294
2024-05-30,Allstate,Life,Term,201
2024-05-30,Allstate,Life,Whole,215
2024-05-31,Geico,Auto,Comprehensive,299
2024-05-31,Geico,Auto,Liability,358
2024-05-31,Geico,Home,Property,147
2024-05-31,Geico,Home,Renters,131
2024-05-31,Geico,Life,Term,92
2024-05-31,Geico,Life,Whole,247
2024-05-31,StateFarm,Auto,Comprehensive,234
2024-05-31,StateFarm,Auto,Liability,155
2024-05-31,StateFarm,Home,Property,106
2024-05-31,StateFarm,Home,Renters,217
2024-05-31,StateFarm,Life,Term,230
2024-05-31,StateFarm,Life,Whole,163
2024-05-31,Allstate,Auto,Comprehensive,91
2024-05-31,Allstate,Auto,Liability,231
2024-05-31,Allstate,Home,Property,140
2024-05-31,Allstate,Home,Renters,290
2024-05-31,Allstate,Life,Term,146
2024-05-31,Allstate,Life,Whole,101
2024-06-01,Geico,Auto,Comprehensive,263
2024-06-01,Geico,Auto,Liability,287
2024-06-01,Geico,Home,Property,83
2024-06-01,Geico,Home,Renters,111
2024-06-01,Geico,Life,Term,252
2024-06-01,Geico,Life,Whole,56
2024-06-01,StateFarm,Auto,Comprehensive,354
2024-06-01,StateFarm,Auto,Liability,209
2024-06-01,StateFarm,Home,Property,178
2024-06-01,StateFarm,Home,Renters,228
2024-06-01,StateFarm,Life,Term,201
2024-06-01,StateFarm,Life,Whole,150
2024-06-01,Allstate,Auto,Comprehensive,308
2024-06-01,Allstate,Auto,Liability,293
2024-06-01,Allstate,Home,Property,147
2024-06-01,Allstate,Home,Renters,258
2024-06-01,Allstate,Life,Term,152
2024-06-01,Allstate,Life,Whole,261
2024-06-02,Geico,Auto,Comprehensive,276
2024-06-02,Geico,Auto,Liability,362
2024-06-02,Geico,Home,Property,92
2024-06-02,Geico,Home,Renters,277
2024-06-02,Geico,Life,Term,212
2024-06-02,Geico,Life,Whole,158
2024-06-02,StateFarm,Auto,Comprehensive,339
2024-06-02,StateFarm,Auto,Liability,109
2024-06-02,StateFarm,Home,Property,196
2024-06-02,StateFarm,Home,Renters,81
2024-06-02,StateFarm,Life,Term,209
2024-06-02,StateFarm,Life,Whole,110
2024-06-02,Allstate,Auto,Comprehensive,143
2024-06-02,Allstate,Auto,Liability,132
2024-06-02,Allstate,Home,Property,83
2024-06-02,Allstate,Home,Renters,145
2024-06-02,Allstate,Life,Term,179
2024-06-02,Allstate,Life,Whole,152
2024-06-03,Geico,Auto,Comprehensive,123
2024-06-03,Geico,Auto,Liability,141
2024-06-03,Geico,Home,Property,113
2024-06-03,Geico,Home,Renters,276
2024-06-03,Geico,Life,Term,281
2024-06-03,Geico,Life,Whole,73
2024-06-03,StateFarm,Auto,Comprehensive,323
2024-06-03,StateFarm,Auto,Liability,140
2024-06-03,StateFarm,Home,Property,51
2024-06-03,StateFarm,Home,Renters,100
2024-06-03,StateFarm,Life,Term,108
2024-06-03,StateFarm,Life,Whole,232
2024-06-03,Allstate,Auto,Comprehensive,327
2024-06-03,Allstate,Auto,Liability,198
2024-06-03,Allstate,Home,Property,115
2024-06-03,Allstate,Home,Renters,212
2024-06-03,Allstate,Life,Term,84
2024-06-03,Allstate,Life,Whole,238
2024-06-04,Geico,Auto,Comprehensive,366
2024-06-04,Geico,Auto,Liability,222
2024-06-04,Geico,Home,Property,148
2024-06-04,Geico,Home,Renters,92
2024-06-04,Geico,Life,Term,97
2024-06-04,Geico,Life,Whole,196
2024-06-04,StateFarm,Auto,Comprehensive,193
2024-06-04,StateFarm,Auto,Liability,229
2024-06-04,StateFarm,Home,Property,111
2024-06-04,StateFarm,Home,Renters,271
2024-06-04,StateFarm,Life,Term,247
2024-06-04,StateFarm,Life,Whole,156
2024-06-04,Allstate,Auto,Comprehensive,198
2024-06-04,Allstate,Auto,Liability,220
2024-06-04,Allstate,Home,Property,225
2024-06-04,Allstate,Home,Renters,186
2024-06-04,Allstate,Life,Term,201
2024-06-04,Allstate,Life,Whole,57
2024-06-05,Geico,Auto,Comprehensive,148
2024-06-05,Geico,Auto,Liability,232
2024-06-05,Geico,Home,Property,78
2024-06-05,Geico,Home,Renters,96
2024-06-05,Geico,Life,Term,240
2024-06-05,Geico,Life,Whole,124
2024-06-05,StateFarm,Auto,Comprehensive,180
2024-06-05,StateFarm,Auto,Liability,124
2024-06-05,StateFarm,Home,Property,88
2024-06-05,StateFarm,Home,Renters,118
2024-06-05,StateFarm,Life,Term,174
2024-06-05,StateFarm,Life,Whole,203
2024-06-05,Allstate,Auto,Comprehensive,252
2024-06-05,Allstate,Auto,Liability,300
2024-06-05,Allstate,Home,Property,126
2024-06-05,Allstate,Home,Renters,263
2024-06-05,Allstate,Life,Term,67
2024-06-05,Allstate,Life,Whole,283
2024-06-06,Geico,Auto,Comprehensive,211
2024-06-06,Geico,Auto,Liability,235
2024-06-06,Geico,Home,Property,279
2024-06-06,Geico,Home,Renters,254
2024-06-06,Geico,Life,Term,242
2024-06-06,Geico,Life,Whole,114
2024-06-06,StateFarm,Auto,Comprehensive,298
2024-06-06,StateFarm,Auto,Liability,259
2024-06-06,StateFarm,Home,Property,236
2024-06-06,StateFarm,Home,Renters,280
2024-06-06,StateFarm,Life,Term,254
2024-06-06,StateFarm,Life,Whole,168
2024-06-06,Allstate,Auto,Comprehensive,213
2024-06-06,Allstate,Auto,Liability,249
2024-06-06,Allstate,Home,Property,98
2024-06-06,Allstate,Home,Renters,245
2024-06-06,Allstate,Life,Term,52
2024-06-06,Allstate,Life,Whole,132
2024-06-07,Geico,Auto,Comprehensive,289
2024-06-07,Geico,Auto,Liability,264
2024-06-07,Geico,Home,Property,256
2024-06-07,Geico,Home,Renters,291
2024-06-07,Geico,Life,Term,122
2024-06-07,Geico,Life,Whole,271
2024-06-07,StateFarm,Auto,Comprehensive,280
2024-06-07,StateFarm,Auto,Liability,283
2024-06-07,StateFarm,Home,Property,291
2024-06-07,StateFarm,Home,Renters,122
2024-06-07,StateFarm,Life,Term,146
2024-06-07,StateFarm,Life,Whole,141
2024-06-07,Allstate,Auto,Comprehensive,172
2024-06-07,Allstate,Auto,Liability,219
2024-06-07,Allstate,Home,Property,186
2024-06-07,Allstate,Home,Renters,185
2024-06-07,Allstate,Life,Term,179
2024-06-07,Allstate,Life,Whole,241
2024-06-08,Geico,Auto,Comprehensive,316
2024-06-08,Geico,Auto,Liability,246
2024-06-08,Geico,Home,Property,234
2024-06-08,Geico,Home,Renters,103
2024-06-08,Geico,Life,Term,105
2024-06-08,Geico,Life,Whole,233
2024-06-08,StateFarm,Auto,Comprehensive,180
2024-06-08,StateFarm,Auto,Liability,257
2024-06-08,StateFarm,Home,Property,112
2024-06-08,StateFarm,Home,Renters,243
2024-06-08,StateFarm,Life,Term,84
2024-06-08,StateFarm,Life,Whole,125
2024-06-08,Allstate,Auto,Comprehensive,138
2024-06-08,Allstate,Auto,Liability,122
2024-06-08,Allstate,Home,Property,98
2024-06-08,Allstate,Home,Renters,285
2024-06-08,Allstate,Life,Term,295
2024-06-08,Allstate,Life,Whole,139
2024-06-09,Geico,Auto,Comprehensive,188
2024-06-09,Geico,Auto,Liability,268
2024-06-09,Geico,Home,Property,62
2024-06-09,Geico,Home,Renters,249
2024-06-09,Geico,Life,Term,128
2024-06-09,Geico,Life,Whole,149
2024-06-09,StateFarm,Auto,Comprehensive,284
2024-06-09,StateFarm,Auto,Liability,152
2024-06-09,StateFarm,Home,Property,163
2024-06-09,StateFarm,Home,Renters,225
2024-06-09,StateFarm,Life,Term,55
2024-06-09,StateFarm,Life,Whole,121
2024-06-09,Allstate,Auto,Comprehensive,127
2024-06-09,Allstate,Auto,Liability,128
2024-06-09,Allstate,Home,Property,165
2024-06-09,Allstate,Home,Renters,299
2024-06-09,Allstate,Life,Term,296
2024-06-09,Allstate,Life,Whole,58
2024-06-10,Geico,Auto,Comprehensive,371
2024-06-10,Geico,Auto,Liability,180
2024-06-10,Geico,Home,Property,213
2024-06-10,Geico,Home,Renters,85
2024-06-10,Geico,Life,Term,187
2024-06-10,Geico,Life,Whole,177
2024-06-10,StateFarm,Auto,Comprehensive,141
2024-06-10,StateFarm,Auto,Liability,125
2024-06-10,StateFarm,Home,Property,112
2024-06-10,StateFarm,Home,Renters,245
2024-06-10,StateFarm,Life,Term,105
2024-06-10,StateFarm,Life,Whole,254
2024-06-10,Allstate,Auto,Comprehensive,264
2024-06-10,Allstate,Auto,Liability,228
2024-06-10,Allstate,Home,Property,222
2024-06-10,Allstate,Home,Renters,164
2024-06-10,Allstate,Life,Term,239
2024-06-10,Allstate,Life,Whole,180
2024-06-11,Geico,Auto,Comprehensive,284
2024-06-11,Geico,Auto,Liability,135
2024-06-11,Geico,Home,Property,193
2024-06-11,Geico,Home,Renters,158
2024-06-11,Geico,Life,Term,134
2024-06-11,Geico,Life,Whole,241
2024-06-11,StateFarm,Auto,Comprehensive,271
2024-06-11,StateFarm,Auto,Liability,192
2024-06-11,StateFarm,Home,Property,226
2024-06-11,StateFarm,Home,Renters,276
2024-06-11,StateFarm,Life,Term,266
2024-06-11,StateFarm,Life,Whole,93
2024-06-11,Allstate,Auto,Comprehensive,304
2024-06-11,Allstate,Auto,Liability,303
2024-06-11,Allstate,Home,Property,135
2024-06-11,Allstate,Home,Renters,224
2024-06-11,Allstate,Life,Term,63
2024-06-11,Allstate,Life,Whole,201
2024-06-12,Geico,Auto,Comprehensive,189
2024-06-12,Geico,Auto,Liability,186
2024-06-12,Geico,Home,Property,194
2024-06-12,Geico,Home,Renters,67
2024-06-12,Geico,Life,Term,279
2024-06-12,Geico,Life,Whole,56
2024-06-12,StateFarm,Auto,Comprehensive,276
2024-06-12,StateFarm,Auto,Liability,280
2024-06-12,StateFarm,Home,Property,87
2024-06-12,StateFarm,Home,Renters,273
2024-06-12,StateFarm,Life,Term,55
2024-06-12,StateFarm,Life,Whole,289
2024-06-12,Allstate,Auto,Comprehensive,192
2024-06-12,Allstate,Auto,Liability,155
2024-06-12,Allstate,Home,Property,183
2024-06-12,Allstate,Home,Renters,266
2024-06-12,Allstate,Life,Term,152
2024-06-12,Allstate,Life,Whole,194
2024-06-13,Geico,Auto,Comprehensive,236
2024-06-13,Geico,Auto,Liability,124
2024-06-13,Geico,Home,Property,189
2024-06-13,Geico,Home,Renters,202
2024-06-13,Geico,Life,Term,110
2024-06-13,Geico,Life,Whole,272
2024-06-13,StateFarm,Auto,Comprehensive,125
2024-06-13,StateFarm,Auto,Liability,236
2024-06-13,StateFarm,Home,Property,115
2024-06-13,StateFarm,Home,Renters,204
2024-06-13,StateFarm,Life,Term,148
2024-06-13,StateFarm,Life,Whole,227
2024-06-13,Allstate,Auto,Comprehensive,227
2024-06-13,Allstate,Auto,Liability,260
2024-06-13,Allstate,Home,Property,260
2024-06-13,Allstate,Home,Renters,213
2024-06-13,Allstate,Life,Term,239
2024-06-13,Allstate,Life,Whole,159
2024-06-14,Geico,Auto,Comprehensive,271
2024-06-14,Geico,Auto,Liability,242
2024-06-14,Geico,Home,Property,112
2024-06-14,Geico,Home,Renters,197
2024-06-14,Geico,Life,Term,235
2024-06-14,Geico,Life,Whole,224
2024-06-14,StateFarm,Auto,Comprehensive,252
2024-06-14,StateFarm,Auto,Liability,223
2024-06-14,StateFarm,Home,Property,131
2024-06-14,StateFarm,Home,Renters,80
2024-06-14,StateFarm,Life,Term,97
2024-06-14,StateFarm,Life,Whole,274
2024-06-14,Allstate,Auto,Comprehensive,106
2024-06-14,Allstate,Auto,Liability,314
2024-06-14,Allstate,Home,Property,139
2024-06-14,Allstate,Home,Renters,141
2024-06-14,Allstate,Life,Term,216
2024-06-14,Allstate,Life,Whole,92
2024-06-15,Geico,Auto,Comprehensive,276
2024-06-15,Geico,Auto,Liability,105
2024-06-15,Geico,Home,Property,102
2024-06-15,Geico,Home,Renters,234
2024-06-15,Geico,Life,Term,143
2024-06-15,Geico,Life,Whole,86
2024-06-15,StateFarm,Auto,Comprehensive,220
2024-06-15,StateFarm,Auto,Liability,139
2024-06-15,StateFarm,Home,Property,239
2024-06-15,StateFarm,Home,Renters,84
2024-06-15,StateFarm,Life,Term,253
2024-06-15,StateFarm,Life,Whole,204
2024-06-15,Allstate,Auto,Comprehensive,259
2024-06-15,Allstate,Auto,Liability,215
2024-06-15,Allstate,Home,Property,145
2024-06-15,Allstate,Home,Renters,213
2024-06-15,Allstate,Life,Term,99
2024-06-15,Allstate,Life,Whole,64
2024-06-16,Geico,Auto,Comprehensive,321
2024-06-16,Geico,Auto,Liability,138
2024-06-16,Geico,Home,Property,205
2024-06-16,Geico,Home,Renters,258
2024-06-16,Geico,Life,Term,179
2024-06-16,Geico,Life,Whole,273
2024-06-16,StateFarm,Auto,Comprehensive,126
2024-06-16,StateFarm,Auto,Liability,105
2024-06-16,StateFarm,Home,Property,238
2024-06-16,StateFarm,Home,Renters,122
2024-06-16,StateFarm,Life,Term,278
2024-06-16,StateFarm,Life,Whole,264
2024-06-16,Allstate,Auto,Comprehensive,280
2024-06-16,Allstate,Auto,Liability,254
2024-06-16,Allstate,Home,Property,200
2024-06-16,Allstate,Home,Renters,262
2024-06-16,Allstate,Life,Term,108
2024-06-16,Allstate,Life,Whole,265
2024-06-17,Geico,Auto,Comprehensive,231
2024-06-17,Geico,Auto,Liability,143
2024-06-17,Geico,Home,Property,168
2024-06-17,Geico,Home,Renters,286
2024-06-17,Geico,Life,Term,257
2024-06-17,Geico,Life,Whole,208
2024-06-17,StateFarm,Auto,Comprehensive,111
2024-06-17,StateFarm,Auto,Liability,225
2024-06-17,StateFarm,Home,Property,287
2024-06-17,StateFarm,Home,Renters,265
2024-06-17,StateFarm,Life,Term,231
2024-06-17,StateFarm,Life,Whole,278
2024-06-17,Allstate,Auto,Comprehensive,239
2024-06-17,Allstate,Auto,Liability,89
2024-06-17,Allstate,Home,Property,154
2024-06-17,Allstate,Home,Renters,104
2024-06-17,Allstate,Life,Term,238
2024-06-17,Allstate,Life,Whole,182
2024-06-18,Geico,Auto,Comprehensive,323
2024-06-18,Geico,Auto,Liability,354
2024-06-18,Geico,Home,Property,199
2024-06-18,Geico,Home,Renters,224
2024-06-18,Geico,Life,Term,216
2024-06-18,Geico,Life,Whole,237
2024-06-18,StateFarm,Auto,Comprehensive,195
2024-06-18,StateFarm,Auto,Liability,319
2024-06-18,StateFarm,Home,Property,195
2024-06-18,StateFarm,Home,Renters,210
2024-06-18,StateFarm,Life,Term,176
2024-06-18,StateFarm,Life,Whole,220
2024-06-18,Allstate,Auto,Comprehensive,262
2024-06-18,Allstate,Auto,Liability,191
2024-06-18,Allstate,Home,Property,222
2024-06-18,Allstate,Home,Renters,147
2024-06-18,Allstate,Life,Term,123
2024-06-18,Allstate,Life,Whole,176
2024-06-19,Geico,Auto,Comprehensive,311
2024-06-19,Geico,Auto,Liability,128
2024-06-19,Geico,Home,Property,94
2024-06-19,Geico,Home,Renters,54
2024-06-19,Geico,Life,Term,200
2024-06-19,Geico,Life,Whole,60
2024-06-19,StateFarm,Auto,Comprehensive,209
2024-06-19,StateFarm,Auto,Liability,228
2024-06-19,StateFarm,Home,Property,224
2024-06-19,StateFarm,Home,Renters,141
2024-06-19,StateFarm,Life,Term,216
2024-06-19,StateFarm,Life,Whole,253
2024-06-19,Allstate,Auto,Comprehensive,83
2024-06-19,Allstate,Auto,Liability,285
2024-06-19,Allstate,Home,Property,172
2024-06-19,Allstate,Home,Renters,213
2024-06-19,Allstate,Life,Term,95
2024-06-19,Allstate,Life,Whole,267
2024-06-20,Geico,Auto,Comprehensive,358
2024-06-20,Geico,Auto,Liability,230
2024-06-20,Geico,Home,Property,268
2024-06-20,Geico,Home,Renters,82
2024-06-20,Geico,Life,Term,218
2024-06-20,Geico,Life,Whole,273
2024-06-20,StateFarm,Auto,Comprehensive,194
2024-06-20,StateFarm,Auto,Liability,268
2024-06-20,StateFarm,Home,Property,246
2024-06-20,StateFarm,Home,Renters,161
2024-06-20,StateFarm,Life,Term,211
2024-06-20,StateFarm,Life,Whole,71
2024-06-20,Allstate,Auto,Comprehensive,157
2024-06-20,Allstate,Auto,Liability,235
2024-06-20,Allstate,Home,Property,118
2024-06-20,Allstate,Home,Renters,209
2024-06-20,Allstate,Life,Term,143
2024-06-20,Allstate,Life,Whole,61
2024-06-21,Geico,Auto,Comprehensive,216
2024-06-21,Geico,Auto,Liability,161
2024-06-21,Geico,Home,Property,250
2024-06-21,Geico,Home,Renters,224
2024-06-21,Geico,Life,Term,144
2024-06-21,Geico,Life,Whole,77
2024-06-21,StateFarm,Auto,Comprehensive,152
2024-06-21,StateFarm,Auto,Liability,129
2024-06-21,StateFarm,Home,Property,50
2024-06-21,StateFarm,Home,Renters,285
2024-06-21,StateFarm,Life,Term,153
2024-06-21,StateFarm,Life,Whole,59
2024-06-21,Allstate,Auto,Comprehensive,183
2024-06-21,Allstate,Auto,Liability,352
2024-06-21,Allstate,Home,Property,187
2024-06-21,Allstate,Home,Renters,173
2024-06-21,Allstate,Life,Term,257
2024-06-21,Allstate,Life,Whole,131
2024-06-22,Geico,Auto,Comprehensive,267
2024-06-22,Geico,Auto,Liability,283
2024-06-22,Geico,Home,Property,264
2024-06-22,Geico,Home,Renters,64
2024-06-22,Geico,Life,Term,168
2024-06-22,Geico,Life,Whole,55
2024-06-22,StateFarm,Auto,Comprehensive,314
2024-06-22,StateFarm,Auto,Liability,200
2024-06-22,StateFarm,Home,Property,69
2024-06-22,StateFarm,Home,Renters,161
2024-06-22,StateFarm,Life,Term,261
2024-06-22,StateFarm,Life,Whole,278
2024-06-22,Allstate,Auto,Comprehensive,118
2024-06-22,Allstate,Auto,Liability,330
2024-06-22,Allstate,Home,Property,150
2024-06-22,Allstate,Home,Renters,230
2024-06-22,Allstate,Life,Term,53
2024-06-22,Allstate,Life,Whole,268
2024-06-23,Geico,Auto,Comprehensive,242
2024-06-23,Geico,Auto,Liability,151
2024-06-23,Geico,Home,Property,167
2024-06-23,Geico,Home,Renters,276
2024-06-23,Geico,Life,Term,190
2024-06-23,Geico,Life,Whole,275
2024-06-23,StateFarm,Auto,Comprehensive,264
2024-06-23,StateFarm,Auto,Liability,143
2024-06-23,StateFarm,Home,Property,88
2024-06-23,StateFarm,Home,Renters,209
2024-06-23,StateFarm,Life,Term,100
2024-06-23,StateFarm,Life,Whole,77
2024-06-23,Allstate,Auto,Comprehensive,273
2024-06-23,Allstate,Auto,Liability,257
2024-06-23,Allstate,Home,Property,81
2024-06-23,Allstate,Home,Renters,149
2024-06-23,Allstate,Life,Term,172
2024-06-23,Allstate,Life,Whole,228
2024-06-24,Geico,Auto,Comprehensive,278
2024-06-24,Geico,Auto,Liability,171
2024-06-24,Geico,Home,Property,274
2024-06-24,Geico,Home,Renters,282
2024-06-24,Geico,Life,Term,193
2024-06-24,Geico,Life,Whole,234
2024-06-24,StateFarm,Auto,Comprehensive,149
2024-06-24,StateFarm,Auto,Liability,171
2024-06-24,StateFarm,Home,Property,272
2024-06-24,StateFarm,Home,Renters,165
2024-06-24,StateFarm,Life,Term,163
2024-06-24,StateFarm,Life,Whole,91
2024-06-24,Allstate,Auto,Comprehensive,290
2024-06-24,Allstate,Auto,Liability,239
2024-06-24,Allstate,Home,Property,99
2024-06-24,Allstate,Home,Renters,163
2024-06-24,Allstate,Life,Term,68
2024-06-24,Allstate,Life,Whole,275
2024-06-25,Geico,Auto,Comprehensive,306
2024-06-25,Geico,Auto,Liability,287
2024-06-25,Geico,Home,Property,266
2024-06-25,Geico,Home,Renters,282
2024-06-25,Geico,Life,Term,272
2024-06-25,Geico,Life,Whole,231
2024-06-25,StateFarm,Auto,Comprehensive,194
2024-06-25,StateFarm,Auto,Liability,205
2024-06-25,StateFarm,Home,Property,144
2024-06-25,StateFarm,Home,Renters,133
2024-06-25,StateFarm,Life,Term,60
2024-06-25,StateFarm,Life,Whole,269
2024-06-25,Allstate,Auto,Comprehensive,262
2024-06-25,Allstate,Auto,Liability,295
2024-06-25,Allstate,Home,Property,288
2024-06-25,Allstate,Home,Renters,82
2024-06-25,Allstate,Life,Term,235
2024-06-25,Allstate,Life,Whole,88
2024-06-26,Geico,Auto,Comprehensive,237
2024-06-26,Geico,Auto,Liability,324
2024-06-26,Geico,Home,Property,228
2024-06-26,Geico,Home,Renters,69
2024-06-26,Geico,Life,Term,292
2024-06-26,Geico,Life,Whole,270
2024-06-26,StateFarm,Auto,Comprehensive,296
2024-06-26,StateFarm,Auto,Liability,259
2024-06-26,StateFarm,Home,Property,185
2024-06-26,StateFarm,Home,Renters,230
2024-06-26,StateFarm,Life,Term,268
2024-06-26,StateFarm,Life,Whole,214
2024-06-26,Allstate,Auto,Comprehensive,110
2024-06-26,Allstate,Auto,Liability,284
2024-06-26,Allstate,Home,Property,135
2024-06-26,Allstate,Home,Renters,94
2024-06-26,Allstate,Life,Term,84
2024-06-26,Allstate,Life,Whole,59
2024-06-27,Geico,Auto,Comprehensive,311
2024-06-27,Geico,Auto,Liability,121
2024-06-27,Geico,Home,Property,298
2024-06-27,Geico,Home,Renters,67
2024-06-27,Geico,Life,Term,83
2024-06-27,Geico,Life,Whole,273
2024-06-27,StateFarm,Auto,Comprehensive,182
2024-06-27,StateFarm,Auto,Liability,162
2024-06-27,StateFarm,Home,Property,288
2024-06-27,StateFarm,Home,Renters,91
2024-06-27,StateFarm,Life,Term,110
2024-06-27,StateFarm,Life,Whole,98
2024-06-27,Allstate,Auto,Comprehensive,169
2024-06-27,Allstate,Auto,Liability,165
2024-06-27,Allstate,Home,Property,183
2024-06-27,Allstate,Home,Renters,181
2024-06-27,Allstate,Life,Term,295
2024-06-27,Allstate,Life,Whole,162
2024-06-28,Geico,Auto,Comprehensive,150
2024-06-28,Geico,Auto,Liability,122
2024-06-28,Geico,Home,Property,147
2024-06-28,Geico,Home,Renters,228
2024-06-28,Geico,Life,Term,279
2024-06-28,Geico,Life,Whole,71
2024-06-28,StateFarm,Auto,Comprehensive,163
2024-06-28,StateFarm,Auto,Liability,213
2024-06-28,StateFarm,Home,Property,116
2024-06-28,StateFarm,Home,Renters,71
2024-06-28,StateFarm,Life,Term,95
2024-06-28,StateFarm,Life,Whole,171
2024-06-28,Allstate,Auto,Comprehensive,338
2024-06-28,Allstate,Auto,Liability,236
2024-06-28,Allstate,Home,Property,207
2024-06-28,Allstate,Home,Renters,296
2024-06-28,Allstate,Life,Term,114
2024-06-28,Allstate,Life,Whole,284
2024-06-29,Geico,Auto,Comprehensive,373
2024-06-29,Geico,Auto,Liability,200
2024-06-29,Geico,Home,Property,293
2024-06-29,Geico,Home,Renters,167
2024-06-29,Geico,Life,Term,117
2024-06-29,Geico,Life,Whole,112
2024-06-29,StateFarm,Auto,Comprehensive,121
2024-06-29,StateFarm,Auto,Liability,282
2024-06-29,StateFarm,Home,Property,298
2024-06-29,StateFarm,Home,Renters,188
2024-06-29,StateFarm,Life,Term,295
2024-06-29,StateFarm,Life,Whole,200
2024-06-29,Allstate,Auto,Comprehensive,165
2024-06-29,Allstate,Auto,Liability,246
2024-06-29,Allstate,Home,Property,245
2024-06-29,Allstate,Home,Renters,212
2024-06-29,Allstate,Life,Term,244
2024-06-29,Allstate,Life,Whole,277
2024-06-30,Geico,Auto,Comprehensive,334
2024-06-30,Geico,Auto,Liability,322
2024-06-30,Geico,Home,Property,273
2024-06-30,Geico,Home,Renters,128
2024-06-30,Geico,Life,Term,116
2024-06-30,Geico,Life,Whole,234
2024-06-30,StateFarm,Auto,Comprehensive,114
2024-06-30,StateFarm,Auto,Liability,171
2024-06-30,StateFarm,Home,Property,198
2024-06-30,StateFarm,Home,Renters,52
2024-06-30,StateFarm,Life,Term,277
2024-06-30,StateFarm,Life,Whole,158
2024-06-30,Allstate,Auto,Comprehensive,282
2024-06-30,Allstate,Auto,Liability,317
2024-06-30,Allstate,Home,Property,164
2024-06-30,Allstate,Home,Renters,278
2024-06-30,Allstate,Life,Term,262
2024-06-30,Allstate,Life,Whole,287
2024-07-01,Geico,Auto,Comprehensive,162
2024-07-01,Geico,Auto,Liability,105
2024-07-01,Geico,Home,Property,100
2024-07-01,Geico,Home,Renters,298
2024-07-01,Geico,Life,Term,123
2024-07-01,Geico,Life,Whole,71
2024-07-01,StateFarm,Auto,Comprehensive,289
2024-07-01,StateFarm,Auto,Liability,190
2024-07-01,StateFarm,Home,Property,238
2024-07-01,StateFarm,Home,Renters,81
2024-07-01,StateFarm,Life,Term,243
2024-07-01,StateFarm,Life,Whole,170
2024-07-01,Allstate,Auto,Comprehensive,274
2024-07-01,Allstate,Auto,Liability,279
2024-07-01,Allstate,Home,Property,217
2024-07-01,Allstate,Home,Renters,238
2024-07-01,Allstate,Life,Term,185
2024-07-01,Allstate,Life,Whole,229
2024-07-02,Geico,Auto,Comprehensive,292
2024-07-02,Geico,Auto,Liability,282
2024-07-02,Geico,Home,Property,87
2024-07-02,Geico,Home,Renters,128
2024-07-02,Geico,Life,Term,212
2024-07-02,Geico,Life,Whole,263
2024-07-02,StateFarm,Auto,Comprehensive,167
2024-07-02,StateFarm,Auto,Liability,256
2024-07-02,StateFarm,Home,Property,241
2024-07-02,StateFarm,Home,Renters,78
2024-07-02,StateFarm,Life,Term,124
2024-07-02,StateFarm,Life,Whole,214
2024-07-02,Allstate,Auto,Comprehensive,225
2024-07-02,Allstate,Auto,Liability,132
2024-07-02,Allstate,Home,Property,74
2024-07-02,Allstate,Home,Renters,150
2024-07-02,Allstate,Life,Term,253
2024-07-02,Allstate,Life,Whole,115
2024-07-03,Geico,Auto,Comprehensive,155
2024-07-03,Geico,Auto,Liability,300
2024-07-03,Geico,Home,Property,101
2024-07-03,Geico,Home,Renters,72
2024-07-03,Geico,Life,Term,179
2024-07-03,Geico,Life,Whole,268
2024-07-03,StateFarm,Auto,Comprehensive,180
2024-07-03,StateFarm,Auto,Liability,146
2024-07-03,StateFarm,Home,Property,114
2024-07-03,StateFarm,Home,Renters,293
2024-07-03,StateFarm,Life,Term,79
2024-07-03,StateFarm,Life,Whole,113
2024-07-03,Allstate,Auto,Comprehensive,276
2024-07-03,Allstate,Auto,Liability,97
2024-07-03,Allstate,Home,Property,297
2024-07-03,Allstate,Home,Renters,168
2024-07-03,Allstate,Life,Term,131
2024-07-03,Allstate,Life,Whole,125
2024-07-04,Geico,Auto,Comprehensive,242
2024-07-04,Geico,Auto,Liability,205
2024-07-04,Geico,Home,Property,147
2024-07-04,Geico,Home,Renters,196
2024-07-04,Geico,Life,Term,145
2024-07-04,Geico,Life,Whole,247
2024-07-04,StateFarm,Auto,Comprehensive,99
2024-07-04,StateFarm,Auto,Liability,314
2024-07-04,StateFarm,Home,Property,195
2024-07-04,StateFarm,Home,Renters,165
2024-07-04,StateFarm,Life,Term,237
2024-07-04,StateFarm,Life,Whole,54
2024-07-04,Allstate,Auto,Comprehensive,236
2024-07-04,Allstate,Auto,Liability,107
2024-07-04,Allstate,Home,Property,212
2024-07-04,Allstate,Home,Renters,63
2024-07-04,Allstate,Life,Term,236
2024-07-04,Allstate,Life,Whole,149
2024-07-05,Geico,Auto,Comprehensive,135
2024-07-05,Geico,Auto,Liability,261
2024-07-05,Geico,Home,Property,298
2024-07-05,Geico,Home,Renters,53
2024-07-05,Geico,Life,Term,163
2024-07-05,Geico,Life,Whole,253
2024-07-05,StateFarm,Auto,Comprehensive,279
2024-07-05,StateFarm,Auto,Liability,111
2024-07-05,StateFarm,Home,Property,279
2024-07-05,StateFarm,Home,Renters,188
2024-07-05,StateFarm,Life,Term,59
2024-07-05,StateFarm,Life,Whole,210
2024-07-05,Allstate,Auto,Comprehensive,82
2024-07-05,Allstate,Auto,Liability,266
2024-07-05,Allstate,Home,Property,193
2024-07-05,Allstate,Home,Renters,124
2024-07-05,Allstate,Life,Term,253
2024-07-05,Allstate,Life,Whole,217
2024-07-06,Geico,Auto,Comprehensive,142
2024-07-06,Geico,Auto,Liability,203
2024-07-06,Geico,Home,Property,233
2024-07-06,Geico,Home,Renters,139
2024-07-06,Geico,Life,Term,80
2024-07-06,Geico,Life,Whole,87
2024-07-06,StateFarm,Auto,Comprehensive,246
2024-07-06,StateFarm,Auto,Liability,249
2024-07-06,StateFarm,Home,Property,233
2024-07-06,StateFarm,Home,Renters,250
2024-07-06,StateFarm,Life,Term,219
2024-07-06,StateFarm,Life,Whole,85
2024-07-06,Allstate,Auto,Comprehensive,290
2024-07-06,Allstate,Auto,Liability,186
2024-07-06,Allstate,Home,Property,170
2024-07-06,Allstate,Home,Renters,247
2024-07-06,Allstate,Life,Term,275
2024-07-06,Allstate,Life,Whole,257
2024-07-07,Geico,Auto,Comprehensive,226
2024-07-07,Geico,Auto,Liability,283
2024-07-07,Geico,Home,Property,130
2024-07-07,Geico,Home,Renters,120
2024-07-07,Geico,Life,Term,278
2024-07-07,Geico,Life,Whole,146
2024-07-07,StateFarm,Auto,Comprehensive,324
2024-07-07,StateFarm,Auto,Liability,248
2024-07-07,StateFarm,Home,Property,203
2024-07-07,StateFarm,Home,Renters,172
2024-07-07,StateFarm,Life,Term,133
2024-07-07,StateFarm,Life,Whole,274
2024-07-07,Allstate,Auto,Comprehensive,233
2024-07-07,Allstate,Auto,Liability,138
2024-07-07,Allstate,Home,Property,81
2024-07-07,Allstate,Home,Renters,111
2024-07-07,Allstate,Life,Term,169
2024-07-07,Allstate,Life,Whole,89
2024-07-08,Geico,Auto,Comprehensive,264
2024-07-08,Geico,Auto,Liability,312
2024-07-08,Geico,Home,Property,231
2024-07-08,Geico,Home,Renters,273
2024-07-08,Geico,Life,Term,67
2024-07-08,Geico,Life,Whole,236
2024-07-08,StateFarm,Auto,Comprehensive,150
2024-07-08,StateFarm,Auto,Liability,312
2024-07-08,StateFarm,Home,Property,75
2024-07-08,StateFarm,Home,Renters,148
2024-07-08,StateFarm,Life,Term,260
2024-07-08,StateFarm,Life,Whole,221
2024-07-08,Allstate,Auto,Comprehensive,220
2024-07-08,Allstate,Auto,Liability,215
2024-07-08,Allstate,Home,Property,252
2024-07-08,Allstate,Home,Renters,212
2024-07-08,Allstate,Life,Term,251
2024-07-08,Allstate,Life,Whole,113
2024-07-09,Geico,Auto,Comprehensive,266
2024-07-09,Geico,Auto,Liability,212
2024-07-09,Geico,Home,Property,271
2024-07-09,Geico,Home,Renters,203
2024-07-09,Geico,Life,Term,213
2024-07-09,Geico,Life,Whole,248
2024-07-09,StateFarm,Auto,Comprehensive,147
2024-07-09,StateFarm,Auto,Liability,295
2024-07-09,StateFarm,Home,Property,186
2024-07-09,StateFarm,Home,Renters,232
2024-07-09,StateFarm,Life,Term,180
2024-07-09,StateFarm,Life,Whole,118
2024-07-09,Allstate,Auto,Comprehensive,219
2024-07-09,Allstate,Auto,Liability,155
2024-07-09,Allstate,Home,Property,75
2024-07-09,Allstate,Home,Renters,167
2024-07-09,Allstate,Life,Term,190
2024-07-09,Allstate,Life,Whole,112
2024-07-10,Geico,Auto,Comprehensive,212
2024-07-10,Geico,Auto,Liability,285
2024-07-10,Geico,Home,Property,121
2024-07-10,Geico,Home,Renters,120
2024-07-10,Geico,Life,Term,73
2024-07-10,Geico,Life,Whole,217
2024-07-10,StateFarm,Auto,Comprehensive,231
2024-07-10,StateFarm,Auto,Liability,315
2024-07-10,StateFarm,Home,Property,92
2024-07-10,StateFarm,Home,Renters,215
2024-07-10,StateFarm,Life,Term,63
2024-07-10,StateFarm,Life,Whole,77
2024-07-10,Allstate,Auto,Comprehensive,336
2024-07-10,Allstate,Auto,Liability,165
2024-07-10,Allstate,Home,Property,159
2024-07-10,Allstate,Home,Renters,274
2024-07-10,Allstate,Life,Term,86
2024-07-10,Allstate,Life,Whole,117
2024-07-11,Geico,Auto,Comprehensive,185
2024-07-11,Geico,Auto,Liability,115
2024-07-11,Geico,Home,Property,221
2024-07-11,Geico,Home,Renters,83
2024-07-11,Geico,Life,Term,263
2024-07-11,Geico,Life,Whole,240
2024-07-11,StateFarm,Auto,Comprehensive,175
2024-07-11,StateFarm,Auto,Liability,311
2024-07-11,StateFarm,Home,Property,154
2024-07-11,StateFarm,Home,Renters,240
2024-07-11,StateFarm,Life,Term,283
2024-07-11,StateFarm,Life,Whole,254
2024-07-11,Allstate,Auto,Comprehensive,285
2024-07-11,Allstate,Auto,Liability,313
2024-07-11,Allstate,Home,Property,267
2024-07-11,Allstate,Home,Renters,163
2024-07-11,Allstate,Life,Term,84
2024-07-11,Allstate,Life,Whole,195
2024-07-12,Geico,Auto,Comprehensive,181
2024-07-12,Geico,Auto,Liability,342
2024-07-12,Geico,Home,Property,241
2024-07-12,Geico,Home,Renters,111
2024-07-12,Geico,Life,Term,139
2024-07-12,Geico,Life,Whole,180
2024-07-12,StateFarm,Auto,Comprehensive,224
2024-07-12,StateFarm,Auto,Liability,95
2024-07-12,StateFarm,Home,Property,74
2024-07-12,StateFarm,Home,Renters,240
2024-07-12,StateFarm,Life,Term,88
2024-07-12,StateFarm,Life,Whole,70
2024-07-12,Allstate,Auto,Comprehensive,128
2024-07-12,Allstate,Auto,Liability,169
2024-07-12,Allstate,Home,Property,94
2024-07-12,Allstate,Home,Renters,202
2024-07-12,Allstate,Life,Term,195
2024-07-12,Allstate,Life,Whole,177
2024-07-13,Geico,Auto,Comprehensive,211
2024-07-13,Geico,Auto,Liability,310
2024-07-13,Geico,Home,Property,298
2024-07-13,Geico,Home,Renters,284
2024-07-13,Geico,Life,Term,147
2024-07-13,Geico,Life,Whole,201
2024-07-13,StateFarm,Auto,Comprehensive,110
2024-07-13,StateFarm,Auto,Liability,179
2024-07-13,StateFarm,Home,Property,240
2024-07-13,StateFarm,Home,Renters,151
2024-07-13,StateFarm,Life,Term,88
2024-07-13,StateFarm,Life,Whole,297
2024-07-13,Allstate,Auto,Comprehensive,132
2024-07-13,Allstate,Auto,Liability,310
2024-07-13,Allstate,Home,Property,54
2024-07-13,Allstate,Home,Renters,164
2024-07-13,Allstate,Life,Term,198
2024-07-13,Allstate,Life,Whole,198
2024-07-14,Geico,Auto,Comprehensive,83
2024-07-14,Geico,Auto,Liability,121
2024-07-14,Geico,Home,Property,282
2024-07-14,Geico,Home,Renters,164
2024-07-14,Geico,Life,Term,53
2024-07-14,Geico,Life,Whole,115
2024-07-14,StateFarm,Auto,Comprehensive,137
2024-07-14,StateFarm,Auto,Liability,299
2024-07-14,StateFarm,Home,Property,255
2024-07-14,StateFarm,Home,Renters,232
2024-07-14,StateFarm,Life,Term,289
2024-07-14,StateFarm,Life,Whole,262
2024-07-14,Allstate,Auto,Comprehensive,324
2024-07-14,Allstate,Auto,Liability,325
2024-07-14,Allstate,Home,Property,272
2024-07-14,Allstate,Home,Renters,141
2024-07-14,Allstate,Life,Term,243
2024-07-14,Allstate,Life,Whole,157
2024-07-15,Geico,Auto,Comprehensive,98
2024-07-15,Geico,Auto,Liability,176
2024-07-15,Geico,Home,Property,123
2024-07-15,Geico,Home,Renters,124
2024-07-15,Geico,Life,Term,201
2024-07-15,Geico,Life,Whole,197
2024-07-15,StateFarm,Auto,Comprehensive,290
2024-07-15,StateFarm,Auto,Liability,256
2024-07-15,StateFarm,Home,Property,258
2024-07-15,StateFarm,Home,Renters,134
2024-07-15,StateFarm,Life,Term,102
2024-07-15,StateFarm,Life,Whole,62
2024-07-15,Allstate,Auto,Comprehensive,313
2024-07-15,Allstate,Auto,Liability,200
2024-07-15,Allstate,Home,Property,275
2024-07-15,Allstate,Home,Renters,99
2024-07-15,Allstate,Life,Term,158
2024-07-15,Allstate,Life,Whole,222
2024-07-16,Geico,Auto,Comprehensive,259
2024-07-16,Geico,Auto,Liability,215
2024-07-16,Geico,Home,Property,101
2024-07-16,Geico,Home,Renters,215
2024-07-16,Geico,Life,Term,261
2024-07-16,Geico,Life,Whole,86
2024-07-16,StateFarm,Auto,Comprehensive,341
2024-07-16,StateFarm,Auto,Liability,325
2024-07-16,StateFarm,Home,Property,77
2024-07-16,StateFarm,Home,Renters,136
2024-07-16,StateFarm,Life,Term,143
2024-07-16,StateFarm,Life,Whole,186
2024-07-16,Allstate,Auto,Comprehensive,220
2024-07-16,Allstate,Auto,Liability,93
2024-07-16,Allstate,Home,Property,190
2024-07-16,Allstate,Home,Renters,120
2024-07-16,Allstate,Life,Term,201
2024-07-16,Allstate,Life,Whole,131
2024-07-17,Geico,Auto,Comprehensive,318
2024-07-17,Geico,Auto,Liability,151
2024-07-17,Geico,Home,Property,297
2024-07-17,Geico,Home,Renters,239
2024-07-17,Geico,Life,Term,290
2024-07-17,Geico,Life,Whole,280
2024-07-17,StateFarm,Auto,Comprehensive,141
2024-07-17,StateFarm,Auto,Liability,226
2024-07-17,StateFarm,Home,Property,211
2024-07-17,StateFarm,Home,Renters,282
2024-07-17,StateFarm,Life,Term,76
2024-07-17,StateFarm,Life,Whole,253
2024-07-17,Allstate,Auto,Comprehensive,119
2024-07-17,Allstate,Auto,Liability,106
2024-07-17,Allstate,Home,Property,94
2024-07-17,Allstate,Home,Renters,102
2024-07-17,Allstate,Life,Term,56
2024-07-17,Allstate,Life,Whole,226
2024-07-18,Geico,Auto,Comprehensive,210
2024-07-18,Geico,Auto,Liability,292
2024-07-18,Geico,Home,Property,121
2024-07-18,Geico,Home,Renters,118
2024-07-18,Geico,Life,Term,122
2024-07-18,Geico,Life,Whole,250
2024-07-18,StateFarm,Auto,Comprehensive,181
2024-07-18,StateFarm,Auto,Liability,347
2024-07-18,StateFarm,Home,Property,51
2024-07-18,StateFarm,Home,Renters,119
2024-07-18,StateFarm,Life,Term,159
2024-07-18,StateFarm,Life,Whole,179
2024-07-18,Allstate,Auto,Comprehensive,135
2024-07-18,Allstate,Auto,Liability,235
2024-07-18,Allstate,Home,Property,292
2024-07-18,Allstate,Home,Renters,99
2024-07-18,Allstate,Life,Term,223
2024-07-18,Allstate,Life,Whole,196
2024-07-19,Geico,Auto,Comprehensive,103
2024-07-19,Geico,Auto,Liability,214
2024-07-19,Geico,Home,Property,138
2024-07-19,Geico,Home,Renters,73
2024-07-19,Geico,Life,Term,266
2024-07-19,Geico,Life,Whole,191
2024-07-19,StateFarm,Auto,Comprehensive,115
2024-07-19,StateFarm,Auto,Liability,236
2024-07-19,StateFarm,Home,Property,105
2024-07-19,StateFarm,Home,Renters,221
2024-07-19,StateFarm,Life,Term,214
2024-07-19,StateFarm,Life,Whole,55
2024-07-19,Allstate,Auto,Comprehensive,188
2024-07-19,Allstate,Auto,Liability,235
2024-07-19,Allstate,Home,Property,72
2024-07-19,Allstate,Home,Renters,130
2024-07-19,Allstate,Life,Term,70
2024-07-19,Allstate,Life,Whole,214
2024-07-20,Geico,Auto,Comprehensive,109
2024-07-20,Geico,Auto,Liability,271
2024-07-20,Geico,Home,Property,271
2024-07-20,Geico,Home,Renters,64
2024-07-20,Geico,Life,Term,182
2024-07-20,Geico,Life,Whole,134
2024-07-20,StateFarm,Auto,Comprehensive,239
2024-07-20,StateFarm,Auto,Liability,141
2024-07-20,StateFarm,Home,Property,295
2024-07-20,StateFarm,Home,Renters,149
2024-07-20,StateFarm,Life,Term,210
2024-07-20,StateFarm,Life,Whole,268
2024-07-20,Allstate,Auto,Comprehensive,342
2024-07-20,Allstate,Auto,Liability,296
2024-07-20,Allstate,Home,Property,291
2024-07-20,Allstate,Home,Renters,206
2024-07-20,Allstate,Life,Term,99
2024-07-20,Allstate,Life,Whole,64
2024-07-21,Geico,Auto,Comprehensive,354
2024-07-21,Geico,Auto,Liability,329
2024-07-21,Geico,Home,Property,258
2024-07-21,Geico,Home,Renters,162
2024-07-21,Geico,Life,Term,220
2024-07-21,Geico,Life,Whole,104
2024-07-21,StateFarm,Auto,Comprehensive,311
2024-07-21,StateFarm,Auto,Liability,226
2024-07-21,StateFarm,Home,Property,250
2024-07-21,StateFarm,Home,Renters,107
2024-07-21,StateFarm,Life,Term,199
2024-07-21,StateFarm,Life,Whole,68
2024-07-21,Allstate,Auto,Comprehensive,189
2024-07-21,Allstate,Auto,Liability,302
2024-07-21,Allstate,Home,Property,231
2024-07-21,Allstate,Home,Renters,55
2024-07-21,Allstate,Life,Term,195
2024-07-21,Allstate,Life,Whole,167
2024-07-22,Geico,Auto,Comprehensive,287
2024-07-22,Geico,Auto,Liability,146
2024-07-22,Geico,Home,Property,225
2024-07-22,Geico,Home,Renters,256
2024-07-22,Geico,Life,Term,291
2024-07-22,Geico,Life,Whole,130
2024-07-22,StateFarm,Auto,Comprehensive,191
2024-07-22,StateFarm,Auto,Liability,282
2024-07-22,StateFarm,Home,Property,231
2024-07-22,StateFarm,Home,Renters,199
2024-07-22,StateFarm,Life,Term,184
2024-07-22,StateFarm,Life,Whole,252
2024-07-22,Allstate,Auto,Comprehensive,262
2024-07-22,Allstate,Auto,Liability,309
2024-07-22,Allstate,Home,Property,130
2024-07-22,Allstate,Home,Renters,180
2024-07-22,Allstate,Life,Term,120
2024-07-22,Allstate,Life,Whole,229
2024-07-23,Geico,Auto,Comprehensive,253
2024-07-23,Geico,Auto,Liability,308
2024-07-23,Geico,Home,Property,295
2024-07-23,Geico,Home,Renters,124
2024-07-23,Geico,Life,Term,242
2024-07-23,Geico,Life,Whole,289
2024-07-23,StateFarm,Auto,Comprehensive,271
2024-07-23,StateFarm,Auto,Liability,221
2024-07-23,StateFarm,Home,Property,263
2024-07-23,StateFarm,Home,Renters,119
2024-07-23,StateFarm,Life,Term,187
2024-07-23,StateFarm,Life,Whole,180
2024-07-23,Allstate,Auto,Comprehensive,186
2024-07-23,Allstate,Auto,Liability,305
2024-07-23,Allstate,Home,Property,72
2024-07-23,Allstate,Home,Renters,153
2024-07-23,Allstate,Life,Term,212
2024-07-23,Allstate,Life,Whole,209
2024-07-24,Geico,Auto,Comprehensive,136
2024-07-24,Geico,Auto,Liability,126
2024-07-24,Geico,Home,Property,258
2024-07-24,Geico,Home,Renters,91
2024-07-24,Geico,Life,Term,237
2024-07-24,Geico,Life,Whole,271
2024-07-24,StateFarm,Auto,Comprehensive,170
2024-07-24,StateFarm,Auto,Liability,317
2024-07-24,StateFarm,Home,Property,281
2024-07-24,StateFarm,Home,Renters,131
2024-07-24,StateFarm,Life,Term,238
2024-07-24,StateFarm,Life,Whole,168
2024-07-24,Allstate,Auto,Comprehensive,245
2024-07-24,Allstate,Auto,Liability,190
2024-07-24,Allstate,Home,Property,121
2024-07-24,Allstate,Home,Renters,124
2024-07-24,Allstate,Life,Term,200
2024-07-24,Allstate,Life,Whole,137
2024-07-25,Geico,Auto,Comprehensive,236
2024-07-25,Geico,Auto,Liability,164
2024-07-25,Geico,Home,Property,243
2024-07-25,Geico,Home,Renters,221
2024-07-25,Geico,Life,Term,54
2024-07-25,Geico,Life,Whole,186
2024-07-25,StateFarm,Auto,Comprehensive,188
2024-07-25,StateFarm,Auto,Liability,225
2024-07-25,StateFarm,Home,Property,230
2024-07-25,StateFarm,Home,Renters,152
2024-07-25,StateFarm,Life,Term,173
2024-07-25,StateFarm,Life,Whole,123
2024-07-25,Allstate,Auto,Comprehensive,355
2024-07-25,Allstate,Auto,Liability,173
2024-07-25,Allstate,Home,Property,53
2024-07-25,Allstate,Home,Renters,242
2024-07-25,Allstate,Life,Term,259
2024-07-25,Allstate,Life,Whole,270
2024-07-26,Geico,Auto,Comprehensive,198
2024-07-26,Geico,Auto,Liability,240
2024-07-26,Geico,Home,Property,299
2024-07-26,Geico,Home,Renters,194
2024-07-26,Geico,Life,Term,206
2024-07-26,Geico,Life,Whole,207
2024-07-26,StateFarm,Auto,Comprehensive,191
2024-07-26,StateFarm,Auto,Liability,186
2024-07-26,StateFarm,Home,Property,73
2024-07-26,StateFarm,Home,Renters,91
2024-07-26,StateFarm,Life,Term,277
2024-07-26,StateFarm,Life,Whole,169
2024-07-26,Allstate,Auto,Comprehensive,352
2024-07-26,Allstate,Auto,Liability,175
2024-07-26,Allstate,Home,Property,181
2024-07-26,Allstate,Home,Renters,202
2024-07-26,Allstate,Life,Term,147
2024-07-26,Allstate,Life,Whole,97
2024-07-27,Geico,Auto,Comprehensive,170
2024-07-27,Geico,Auto,Liability,197
2024-07-27,Geico,Home,Property,272
2024-07-27,Geico,Home,Renters,227
2024-07-27,Geico,Life,Term,69
2024-07-27,Geico,Life,Whole,299
2024-07-27,StateFarm,Auto,Comprehensive,294
2024-07-27,StateFarm,Auto,Liability,152
2024-07-27,StateFarm,Home,Property,54
2024-07-27,StateFarm,Home,Renters,162
2024-07-27,StateFarm,Life,Term,226
2024-07-27,StateFarm,Life,Whole,79
2024-07-27,Allstate,Auto,Comprehensive,140
2024-07-27,Allstate,Auto,Liability,151
2024-07-27,Allstate,Home,Property,140
2024-07-27,Allstate,Home,Renters,196
2024-07-27,Allstate,Life,Term,128
2024-07-27,Allstate,Life,Whole,87
2024-07-28,Geico,Auto,Comprehensive,109
2024-07-28,Geico,Auto,Liability,141
2024-07-28,Geico,Home,Property,126
2024-07-28,Geico,Home,Renters,106
2024-07-28,Geico,Life,Term,134
2024-07-28,Geico,Life,Whole,193
2024-07-28,StateFarm,Auto,Comprehensive,285
2024-07-28,StateFarm,Auto,Liability,198
2024-07-28,StateFarm,Home,Property,181
2024-07-28,StateFarm,Home,Renters,133
2024-07-28,StateFarm,Life,Term,190
2024-07-28,StateFarm,Life,Whole,262
2024-07-28,Allstate,Auto,Comprehensive,214
2024-07-28,Allstate,Auto,Liability,320
2024-07-28,Allstate,Home,Property,162
2024-07-28,Allstate,Home,Renters,234
2024-07-28,Allstate,Life,Term,180
2024-07-28,Allstate,Life,Whole,279
2024-07-29,Geico,Auto,Comprehensive,108
2024-07-29,Geico,Auto,Liability,162
2024-07-29,Geico,Home,Property,285
2024-07-29,Geico,Home,Renters,196
2024-07-29,Geico,Life,Term,228
2024-07-29,Geico,Life,Whole,176
2024-07-29,StateFarm,Auto,Comprehensive,224
2024-07-29,StateFarm,Auto,Liability,161
2024-07-29,StateFarm,Home,Property,169
2024-07-29,StateFarm,Home,Renters,236
2024-07-29,StateFarm,Life,Term,274
2024-07-29,StateFarm,Life,Whole,146
2024-07-29,Allstate,Auto,Comprehensive,276
2024-07-29,Allstate,Auto,Liability,139
2024-07-29,Allstate,Home,Property,53
2024-07-29,Allstate,Home,Renters,201
2024-07-29,Allstate,Life,Term,157
2024-07-29,Allstate,Life,Whole,249
2024-07-30,Geico,Auto,Comprehensive,306
2024-07-30,Geico,Auto,Liability,306
2024-07-30,Geico,Home,Property,98
2024-07-30,Geico,Home,Renters,252
2024-07-30,Geico,Life,Term,101
2024-07-30,Geico,Life,Whole,54
2024-07-30,StateFarm,Auto,Comprehensive,93
2024-07-30,StateFarm,Auto,Liability,274
2024-07-30,StateFarm,Home,Property,192
2024-07-30,StateFarm,Home,Renters,113
2024-07-30,StateFarm,Life,Term,85
2024-07-30,StateFarm,Life,Whole,195
2024-07-30,Allstate,Auto,Comprehensive,111
2024-07-30,Allstate,Auto,Liability,179
2024-07-30,Allstate,Home,Property,169
2024-07-30,Allstate,Home,Renters,142
2024-07-30,Allstate,Life,Term,89
2024-07-30,Allstate,Life,Whole,87
2024-07-31,Geico,Auto,Comprehensive,276
2024-07-31,Geico,Auto,Liability,285
2024-07-31,Geico,Home,Property,115
2024-07-31,Geico,Home,Renters,64
2024-07-31,Geico,Life,Term,198
2024-07-31,Geico,Life,Whole,273
2024-07-31,StateFarm,Auto,Comprehensive,329
2024-07-31,StateFarm,Auto,Liability,109
2024-07-31,StateFarm,Home,Property,176
2024-07-31,StateFarm,Home,Renters,237
2024-07-31,StateFarm,Life,Term,205
2024-07-31,StateFarm,Life,Whole,76
2024-07-31,Allstate,Auto,Comprehensive,277
2024-07-31,Allstate,Auto,Liability,289
2024-07-31,Allstate,Home,Property,124
2024-07-31,Allstate,Home,Renters,60
2024-07-31,Allstate,Life,Term,143
2024-07-31,Allstate,Life,Whole,269
2024-08-01,Geico,Auto,Comprehensive,305
2024-08-01,Geico,Auto,Liability,311
2024-08-01,Geico,Home,Property,245
2024-08-01,Geico,Home,Renters,90
2024-08-01,Geico,Life,Term,288
2024-08-01,Geico,Life,Whole,197
2024-08-01,StateFarm,Auto,Comprehensive,134
2024-08-01,StateFarm,Auto,Liability,347
2024-08-01,StateFarm,Home,Property,60
2024-08-01,StateFarm,Home,Renters,243
2024-08-01,StateFarm,Life,Term,244
2024-08-01,StateFarm,Life,Whole,155
2024-08-01,Allstate,Auto,Comprehensive,92
2024-08-01,Allstate,Auto,Liability,144
2024-08-01,Allstate,Home,Property,115
2024-08-01,Allstate,Home,Renters,262
2024-08-01,Allstate,Life,Term,56
2024-08-01,Allstate,Life,Whole,285
2024-08-02,Geico,Auto,Comprehensive,95
2024-08-02,Geico,Auto,Liability,205
2024-08-02,Geico,Home,Property,153
2024-08-02,Geico,Home,Renters,204
2024-08-02,Geico,Life,Term,203
2024-08-02,Geico,Life,Whole,184
2024-08-02,StateFarm,Auto,Comprehensive,241
2024-08-02,StateFarm,Auto,Liability,144
2024-08-02,StateFarm,Home,Property,292
2024-08-02,StateFarm,Home,Renters,165
2024-08-02,StateFarm,Life,Term,235
2024-08-02,StateFarm,Life,Whole,111
2024-08-02,Allstate,Auto,Comprehensive,83
2024-08-02,Allstate,Auto,Liability,255
2024-08-02,Allstate,Home,Property,185
2024-08-02,Allstate,Home,Renters,275
2024-08-02,Allstate,Life,Term,262
2024-08-02,Allstate,Life,Whole,94
2024-08-03,Geico,Auto,Comprehensive,312
2024-08-03,Geico,Auto,Liability,168
2024-08-03,Geico,Home,Property,251
2024-08-03,Geico,Home,Renters,245
2024-08-03,Geico,Life,Term,166
2024-08-03,Geico,Life,Whole,232
2024-08-03,StateFarm,Auto,Comprehensive,305
2024-08-03,StateFarm,Auto,Liability,125
2024-08-03,StateFarm,Home,Property,183
2024-08-03,StateFarm,Home,Renters,119
2024-08-03,StateFarm,Life,Term,119
2024-08-03,StateFarm,Life,Whole,176
2024-08-03,Allstate,Auto,Comprehensive,147
2024-08-03,Allstate,Auto,Liability,340
2024-08-03,Allstate,Home,Property,269
2024-08-03,Allstate,Home,Renters,197
2024-08-03,Allstate,Life,Term,133
2024-08-03,Allstate,Life,Whole,193
2024-08-04,Geico,Auto,Comprehensive,159
2024-08-04,Geico,Auto,Liability,139
2024-08-04,Geico,Home,Property,194
2024-08-04,Geico,Home,Renters,52
2024-08-04,Geico,Life,Term,173
2024-08-04,Geico,Life,Whole,168
2024-08-04,StateFarm,Auto,Comprehensive,323
2024-08-04,StateFarm,Auto,Liability,160
2024-08-04,StateFarm,Home,Property,185
2024-08-04,StateFarm,Home,Renters,131
2024-08-04,StateFarm,Life,Term,129
2024-08-04,StateFarm,Life,Whole,63
2024-08-04,Allstate,Auto,Comprehensive,301
2024-08-04,Allstate,Auto,Liability,176
2024-08-04,Allstate,Home,Property,144
2024-08-04,Allstate,Home,Renters,277
2024-08-04,Allstate,Life,Term,283
2024-08-04,Allstate,Life,Whole,122
2024-08-05,Geico,Auto,Comprehensive,142
2024-08-05,Geico,Auto,Liability,164
2024-08-05,Geico,Home,Property,111
2024-08-05,Geico,Home,Renters,259
2024-08-05,Geico,Life,Term,97
2024-08-05,Geico,Life,Whole,179
2024-08-05,StateFarm,Auto,Comprehensive,310
2024-08-05,StateFarm,Auto,Liability,214
2024-08-05,StateFarm,Home,Property,80
2024-08-05,StateFarm,Home,Renters,206
2024-08-05,StateFarm,Life,Term,183
2024-08-05,StateFarm,Life,Whole,80
2024-08-05,Allstate,Auto,Comprehensive,310
2024-08-05,Allstate,Auto,Liability,323
2024-08-05,Allstate,Home,Property,75
2024-08-05,Allstate,Home,Renters,291
2024-08-05,Allstate,Life,Term,293
2024-08-05,Allstate,Life,Whole,158
2024-08-06,Geico,Auto,Comprehensive,340
2024-08-06,Geico,Auto,Liability,239
2024-08-06,Geico,Home,Property,204
2024-08-06,Geico,Home,Renters,283
2024-08-06,Geico,Life,Term,96
2024-08-06,Geico,Life,Whole,87
2024-08-06,StateFarm,Auto,Comprehensive,305
2024-08-06,StateFarm,Auto,Liability,237
2024-08-06,StateFarm,Home,Property,99
2024-08-06,StateFarm,Home,Renters,63
2024-08-06,StateFarm,Life,Term,217
2024-08-06,StateFarm,Life,Whole,65
2024-08-06,Allstate,Auto,Comprehensive,282
2024-08-06,Allstate,Auto,Liability,115
2024-08-06,Allstate,Home,Property,245
2024-08-06,Allstate,Home,Renters,275
2024-08-06,Allstate,Life,Term,163
2024-08-06,Allstate,Life,Whole,225
2024-08-07,Geico,Auto,Comprehensive,111
2024-08-07,Geico,Auto,Liability,288
2024-08-07,Geico,Home,Property,267
2024-08-07,Geico,Home,Renters,128
2024-08-07,Geico,Life,Term,51
2024-08-07,Geico,Life,Whole,128
2024-08-07,StateFarm,Auto,Comprehensive,297
2024-08-07,StateFarm,Auto,Liability,207
2024-08-07,StateFarm,Home,Property,165
2024-08-07,StateFarm,Home,Renters,111
2024-08-07,StateFarm,Life,Term,61
2024-08-07,StateFarm,Life,Whole,298
2024-08-07,Allstate,Auto,Comprehensive,229
2024-08-07,Allstate,Auto,Liability,220
2024-08-07,Allstate,Home,Property,164
2024-08-07,Allstate,Home,Renters,143
2024-08-07,Allstate,Life,Term,268
2024-08-07,Allstate,Life,Whole,123
2024-08-08,Geico,Auto,Comprehensive,226
2024-08-08,Geico,Auto,Liability,158
2024-08-08,Geico,Home,Property,150
2024-08-08,Geico,Home,Renters,91
2024-08-08,Geico,Life,Term,144
2024-08-08,Geico,Life,Whole,61
2024-08-08,StateFarm,Auto,Comprehensive,345
2024-08-08,StateFarm,Auto,Liability,170
2024-08-08,StateFarm,Home,Property,67
2024-08-08,StateFarm,Home,Renters,238
2024-08-08,StateFarm,Life,Term,283
2024-08-08,StateFarm,Life,Whole,258
2024-08-08,Allstate,Auto,Comprehensive,297
2024-08-08,Allstate,Auto,Liability,159
2024-08-08,Allstate,Home,Property,196
2024-08-08,Allstate,Home,Renters,150
2024-08-08,Allstate,Life,Term,113
2024-08-08,Allstate,Life,Whole,155
2024-08-09,Geico,Auto,Comprehensive,339
2024-08-09,Geico,Auto,Liability,204
2024-08-09,Geico,Home,Property,55
2024-08-09,Geico,Home,Renters,271
2024-08-09,Geico,Life,Term,184
2024-08-09,Geico,Life,Whole,122
2024-08-09,StateFarm,Auto,Comprehensive,277
2024-08-09,StateFarm,Auto,Liability,116
2024-08-09,StateFarm,Home,Property,285
2024-08-09,StateFarm,Home,Renters,223
2024-08-09,StateFarm,Life,Term,254
2024-08-09,StateFarm,Life,Whole,299
2024-08-09,Allstate,Auto,Comprehensive,331
2024-08-09,Allstate,Auto,Liability,203
2024-08-09,Allstate,Home,Property,199
2024-08-09,Allstate,Home,Renters,138
2024-08-09,Allstate,Life,Term,228
2024-08-09,Allstate,Life,Whole,146
2024-08-10,Geico,Auto,Comprehensive,236
2024-08-10,Geico,Auto,Liability,132
2024-08-10,Geico,Home,Property,140
2024-08-10,Geico,Home,Renters,125
2024-08-10,Geico,Life,Term,118
2024-08-10,Geico,Life,Whole,81
2024-08-10,StateFarm,Auto,Comprehensive,171
2024-08-10,StateFarm,Auto,Liability,283
2024-08-10,StateFarm,Home,Property,73
2024-08-10,StateFarm,Home,Renters,63
2024-08-10,StateFarm,Life,Term,101
2024-08-10,StateFarm,Life,Whole,131
2024-08-10,Allstate,Auto,Comprehensive,188
2024-08-10,Allstate,Auto,Liability,203
2024-08-10,Allstate,Home,Property,234
2024-08-10,Allstate,Home,Renters,212
2024-08-10,Allstate,Life,Term,213
2024-08-10,Allstate,Life,Whole,150
2024-08-11,Geico,Auto,Comprehensive,237
2024-08-11,Geico,Auto,Liability,169
2024-08-11,Geico,Home,Property,269
2024-08-11,Geico,Home,Renters,169
2024-08-11,Geico,Life,Term,224
2024-08-11,Geico,Life,Whole,289
2024-08-11,StateFarm,Auto,Comprehensive,273
2024-08-11,StateFarm,Auto,Liability,338
2024-08-11,StateFarm,Home,Property,132
2024-08-11,StateFarm,Home,Renters,126
2024-08-11,StateFarm,Life,Term,251
2024-08-11,StateFarm,Life,Whole,209
2024-08-11,Allstate,Auto,Comprehensive,294
2024-08-11,Allstate,Auto,Liability,142
2024-08-11,Allstate,Home,Property,197
2024-08-11,Allstate,Home,Renters,68
2024-08-11,Allstate,Life,Term,91
2024-08-11,Allstate,Life,Whole,171
2024-08-12,Geico,Auto,Comprehensive,302
2024-08-12,Geico,Auto,Liability,136
2024-08-12,Geico,Home,Property,241
2024-08-12,Geico,Home,Renters,298
2024-08-12,Geico,Life,Term,217
2024-08-12,Geico,Life,Whole,171
2024-08-12,StateFarm,Auto,Comprehensive,296
2024-08-12,StateFarm,Auto,Liability,265
2024-08-12,StateFarm,Home,Property,233
2024-08-12,StateFarm,Home,Renters,263
2024-08-12,StateFarm,Life,Term,283
2024-08-12,StateFarm,Life,Whole,148
2024-08-12,Allstate,Auto,Comprehensive,176
2024-08-12,Allstate,Auto,Liability,279
2024-08-12,Allstate,Home,Property,152
2024-08-12,Allstate,Home,Renters,101
2024-08-12,Allstate,Life,Term,189
2024-08-12,Allstate,Life,Whole,148
2024-08-13,Geico,Auto,Comprehensive,265
2024-08-13,Geico,Auto,Liability,284
2024-08-13,Geico,Home,Property,260
2024-08-13,Geico,Home,Renters,120
2024-08-13,Geico,Life,Term,169
2024-08-13,Geico,Life,Whole,89
2024-08-13,StateFarm,Auto,Comprehensive,131
2024-08-13,StateFarm,Auto,Liability,284
2024-08-13,StateFarm,Home,Property,78
2024-08-13,StateFarm,Home,Renters,123
2024-08-13,StateFarm,Life,Term,125
2024-08-13,StateFarm,Life,Whole,123
2024-08-13,Allstate,Auto,Comprehensive,324
2024-08-13,Allstate,Auto,Liability,232
2024-08-13,Allstate,Home,Property,141
2024-08-13,Allstate,Home,Renters,281
2024-08-13,Allstate,Life,Term,191
2024-08-13,Allstate,Life,Whole,224
2024-08-14,Geico,Auto,Comprehensive,192
2024-08-14,Geico,Auto,Liability,84
2024-08-14,Geico,Home,Property,284
2024-08-14,Geico,Home,Renters,273
2024-08-14,Geico,Life,Term,125
2024-08-14,Geico,Life,Whole,89
2024-08-14,StateFarm,Auto,Comprehensive,103
2024-08-14,StateFarm,Auto,Liability,180
2024-08-14,StateFarm,Home,Property,189
2024-08-14,StateFarm,Home,Renters,99
2024-08-14,StateFarm,Life,Term,73
2024-08-14,StateFarm,Life,Whole,124
2024-08-14,Allstate,Auto,Comprehensive,171
2024-08-14,Allstate,Auto,Liability,304
2024-08-14,Allstate,Home,Property,248
2024-08-14,Allstate,Home,Renters,133
2024-08-14,Allstate,Life,Term,79
2024-08-14,Allstate,Life,Whole,60
2024-08-15,Geico,Auto,Comprehensive,232
2024-08-15,Geico,Auto,Liability,162
2024-08-15,Geico,Home,Property,263
2024-08-15,Geico,Home,Renters,279
2024-08-15,Geico,Life,Term,167
2024-08-15,Geico,Life,Whole,107
2024-08-15,StateFarm,Auto,Comprehensive,239
2024-08-15,StateFarm,Auto,Liability,260
2024-08-15,StateFarm,Home,Property,249
2024-08-15,StateFarm,Home,Renters,108
2024-08-15,StateFarm,Life,Term,237
2024-08-15,StateFarm,Life,Whole,189
2024-08-15,Allstate,Auto,Comprehensive,149
2024-08-15,Allstate,Auto,Liability,158
2024-08-15,Allstate,Home,Property,72
2024-08-15,Allstate,Home,Renters,92
2024-08-15,Allstate,Life,Term,179
2024-08-15,Allstate,Life,Whole,146
2024-08-16,Geico,Auto,Comprehensive,79
2024-08-16,Geico,Auto,Liability,262
2024-08-16,Geico,Home,Property,232
2024-08-16,Geico,Home,Renters,246
2024-08-16,Geico,Life,Term,277
2024-08-16,Geico,Life,Whole,119
2024-08-16,StateFarm,Auto,Comprehensive,129
2024-08-16,StateFarm,Auto,Liability,193
2024-08-16,StateFarm,Home,Property,118
2024-08-16,StateFarm,Home,Renters,287
2024-08-16,StateFarm,Life,Term,76
2024-08-16,StateFarm,Life,Whole,213
2024-08-16,Allstate,Auto,Comprehensive,302
2024-08-16,Allstate,Auto,Liability,288
2024-08-16,Allstate,Home,Property,123
2024-08-16,Allstate,Home,Renters,177
2024-08-16,Allstate,Life,Term,145
2024-08-16,Allstate,Life,Whole,225
2024-08-17,Geico,Auto,Comprehensive,111
2024-08-17,Geico,Auto,Liability,288
2024-08-17,Geico,Home,Property,61
2024-08-17,Geico,Home,Renters,58
2024-08-17,Geico,Life,Term,102
2024-08-17,Geico,Life,Whole,181
2024-08-17,StateFarm,Auto,Comprehensive,130
2024-08-17,StateFarm,Auto,Liability,161
2024-08-17,StateFarm,Home,Property,222
2024-08-17,StateFarm,Home,Renters,87
2024-08-17,StateFarm,Life,Term,285
2024-08-17,StateFarm,Life,Whole,206
2024-08-17,Allstate,Auto,Comprehensive,301
2024-08-17,Allstate,Auto,Liability,168
2024-08-17,Allstate,Home,Property,280
2024-08-17,Allstate,Home,Renters,99
2024-08-17,Allstate,Life,Term,261
2024-08-17,Allstate,Life,Whole,229
2024-08-18,Geico,Auto,Comprehensive,132
2024-08-18,Geico,Auto,Liability,174
2024-08-18,Geico,Home,Property,260
2024-08-18,Geico,Home,Renters,264
2024-08-18,Geico,Life,Term,260
2024-08-18,Geico,Life,Whole,160
2024-08-18,StateFarm,Auto,Comprehensive,89
2024-08-18,StateFarm,Auto,Liability,287
2024-08-18,StateFarm,Home,Property,205
2024-08-18,StateFarm,Home,Renters,124
2024-08-18,StateFarm,Life,Term,283
2024-08-18,StateFarm,Life,Whole,209
2024-08-18,Allstate,Auto,Comprehensive,116
2024-08-18,Allstate,Auto,Liability,216
2024-08-18,Allstate,Home,Property,64
2024-08-18,Allstate,Home,Renters,192
2024-08-18,Allstate,Life,Term,115
2024-08-18,Allstate,Life,Whole,83
2024-08-19,Geico,Auto,Comprehensive,239
2024-08-19,Geico,Auto,Liability,303
2024-08-19,Geico,Home,Property,108
2024-08-19,Geico,Home,Renters,245
2024-08-19,Geico,Life,Term,228
2024-08-19,Geico,Life,Whole,192
2024-08-19,StateFarm,Auto,Comprehensive,210
2024-08-19,StateFarm,Auto,Liability,255
2024-08-19,StateFarm,Home,Property,200
2024-08-19,StateFarm,Home,Renters,90
2024-08-19,StateFarm,Life,Term,54
2024-08-19,StateFarm,Life,Whole,115
2024-08-19,Allstate,Auto,Comprehensive,262
2024-08-19,Allstate,Auto,Liability,95
2024-08-19,Allstate,Home,Property,217
2024-08-19,Allstate,Home,Renters,284
2024-08-19,Allstate,Life,Term,281
2024-08-19,Allstate,Life,Whole,239
2024-08-20,Geico,Auto,Comprehensive,202
2024-08-20,Geico,Auto,Liability,133
2024-08-20,Geico,Home,Property,78
2024-08-20,Geico,Home,Renters,68
2024-08-20,Geico,Life,Term,174
2024-08-20,Geico,Life,Whole,223
2024-08-20,StateFarm,Auto,Comprehensive,359
2024-08-20,StateFarm,Auto,Liability,323
2024-08-20,StateFarm,Home,Property,178
2024-08-20,StateFarm,Home,Renters,271
2024-08-20,StateFarm,Life,Term,199
2024-08-20,StateFarm,Life,Whole,218
2024-08-20,Allstate,Auto,Comprehensive,272
2024-08-20,Allstate,Auto,Liability,255
2024-08-20,Allstate,Home,Property,167
2024-08-20,Allstate,Home,Renters,167
2024-08-20,Allstate,Life,Term,235
2024-08-20,Allstate,Life,Whole,149
2024-08-21,Geico,Auto,Comprehensive,225
2024-08-21,Geico,Auto,Liability,177
2024-08-21,Geico,Home,Property,90
2024-08-21,Geico,Home,Renters,109
2024-08-21,Geico,Life,Term,188
2024-08-21,Geico,Life,Whole,207
2024-08-21,StateFarm,Auto,Comprehensive,186
2024-08-21,StateFarm,Auto,Liability,135
2024-08-21,StateFarm,Home,Property,181
2024-08-21,StateFarm,Home,Renters,184
2024-08-21,StateFarm,Life,Term,244
2024-08-21,StateFarm,Life,Whole,66
2024-08-21,Allstate,Auto,Comprehensive,191
2024-08-21,Allstate,Auto,Liability,209
2024-08-21,Allstate,Home,Property,226
2024-08-21,Allstate,Home,Renters,154
2024-08-21,Allstate,Life,Term,97
2024-08-21,Allstate,Life,Whole,74
2024-08-22,Geico,Auto,Comprehensive,140
2024-08-22,Geico,Auto,Liability,196
2024-08-22,Geico,Home,Property,77
2024-08-22,Geico,Home,Renters,131
2024-08-22,Geico,Life,Term,174
2024-08-22,Geico,Life,Whole,134
2024-08-22,StateFarm,Auto,Comprehensive,317
2024-08-22,StateFarm,Auto,Liability,284
2024-08-22,StateFarm,Home,Property,220
2024-08-22,StateFarm,Home,Renters,98
2024-08-22,StateFarm,Life,Term,220
2024-08-22,StateFarm,Life,Whole,83
2024-08-22,Allstate,Auto,Comprehensive,147
2024-08-22,Allstate,Auto,Liability,214
2024-08-22,Allstate,Home,Property,182
2024-08-22,Allstate,Home,Renters,158
2024-08-22,Allstate,Life,Term,238
2024-08-22,Allstate,Life,Whole,62
2024-08-23,Geico,Auto,Comprehensive,357
2024-08-23,Geico,Auto,Liability,145
2024-08-23,Geico,Home,Property,51
2024-08-23,Geico,Home,Renters,237
2024-08-23,Geico,Life,Term,71
2024-08-23,Geico,Life,Whole,286
2024-08-23,StateFarm,Auto,Comprehensive,165
2024-08-23,StateFarm,Auto,Liability,226
2024-08-23,StateFarm,Home,Property,289
2024-08-23,StateFarm,Home,Renters,160
2024-08-23,StateFarm,Life,Term,186
2024-08-23,StateFarm,Life,Whole,203
2024-08-23,Allstate,Auto,Comprehensive,184
2024-08-23,Allstate,Auto,Liability,370
2024-08-23,Allstate,Home,Property,112
2024-08-23,Allstate,Home,Renters,174
2024-08-23,Allstate,Life,Term,204
2024-08-23,Allstate,Life,Whole,248
2024-08-24,Geico,Auto,Comprehensive,247
2024-08-24,Geico,Auto,Liability,99
2024-08-24,Geico,Home,Property,297
2024-08-24,Geico,Home,Renters,51
2024-08-24,Geico,Life,Term,138
2024-08-24,Geico,Life,Whole,219
2024-08-24,StateFarm,Auto,Comprehensive,116
2024-08-24,StateFarm,Auto,Liability,310
2024-08-24,StateFarm,Home,Property,145
2024-08-24,StateFarm,Home,Renters,161
2024-08-24,StateFarm,Life,Term,175
2024-08-24,StateFarm,Life,Whole,151
2024-08-24,Allstate,Auto,Comprehensive,203
2024-08-24,Allstate,Auto,Liability,129
2024-08-24,Allstate,Home,Property,232
2024-08-24,Allstate,Home,Renters,192
2024-08-24,Allstate,Life,Term,192
2024-08-24,Allstate,Life,Whole,161
2024-08-25,Geico,Auto,Comprehensive,338
2024-08-25,Geico,Auto,Liability,343
2024-08-25,Geico,Home,Property,221
2024-08-25,Geico,Home,Renters,195
2024-08-25,Geico,Life,Term,129
2024-08-25,Geico,Life,Whole,188
2024-08-25,StateFarm,Auto,Comprehensive,231
2024-08-25,StateFarm,Auto,Liability,275
2024-08-25,StateFarm,Home,Property,137
2024-08-25,StateFarm,Home,Renters,123
2024-08-25,StateFarm,Life,Term,221
2024-08-25,StateFarm,Life,Whole,217
2024-08-25,Allstate,Auto,Comprehensive,280
2024-08-25,Allstate,Auto,Liability,131
2024-08-25,Allstate,Home,Property,137
2024-08-25,Allstate,Home,Renters,60
2024-08-25,Allstate,Life,Term,106
2024-08-25,Allstate,Life,Whole,133
2024-08-26,Geico,Auto,Comprehensive,217
2024-08-26,Geico,Auto,Liability,117
2024-08-26,Geico,Home,Property,121
2024-08-26,Geico,Home,Renters,52
2024-08-26,Geico,Life,Term,149
2024-08-26,Geico,Life,Whole,222
2024-08-26,StateFarm,Auto,Comprehensive,253
2024-08-26,StateFarm,Auto,Liability,135
2024-08-26,StateFarm,Home,Property,213
2024-08-26,StateFarm,Home,Renters,240
2024-08-26,StateFarm,Life,Term,172
2024-08-26,StateFarm,Life,Whole,252
2024-08-26,Allstate,Auto,Comprehensive,321
2024-08-26,Allstate,Auto,Liability,302
2024-08-26,Allstate,Home,Property,198
2024-08-26,Allstate,Home,Renters,277
2024-08-26,Allstate,Life,Term,120
2024-08-26,Allstate,Life,Whole,290
2024-08-27,Geico,Auto,Comprehensive,279
2024-08-27,Geico,Auto,Liability,343
2024-08-27,Geico,Home,Property,120
2024-08-27,Geico,Home,Renters,230
2024-08-27,Geico,Life,Term,153
2024-08-27,Geico,Life,Whole,235
2024-08-27,StateFarm,Auto,Comprehensive,211
2024-08-27,StateFarm,Auto,Liability,231
2024-08-27,StateFarm,Home,Property,228
2024-08-27,StateFarm,Home,Renters,84
2024-08-27,StateFarm,Life,Term,230
2024-08-27,StateFarm,Life,Whole,273
2024-08-27,Allstate,Auto,Comprehensive,245
2024-08-27,Allstate,Auto,Liability,324
2024-08-27,Allstate,Home,Property,99
2024-08-27,Allstate,Home,Renters,167
2024-08-27,Allstate,Life,Term,95
2024-08-27,Allstate,Life,Whole,206
2024-08-28,Geico,Auto,Comprehensive,263
2024-08-28,Geico,Auto,Liability,320
2024-08-28,Geico,Home,Property,242
2024-08-28,Geico,Home,Renters,291
2024-08-28,Geico,Life,Term,254
2024-08-28,Geico,Life,Whole,205
2024-08-28,StateFarm,Auto,Comprehensive,129
2024-08-28,StateFarm,Auto,Liability,289
2024-08-28,StateFarm,Home,Property,277
2024-08-28,StateFarm,Home,Renters,222
2024-08-28,StateFarm,Life,Term,78
2024-08-28,StateFarm,Life,Whole,292
2024-08-28,Allstate,Auto,Comprehensive,329
2024-08-28,Allstate,Auto,Liability,286
2024-08-28,Allstate,Home,Property,268
2024-08-28,Allstate,Home,Renters,283
2024-08-28,Allstate,Life,Term,239
2024-08-28,Allstate,Life,Whole,263
2024-08-29,Geico,Auto,Comprehensive,155
2024-08-29,Geico,Auto,Liability,297
2024-08-29,Geico,Home,Property,272
2024-08-29,Geico,Home,Renters,52
2024-08-29,Geico,Life,Term,84
2024-08-29,Geico,Life,Whole,151
2024-08-29,StateFarm,Auto,Comprehensive,241
2024-08-29,StateFarm,Auto,Liability,268
2024-08-29,StateFarm,Home,Property,218
2024-08-29,StateFarm,Home,Renters,180
2024-08-29,StateFarm,Life,Term,132
2024-08-29,StateFarm,Life,Whole,234
2024-08-29,Allstate,Auto,Comprehensive,206
2024-08-29,Allstate,Auto,Liability,272
2024-08-29,Allstate,Home,Property,234
2024-08-29,Allstate,Home,Renters,276
2024-08-29,Allstate,Life,Term,283
2024-08-29,Allstate,Life,Whole,210
2024-08-30,Geico,Auto,Comprehensive,171
2024-08-30,Geico,Auto,Liability,195
2024-08-30,Geico,Home,Property,227
2024-08-30,Geico,Home,Renters,253
2024-08-30,Geico,Life,Term,266
2024-08-30,Geico,Life,Whole,111
2024-08-30,StateFarm,Auto,Comprehensive,335
2024-08-30,StateFarm,Auto,Liability,245
2024-08-30,StateFarm,Home,Property,128
2024-08-30,StateFarm,Home,Renters,144
2024-08-30,StateFarm,Life,Term,79
2024-08-30,StateFarm,Life,Whole,52
2024-08-30,Allstate,Auto,Comprehensive,192
2024-08-30,Allstate,Auto,Liability,281
2024-08-30,Allstate,Home,Property,115
2024-08-30,Allstate,Home,Renters,166
2024-08-30,Allstate,Life,Term,260
2024-08-30,Allstate,Life,Whole,83
2024-08-31,Geico,Auto,Comprehensive,302
2024-08-31,Geico,Auto,Liability,264
2024-08-31,Geico,Home,Property,205
2024-08-31,Geico,Home,Renters,174
2024-08-31,Geico,Life,Term,282
2024-08-31,Geico,Life,Whole,75
2024-08-31,StateFarm,Auto,Comprehensive,322
2024-08-31,StateFarm,Auto,Liability,292
2024-08-31,StateFarm,Home,Property,214
2024-08-31,StateFarm,Home,Renters,267
2024-08-31,StateFarm,Life,Term,152
2024-08-31,StateFarm,Life,Whole,102
2024-08-31,Allstate,Auto,Comprehensive,245
2024-08-31,Allstate,Auto,Liability,229
2024-08-31,Allstate,Home,Property,174
2024-08-31,Allstate,Home,Renters,246
2024-08-31,Allstate,Life,Term,235
2024-08-31,Allstate,Life,Whole,161
2024-09-01,Geico,Auto,Comprehensive,157
2024-09-01,Geico,Auto,Liability,258
2024-09-01,Geico,Home,Property,166
2024-09-01,Geico,Home,Renters,213
2024-09-01,Geico,Life,Term,178
2024-09-01,Geico,Life,Whole,70
2024-09-01,StateFarm,Auto,Comprehensive,197
2024-09-01,StateFarm,Auto,Liability,107
2024-09-01,StateFarm,Home,Property,137
2024-09-01,StateFarm,Home,Renters,101
2024-09-01,StateFarm,Life,Term,97
2024-09-01,StateFarm,Life,Whole,79
2024-09-01,Allstate,Auto,Comprehensive,283
2024-09-01,Allstate,Auto,Liability,226
2024-09-01,Allstate,Home,Property,105
2024-09-01,Allstate,Home,Renters,132
2024-09-01,Allstate,Life,Term,241
2024-09-01,Allstate,Life,Whole,125
2024-09-02,Geico,Auto,Comprehensive,108
2024-09-02,Geico,Auto,Liability,313
2024-09-02,Geico,Home,Property,63
2024-09-02,Geico,Home,Renters,237
2024-09-02,Geico,Life,Term,277
2024-09-02,Geico,Life,Whole,185
2024-09-02,StateFarm,Auto,Comprehensive,370
2024-09-02,StateFarm,Auto,Liability,142
2024-09-02,StateFarm,Home,Property,63
2024-09-02,StateFarm,Home,Renters,132
2024-09-02,StateFarm,Life,Term,140
2024-09-02,StateFarm,Life,Whole,50
2024-09-02,Allstate,Auto,Comprehensive,197
2024-09-02,Allstate,Auto,Liability,108
2024-09-02,Allstate,Home,Property,228
2024-09-02,Allstate,Home,Renters,208
2024-09-02,Allstate,Life,Term,265
2024-09-02,Allstate,Life,Whole,186
2024-09-03,Geico,Auto,Comprehensive,308
2024-09-03,Geico,Auto,Liability,201
2024-09-03,Geico,Home,Property,299
2024-09-03,Geico,Home,Renters,264
2024-09-03,Geico,Life,Term,186
2024-09-03,Geico,Life,Whole,86
2024-09-03,StateFarm,Auto,Comprehensive,278
2024-09-03,StateFarm,Auto,Liability,305
2024-09-03,StateFarm,Home,Property,231
2024-09-03,StateFarm,Home,Renters,283
2024-09-03,StateFarm,Life,Term,118
2024-09-03,StateFarm,Life,Whole,55
2024-09-03,Allstate,Auto,Comprehensive,269
2024-09-03,Allstate,Auto,Liability,233
2024-09-03,Allstate,Home,Property,182
2024-09-03,Allstate,Home,Renters,176
2024-09-03,Allstate,Life,Term,199
2024-09-03,Allstate,Life,Whole,149
2024-09-04,Geico,Auto,Comprehensive,155
2024-09-04,Geico,Auto,Liability,242
2024-09-04,Geico,Home,Property,59
2024-09-04,Geico,Home,Renters,188
2024-09-04,Geico,Life,Term,163
2024-09-04,Geico,Life,Whole,207
2024-09-04,StateFarm,Auto,Comprehensive,186
2024-09-04,StateFarm,Auto,Liability,169
2024-09-04,StateFarm,Home,Property,119
2024-09-04,StateFarm,Home,Renters,288
2024-09-04,StateFarm,Life,Term,260
2024-09-04,StateFarm,Life,Whole,285
2024-09-04,Allstate,Auto,Comprehensive,265
2024-09-04,Allstate,Auto,Liability,311
2024-09-04,Allstate,Home,Property,117
2024-09-04,Allstate,Home,Renters,183
2024-09-04,Allstate,Life,Term,182
2024-09-04,Allstate,Life,Whole,178
2024-09-05,Geico,Auto,Comprehensive,140
2024-09-05,Geico,Auto,Liability,142
2024-09-05,Geico,Home,Property,186
2024-09-05,Geico,Home,Renters,278
2024-09-05,Geico,Life,Term,288
2024-09-05,Geico,Life,Whole,57
2024-09-05,StateFarm,Auto,Comprehensive,350
2024-09-05,StateFarm,Auto,Liability,127
2024-09-05,StateFarm,Home,Property,156
2024-09-05,StateFarm,Home,Renters,246
2024-09-05,StateFarm,Life,Term,192
2024-09-05,StateFarm,Life,Whole,66
2024-09-05,Allstate,Auto,Comprehensive,267
2024-09-05,Allstate,Auto,Liability,103
2024-09-05,Allstate,Home,Property,154
2024-09-05,Allstate,Home,Renters,232
2024-09-05,Allstate,Life,Term,177
2024-09-05,Allstate,Life,Whole,62
2024-09-06,Geico,Auto,Comprehensive,324
2024-09-06,Geico,Auto,Liability,335
2024-09-06,Geico,Home,Property,74
2024-09-06,Geico,Home,Renters,213
2024-09-06,Geico,Life,Term,252
2024-09-06,Geico,Life,Whole,132
2024-09-06,StateFarm,Auto,Comprehensive,235
2024-09-06,StateFarm,Auto,Liability,202
2024-09-06,StateFarm,Home,Property,118
2024-09-06,StateFarm,Home,Renters,279
2024-09-06,StateFarm,Life,Term,76
2024-09-06,StateFarm,Life,Whole,186
2024-09-06,Allstate,Auto,Comprehensive,294
2024-09-06,Allstate,Auto,Liability,272
2024-09-06,Allstate,Home,Property,163
2024-09-06,Allstate,Home,Renters,104
2024-09-06,Allstate,Life,Term,218
2024-09-06,Allstate,Life,Whole,175
2024-09-07,Geico,Auto,Comprehensive,237
2024-09-07,Geico,Auto,Liability,185
2024-09-07,Geico,Home,Property,175
2024-09-07,Geico,Home,Renters,142
2024-09-07,Geico,Life,Term,150
2024-09-07,Geico,Life,Whole,110
2024-09-07,StateFarm,Auto,Comprehensive,220
2024-09-07,StateFarm,Auto,Liability,123
2024-09-07,StateFarm,Home,Property,177
2024-09-07,StateFarm,Home,Renters,142
2024-09-07,StateFarm,Life,Term,294
2024-09-07,StateFarm,Life,Whole,285
2024-09-07,Allstate,Auto,Comprehensive,374
2024-09-07,Allstate,Auto,Liability,190
2024-09-07,Allstate,Home,Property,74
2024-09-07,Allstate,Home,Renters,218
2024-09-07,Allstate,Life,Term,115
2024-09-07,Allstate,Life,Whole,193
2024-09-08,Geico,Auto,Comprehensive,116
2024-09-08,Geico,Auto,Liability,145
2024-09-08,Geico,Home,Property,277
2024-09-08,Geico,Home,Renters,263
2024-09-08,Geico,Life,Term,189
2024-09-08,Geico,Life,Whole,250
2024-09-08,StateFarm,Auto,Comprehensive,269
2024-09-08,StateFarm,Auto,Liability,339
2024-09-08,StateFarm,Home,Property,92
2024-09-08,StateFarm,Home,Renters,129
2024-09-08,StateFarm,Life,Term,68
2024-09-08,StateFarm,Life,Whole,267
2024-09-08,Allstate,Auto,Comprehensive,151
2024-09-08,Allstate,Auto,Liability,151
2024-09-08,Allstate,Home,Property,62
2024-09-08,Allstate,Home,Renters,159
2024-09-08,Allstate,Life,Term,92
2024-09-08,Allstate,Life,Whole,81
2024-09-09,Geico,Auto,Comprehensive,274
2024-09-09,Geico,Auto,Liability,314
2024-09-09,Geico,Home,Property,272
2024-09-09,Geico,Home,Renters,256
2024-09-09,Geico,Life,Term,148
2024-09-09,Geico,Life,Whole,275
2024-09-09,StateFarm,Auto,Comprehensive,287
2024-09-09,StateFarm,Auto,Liability,147
2024-09-09,StateFarm,Home,Property,138
2024-09-09,StateFarm,Home,Renters,249
2024-09-09,StateFarm,Life,Term,83
2024-09-09,StateFarm,Life,Whole,291
2024-09-09,Allstate,Auto,Comprehensive,195
2024-09-09,Allstate,Auto,Liability,213
2024-09-09,Allstate,Home,Property,235
2024-09-09,Allstate,Home,Renters,280
2024-09-09,Allstate,Life,Term,240
2024-09-09,Allstate,Life,Whole,261
2024-09-10,Geico,Auto,Comprehensive,361
2024-09-10,Geico,Auto,Liability,130
2024-09-10,Geico,Home,Property,299
2024-09-10,Geico,Home,Renters,226
2024-09-10,Geico,Life,Term,111
2024-09-10,Geico,Life,Whole,185
2024-09-10,StateFarm,Auto,Comprehensive,116
2024-09-10,StateFarm,Auto,Liability,310
2024-09-10,StateFarm,Home,Property,154
2024-09-10,StateFarm,Home,Renters,222
2024-09-10,StateFarm,Life,Term,282
2024-09-10,StateFarm,Life,Whole,77
2024-09-10,Allstate,Auto,Comprehensive,162
2024-09-10,Allstate,Auto,Liability,101
2024-09-10,Allstate,Home,Property,254
2024-09-10,Allstate,Home,Renters,282
2024-09-10,Allstate,Life,Term,159
2024-09-10,Allstate,Life,Whole,288
2024-09-11,Geico,Auto,Comprehensive,354
2024-09-11,Geico,Auto,Liability,257
2024-09-11,Geico,Home,Property,149
2024-09-11,Geico,Home,Renters,251
2024-09-11,Geico,Life,Term,195
2024-09-11,Geico,Life,Whole,179
2024-09-11,StateFarm,Auto,Comprehensive,280
2024-09-11,StateFarm,Auto,Liability,305
2024-09-11,StateFarm,Home,Property,184
2024-09-11,StateFarm,Home,Renters,249
2024-09-11,StateFarm,Life,Term,135
2024-09-11,StateFarm,Life,Whole,131
2024-09-11,Allstate,Auto,Comprehensive,132
2024-09-11,Allstate,Auto,Liability,298
2024-09-11,Allstate,Home,Property,213
2024-09-11,Allstate,Home,Renters,162
2024-09-11,Allstate,Life,Term,226
2024-09-11,Allstate,Life,Whole,239
2024-09-12,Geico,Auto,Comprehensive,337
2024-09-12,Geico,Auto,Liability,189
2024-09-12,Geico,Home,Property,53
2024-09-12,Geico,Home,Renters,96
2024-09-12,Geico,Life,Term,154
2024-09-12,Geico,Life,Whole,190
2024-09-12,StateFarm,Auto,Comprehensive,180
2024-09-12,StateFarm,Auto,Liability,270
2024-09-12,StateFarm,Home,Property,234
2024-09-12,StateFarm,Home,Renters,217
2024-09-12,StateFarm,Life,Term,86
2024-09-12,StateFarm,Life,Whole,181
2024-09-12,Allstate,Auto,Comprehensive,230
2024-09-12,Allstate,Auto,Liability,344
2024-09-12,Allstate,Home,Property,151
2024-09-12,Allstate,Home,Renters,50
2024-09-12,Allstate,Life,Term,159
2024-09-12,Allstate,Life,Whole,219
2024-09-13,Geico,Auto,Comprehensive,141
2024-09-13,Geico,Auto,Liability,286
2024-09-13,Geico,Home,Property,268
2024-09-13,Geico,Home,Renters,55
2024-09-13,Geico,Life,Term,104
2024-09-13,Geico,Life,Whole,100
2024-09-13,StateFarm,Auto,Comprehensive,280
2024-09-13,StateFarm,Auto,Liability,192
2024-09-13,StateFarm,Home,Property,248
2024-09-13,StateFarm,Home,Renters,219
2024-09-13,StateFarm,Life,Term,281
2024-09-13,StateFarm,Life,Whole,221
2024-09-13,Allstate,Auto,Comprehensive,328
2024-09-13,Allstate,Auto,Liability,260
2024-09-13,Allstate,Home,Property,184
2024-09-13,Allstate,Home,Renters,170
2024-09-13,Allstate,Life,Term,144
2024-09-13,Allstate,Life,Whole,264
2024-09-14,Geico,Auto,Comprehensive,275
2024-09-14,Geico,Auto,Liability,298
2024-09-14,Geico,Home,Property,225
2024-09-14,Geico,Home,Renters,245
2024-09-14,Geico,Life,Term,125
2024-09-14,Geico,Life,Whole,76
2024-09-14,StateFarm,Auto,Comprehensive,268
2024-09-14,StateFarm,Auto,Liability,221
2024-09-14,StateFarm,Home,Property,216
2024-09-14,StateFarm,Home,Renters,206
2024-09-14,StateFarm,Life,Term,114
2024-09-14,StateFarm,Life,Whole,188
2024-09-14,Allstate,Auto,Comprehensive,212
2024-09-14,Allstate,Auto,Liability,173
2024-09-14,Allstate,Home,Property,186
2024-09-14,Allstate,Home,Renters,221
2024-09-14,Allstate,Life,Term,243
2024-09-14,Allstate,Life,Whole,84
2024-09-15,Geico,Auto,Comprehensive,97
2024-09-15,Geico,Auto,Liability,305
2024-09-15,Geico,Home,Property,160
2024-09-15,Geico,Home,Renters,54
2024-09-15,Geico,Life,Term,219
2024-09-15,Geico,Life,Whole,185
2024-09-15,StateFarm,Auto,Comprehensive,303
2024-09-15,StateFarm,Auto,Liability,326
2024-09-15,StateFarm,Home,Property,80
2024-09-15,StateFarm,Home,Renters,243
2024-09-15,StateFarm,Life,Term,224
2024-09-15,StateFarm,Life,Whole,179
2024-09-15,Allstate,Auto,Comprehensive,325
2024-09-15,Allstate,Auto,Liability,99
2024-09-15,Allstate,Home,Property,91
2024-09-15,Allstate,Home,Renters,103
2024-09-15,Allstate,Life,Term,298
2024-09-15,Allstate,Life,Whole,52
2024-09-16,Geico,Auto,Comprehensive,312
2024-09-16,Geico,Auto,Liability,234
2024-09-16,Geico,Home,Property,151
2024-09-16,Geico,Home,Renters,280
2024-09-16,Geico,Life,Term,252
2024-09-16,Geico,Life,Whole,92
2024-09-16,StateFarm,Auto,Comprehensive,140
2024-09-16,StateFarm,Auto,Liability,157
2024-09-16,StateFarm,Home,Property,192
2024-09-16,StateFarm,Home,Renters,184
2024-09-16,StateFarm,Life,Term,168
2024-09-16,StateFarm,Life,Whole,221
2024-09-16,Allstate,Auto,Comprehensive,137
2024-09-16,Allstate,Auto,Liability,196
2024-09-16,Allstate,Home,Property,75
2024-09-16,Allstate,Home,Renters,220
2024-09-16,Allstate,Life,Term,233
2024-09-16,Allstate,Life,Whole,219
2024-09-17,Geico,Auto,Comprehensive,117
2024-09-17,Geico,Auto,Liability,117
2024-09-17,Geico,Home,Property,169
2024-09-17,Geico,Home,Renters,295
2024-09-17,Geico,Life,Term,138
2024-09-17,Geico,Life,Whole,64
2024-09-17,StateFarm,Auto,Comprehensive,280
2024-09-17,StateFarm,Auto,Liability,346
2024-09-17,StateFarm,Home,Property,172
2024-09-17,StateFarm,Home,Renters,150
2024-09-17,StateFarm,Life,Term,290
2024-09-17,StateFarm,Life,Whole,281
2024-09-17,Allstate,Auto,Comprehensive,240
2024-09-17,Allstate,Auto,Liability,157
2024-09-17,Allstate,Home,Property,202
2024-09-17,Allstate,Home,Renters,169
2024-09-17,Allstate,Life,Term,89
2024-09-17,Allstate,Life,Whole,238
2024-09-18,Geico,Auto,Comprehensive,227
2024-09-18,Geico,Auto,Liability,137
2024-09-18,Geico,Home,Property,139
2024-09-18,Geico,Home,Renters,203
2024-09-18,Geico,Life,Term,117
2024-09-18,Geico,Life,Whole,296
2024-09-18,StateFarm,Auto,Comprehensive,142
2024-09-18,StateFarm,Auto,Liability,111
2024-09-18,StateFarm,Home,Property,214
2024-09-18,StateFarm,Home,Renters,218
2024-09-18,StateFarm,Life,Term,253
2024-09-18,StateFarm,Life,Whole,90
2024-09-18,Allstate,Auto,Comprehensive,310
2024-09-18,Allstate,Auto,Liability,285
2024-09-18,Allstate,Home,Property,185
2024-09-18,Allstate,Home,Renters,284
2024-09-18,Allstate,Life,Term,285
2024-09-18,Allstate,Life,Whole,196
2024-09-19,Geico,Auto,Comprehensive,159
2024-09-19,Geico,Auto,Liability,133
2024-09-19,Geico,Home,Property,272
2024-09-19,Geico,Home,Renters,250
2024-09-19,Geico,Life,Term,111
2024-09-19,Geico,Life,Whole,181
2024-09-19,StateFarm,Auto,Comprehensive,227
2024-09-19,StateFarm,Auto,Liability,182
2024-09-19,StateFarm,Home,Property,97
2024-09-19,StateFarm,Home,Renters,274
2024-09-19,StateFarm,Life,Term,189
2024-09-19,StateFarm,Life,Whole,119
2024-09-19,Allstate,Auto,Comprehensive,302
2024-09-19,Allstate,Auto,Liability,182
2024-09-19,Allstate,Home,Property,59
2024-09-19,Allstate,Home,Renters,179
2024-09-19,Allstate,Life,Term,178
2024-09-19,Allstate,Life,Whole,231
2024-09-20,Geico,Auto,Comprehensive,160
2024-09-20,Geico,Auto,Liability,151
2024-09-20,Geico,Home,Property,295
2024-09-20,Geico,Home,Renters,259
2024-09-20,Geico,Life,Term,216
2024-09-20,Geico,Life,Whole,83
2024-09-20,StateFarm,Auto,Comprehensive,150
2024-09-20,StateFarm,Auto,Liability,310
2024-09-20,StateFarm,Home,Property,101
2024-09-20,StateFarm,Home,Renters,259
2024-09-20,StateFarm,Life,Term,67
2024-09-20,StateFarm,Life,Whole,136
2024-09-20,Allstate,Auto,Comprehensive,149
2024-09-20,Allstate,Auto,Liability,341
2024-09-20,Allstate,Home,Property,289
2024-09-20,Allstate,Home,Renters,118
2024-09-20,Allstate,Life,Term,124
2024-09-20,Allstate,Life,Whole,143
2024-09-21,Geico,Auto,Comprehensive,119
2024-09-21,Geico,Auto,Liability,239
2024-09-21,Geico,Home,Property,83
2024-09-21,Geico,Home,Renters,271
2024-09-21,Geico,Life,Term,239
2024-09-21,Geico,Life,Whole,189
2024-09-21,StateFarm,Auto,Comprehensive,91
2024-09-21,StateFarm,Auto,Liability,236
2024-09-21,StateFarm,Home,Property,229
2024-09-21,StateFarm,Home,Renters,126
2024-09-21,StateFarm,Life,Term,65
2024-09-21,StateFarm,Life,Whole,180
2024-09-21,Allstate,Auto,Comprehensive,176
2024-09-21,Allstate,Auto,Liability,354
2024-09-21,Allstate,Home,Property,206
2024-09-21,Allstate,Home,Renters,143
2024-09-21,Allstate,Life,Term,87
2024-09-21,Allstate,Life,Whole,188
2024-09-22,Geico,Auto,Comprehensive,246
2024-09-22,Geico,Auto,Liability,229
2024-09-22,Geico,Home,Property,89
2024-09-22,Geico,Home,Renters,66
2024-09-22,Geico,Life,Term,252
2024-09-22,Geico,Life,Whole,117
2024-09-22,StateFarm,Auto,Comprehensive,99
2024-09-22,StateFarm,Auto,Liability,327
2024-09-22,StateFarm,Home,Property,91
2024-09-22,StateFarm,Home,Renters,175
2024-09-22,StateFarm,Life,Term,103
2024-09-22,StateFarm,Life,Whole,198
2024-09-22,Allstate,Auto,Comprehensive,145
2024-09-22,Allstate,Auto,Liability,213
2024-09-22,Allstate,Home,Property,233
2024-09-22,Allstate,Home,Renters,233
2024-09-22,Allstate,Life,Term,105
2024-09-22,Allstate,Life,Whole,102
2024-09-23,Geico,Auto,Comprehensive,162
2024-09-23,Geico,Auto,Liability,271
2024-09-23,Geico,Home,Property,181
2024-09-23,Geico,Home,Renters,103
2024-09-23,Geico,Life,Term,240
2024-09-23,Geico,Life,Whole,165
2024-09-23,StateFarm,Auto,Comprehensive,276
2024-09-23,StateFarm,Auto,Liability,343
2024-09-23,StateFarm,Home,Property,177
2024-09-23,StateFarm,Home,Renters,250
2024-09-23,StateFarm,Life,Term,106
2024-09-23,StateFarm,Life,Whole,131
2024-09-23,Allstate,Auto,Comprehensive,162
2024-09-23,Allstate,Auto,Liability,279
2024-09-23,Allstate,Home,Property,291
2024-09-23,Allstate,Home,Renters,185
2024-09-23,Allstate,Life,Term,67
2024-09-23,Allstate,Life,Whole,55
2024-09-24,Geico,Auto,Comprehensive,216
2024-09-24,Geico,Auto,Liability,159
2024-09-24,Geico,Home,Property,114
2024-09-24,Geico,Home,Renters,236
2024-09-24,Geico,Life,Term,114
2024-09-24,Geico,Life,Whole,236
2024-09-24,StateFarm,Auto,Comprehensive,284
2024-09-24,StateFarm,Auto,Liability,120
2024-09-24,StateFarm,Home,Property,161
2024-09-24,StateFarm,Home,Renters,140
2024-09-24,StateFarm,Life,Term,96
2024-09-24,StateFarm,Life,Whole,172
2024-09-24,Allstate,Auto,Comprehensive,328
2024-09-24,Allstate,Auto,Liability,170
2024-09-24,Allstate,Home,Property,216
2024-09-24,Allstate,Home,Renters,289
2024-09-24,Allstate,Life,Term,55
2024-09-24,Allstate,Life,Whole,276
2024-09-25,Geico,Auto,Comprehensive,299
2024-09-25,Geico,Auto,Liability,123
2024-09-25,Geico,Home,Property,268
2024-09-25,Geico,Home,Renters,146
2024-09-25,Geico,Life,Term,193
2024-09-25,Geico,Life,Whole,80
2024-09-25,StateFarm,Auto,Comprehensive,288
2024-09-25,StateFarm,Auto,Liability,340
2024-09-25,StateFarm,Home,Property,262
2024-09-25,StateFarm,Home,Renters,87
2024-09-25,StateFarm,Life,Term,292
2024-09-25,StateFarm,Life,Whole,205
2024-09-25,Allstate,Auto,Comprehensive,156
2024-09-25,Allstate,Auto,Liability,151
2024-09-25,Allstate,Home,Property,224
2024-09-25,Allstate,Home,Renters,146
2024-09-25,Allstate,Life,Term,84
2024-09-25,Allstate,Life,Whole,113
2024-09-26,Geico,Auto,Comprehensive,218
2024-09-26,Geico,Auto,Liability,328
2024-09-26,Geico,Home,Property,297
2024-09-26,Geico,Home,Renters,296
2024-09-26,Geico,Life,Term,145
2024-09-26,Geico,Life,Whole,87
2024-09-26,StateFarm,Auto,Comprehensive,184
2024-09-26,StateFarm,Auto,Liability,240
2024-09-26,StateFarm,Home,Property,237
2024-09-26,StateFarm,Home,Renters,267
2024-09-26,StateFarm,Life,Term,134
2024-09-26,StateFarm,Life,Whole,57
2024-09-26,Allstate,Auto,Comprehensive,154
2024-09-26,Allstate,Auto,Liability,263
2024-09-26,Allstate,Home,Property,140
2024-09-26,Allstate,Home,Renters,243
2024-09-26,Allstate,Life,Term,90
2024-09-26,Allstate,Life,Whole,204
2024-09-27,Geico,Auto,Comprehensive,150
2024-09-27,Geico,Auto,Liability,245
2024-09-27,Geico,Home,Property,86
2024-09-27,Geico,Home,Renters,73
2024-09-27,Geico,Life,Term,115
2024-09-27,Geico,Life,Whole,260
2024-09-27,StateFarm,Auto,Comprehensive,125
2024-09-27,StateFarm,Auto,Liability,277
2024-09-27,StateFarm,Home,Property,82
2024-09-27,StateFarm,Home,Renters,248
2024-09-27,StateFarm,Life,Term,159
2024-09-27,StateFarm,Life,Whole,220
2024-09-27,Allstate,Auto,Comprehensive,161
2024-09-27,Allstate,Auto,Liability,252
2024-09-27,Allstate,Home,Property,253
2024-09-27,Allstate,Home,Renters,69
2024-09-27,Allstate,Life,Term,114
2024-09-27,Allstate,Life,Whole,91
2024-09-28,Geico,Auto,Comprehensive,242
2024-09-28,Geico,Auto,Liability,196
2024-09-28,Geico,Home,Property,144
2024-09-28,Geico,Home,Renters,213
2024-09-28,Geico,Life,Term,216
2024-09-28,Geico,Life,Whole,227
2024-09-28,StateFarm,Auto,Comprehensive,202
2024-09-28,StateFarm,Auto,Liability,296
2024-09-28,StateFarm,Home,Property,95
2024-09-28,StateFarm,Home,Renters,171
2024-09-28,StateFarm,Life,Term,219
2024-09-28,StateFarm,Life,Whole,238
2024-09-28,Allstate,Auto,Comprehensive,278
2024-09-28,Allstate,Auto,Liability,240
2024-09-28,Allstate,Home,Property,133
2024-09-28,Allstate,Home,Renters,298
2024-09-28,Allstate,Life,Term,62
2024-09-28,Allstate,Life,Whole,245
2024-09-29,Geico,Auto,Comprehensive,244
2024-09-29,Geico,Auto,Liability,217
2024-09-29,Geico,Home,Property,128
2024-09-29,Geico,Home,Renters,107
2024-09-29,Geico,Life,Term,136
2024-09-29,Geico,Life,Whole,151
2024-09-29,StateFarm,Auto,Comprehensive,277
2024-09-29,StateFarm,Auto,Liability,342
2024-09-29,StateFarm,Home,Property,85
2024-09-29,StateFarm,Home,Renters,233
2024-09-29,StateFarm,Life,Term,200
2024-09-29,StateFarm,Life,Whole,178
2024-09-29,Allstate,Auto,Comprehensive,193
2024-09-29,Allstate,Auto,Liability,262
2024-09-29,Allstate,Home,Property,150
2024-09-29,Allstate,Home,Renters,259
2024-09-29,Allstate,Life,Term,114
2024-09-29,Allstate,Life,Whole,72
2024-09-30,Geico,Auto,Comprehensive,196
2024-09-30,Geico,Auto,Liability,162
2024-09-30,Geico,Home,Property,262
2024-09-30,Geico,Home,Renters,271
2024-09-30,Geico,Life,Term,266
2024-09-30,Geico,Life,Whole,87
2024-09-30,StateFarm,Auto,Comprehensive,289
2024-09-30,StateFarm,Auto,Liability,136
2024-09-30,StateFarm,Home,Property,180
2024-09-30,StateFarm,Home,Renters,91
2024-09-30,StateFarm,Life,Term,235
2024-09-30,StateFarm,Life,Whole,197
2024-09-30,Allstate,Auto,Comprehensive,97
2024-09-30,Allstate,Auto,Liability,247
2024-09-30,Allstate,Home,Property,248
2024-09-30,Allstate,Home,Renters,243
2024-09-30,Allstate,Life,Term,147
2024-09-30,Allstate,Life,Whole,64
2024-10-01,Geico,Auto,Comprehensive,163
2024-10-01,Geico,Auto,Liability,267
2024-10-01,Geico,Home,Property,141
2024-10-01,Geico,Home,Renters,217
2024-10-01,Geico,Life,Term,95
2024-10-01,Geico,Life,Whole,141
2024-10-01,StateFarm,Auto,Comprehensive,211
2024-10-01,StateFarm,Auto,Liability,123
2024-10-01,StateFarm,Home,Property,51
2024-10-01,StateFarm,Home,Renters,185
2024-10-01,StateFarm,Life,Term,194
2024-10-01,StateFarm,Life,Whole,266
2024-10-01,Allstate,Auto,Comprehensive,353
2024-10-01,Allstate,Auto,Liability,250
2024-10-01,Allstate,Home,Property,141
2024-10-01,Allstate,Home,Renters,296
2024-10-01,Allstate,Life,Term,147
2024-10-01,Allstate,Life,Whole,127
2024-10-02,Geico,Auto,Comprehensive,169
2024-10-02,Geico,Auto,Liability,160
2024-10-02,Geico,Home,Property,70
2024-10-02,Geico,Home,Renters,140
2024-10-02,Geico,Life,Term,116
2024-10-02,Geico,Life,Whole,60
2024-10-02,StateFarm,Auto,Comprehensive,256
2024-10-02,StateFarm,Auto,Liability,338
2024-10-02,StateFarm,Home,Property,150
2024-10-02,StateFarm,Home,Renters,161
2024-10-02,StateFarm,Life,Term,169
2024-10-02,StateFarm,Life,Whole,189
2024-10-02,Allstate,Auto,Comprehensive,129
2024-10-02,Allstate,Auto,Liability,288
2024-10-02,Allstate,Home,Property,54
2024-10-02,Allstate,Home,Renters,261
2024-10-02,Allstate,Life,Term,76
2024-10-02,Allstate,Life,Whole,99
2024-10-03,Geico,Auto,Comprehensive,150
2024-10-03,Geico,Auto,Liability,265
2024-10-03,Geico,Home,Property,215
2024-10-03,Geico,Home,Renters,239
2024-10-03,Geico,Life,Term,143
2024-10-03,Geico,Life,Whole,189
2024-10-03,StateFarm,Auto,Comprehensive,109
2024-10-03,StateFarm,Auto,Liability,169
2024-10-03,StateFarm,Home,Property,60
2024-10-03,StateFarm,Home,Renters,204
2024-10-03,StateFarm,Life,Term,201
2024-10-03,StateFarm,Life,Whole,66
2024-10-03,Allstate,Auto,Comprehensive,190
2024-10-03,Allstate,Auto,Liability,130
2024-10-03,Allstate,Home,Property,192
2024-10-03,Allstate,Home,Renters,276
2024-10-03,Allstate,Life,Term,194
2024-10-03,Allstate,Life,Whole,204
2024-10-04,Geico,Auto,Comprehensive,183
2024-10-04,Geico,Auto,Liability,245
2024-10-04,Geico,Home,Property,188
2024-10-04,Geico,Home,Renters,127
2024-10-04,Geico,Life,Term,150
2024-10-04,Geico,Life,Whole,289
2024-10-04,StateFarm,Auto,Comprehensive,270
2024-10-04,StateFarm,Auto,Liability,371
2024-10-04,StateFarm,Home,Property,101
2024-10-04,StateFarm,Home,Renters,271
2024-10-04,StateFarm,Life,Term,191
2024-10-04,StateFarm,Life,Whole,96
2024-10-04,Allstate,Auto,Comprehensive,254
2024-10-04,Allstate,Auto,Liability,190
2024-10-04,Allstate,Home,Property,159
2024-10-04,Allstate,Home,Renters,192
2024-10-04,Allstate,Life,Term,251
2024-10-04,Allstate,Life,Whole,199
2024-10-05,Geico,Auto,Comprehensive,207
2024-10-05,Geico,Auto,Liability,195
2024-10-05,Geico,Home,Property,66
2024-10-05,Geico,Home,Renters,163
2024-10-05,Geico,Life,Term,99
2024-10-05,Geico,Life,Whole,226
2024-10-05,StateFarm,Auto,Comprehensive,134
2024-10-05,StateFarm,Auto,Liability,95
2024-10-05,StateFarm,Home,Property,199
2024-10-05,StateFarm,Home,Renters,181
2024-10-05,StateFarm,Life,Term,207
2024-10-05,StateFarm,Life,Whole,97
2024-10-05,Allstate,Auto,Comprehensive,112
2024-10-05,Allstate,Auto,Liability,369
2024-10-05,Allstate,Home,Property,84
2024-10-05,Allstate,Home,Renters,225
2024-10-05,Allstate,Life,Term,123
2024-10-05,Allstate,Life,Whole,193
2024-10-06,Geico,Auto,Comprehensive,291
2024-10-06,Geico,Auto,Liability,296
2024-10-06,Geico,Home,Property,136
2024-10-06,Geico,Home,Renters,145
2024-10-06,Geico,Life,Term,235
2024-10-06,Geico,Life,Whole,119
2024-10-06,StateFarm,Auto,Comprehensive,184
2024-10-06,StateFarm,Auto,Liability,111
2024-10-06,StateFarm,Home,Property,174
2024-10-06,StateFarm,Home,Renters,53
2024-10-06,StateFarm,Life,Term,141
2024-10-06,StateFarm,Life,Whole,58
2024-10-06,Allstate,Auto,Comprehensive,181
2024-10-06,Allstate,Auto,Liability,173
2024-10-06,Allstate,Home,Property,113
2024-10-06,Allstate,Home,Renters,212
2024-10-06,Allstate,Life,Term,283
2024-10-06,Allstate,Life,Whole,249
2024-10-07,Geico,Auto,Comprehensive,98
2024-10-07,Geico,Auto,Liability,311
2024-10-07,Geico,Home,Property,134
2024-10-07,Geico,Home,Renters,59
2024-10-07,Geico,Life,Term,101
2024-10-07,Geico,Life,Whole,84
2024-10-07,StateFarm,Auto,Comprehensive,235
2024-10-07,StateFarm,Auto,Liability,239
2024-10-07,StateFarm,Home,Property,181
2024-10-07,StateFarm,Home,Renters,277
2024-10-07,StateFarm,Life,Term,250
2024-10-07,StateFarm,Life,Whole,252
2024-10-07,Allstate,Auto,Comprehensive,173
2024-10-07,Allstate,Auto,Liability,179
2024-10-07,Allstate,Home,Property,121
2024-10-07,Allstate,Home,Renters,234
2024-10-07,Allstate,Life,Term,83
2024-10-07,Allstate,Life,Whole,108
2024-10-08,Geico,Auto,Comprehensive,357
2024-10-08,Geico,Auto,Liability,304
2024-10-08,Geico,Home,Property,196
2024-10-08,Geico,Home,Renters,287
2024-10-08,Geico,Life,Term,255
2024-10-08,Geico,Life,Whole,221
2024-10-08,StateFarm,Auto,Comprehensive,261
2024-10-08,StateFarm,Auto,Liability,147
2024-10-08,StateFarm,Home,Property,176
2024-10-08,StateFarm,Home,Renters,167
2024-10-08,StateFarm,Life,Term,297
2024-10-08,StateFarm,Life,Whole,285
2024-10-08,Allstate,Auto,Comprehensive,148
2024-10-08,Allstate,Auto,Liability,334
2024-10-08,Allstate,Home,Property,76
2024-10-08,Allstate,Home,Renters,62
2024-10-08,Allstate,Life,Term,50
2024-10-08,Allstate,Life,Whole,241
2024-10-09,Geico,Auto,Comprehensive,132
2024-10-09,Geico,Auto,Liability,185
2024-10-09,Geico,Home,Property,188
2024-10-09,Geico,Home,Renters,101
2024-10-09,Geico,Life,Term,202
2024-10-09,Geico,Life,Whole,58
2024-10-09,StateFarm,Auto,Comprehensive,337
2024-10-09,StateFarm,Auto,Liability,259
2024-10-09,StateFarm,Home,Property,194
2024-10-09,StateFarm,Home,Renters,70
2024-10-09,StateFarm,Life,Term,137
2024-10-09,StateFarm,Life,Whole,99
2024-10-09,Allstate,Auto,Comprehensive,245
2024-10-09,Allstate,Auto,Liability,232
2024-10-09,Allstate,Home,Property,234
2024-10-09,Allstate,Home,Renters,74
2024-10-09,Allstate,Life,Term,113
2024-10-09,Allstate,Life,Whole,67
2024-10-10,Geico,Auto,Comprehensive,307
2024-10-10,Geico,Auto,Liability,153
2024-10-10,Geico,Home,Property,51
2024-10-10,Geico,Home,Renters,140
2024-10-10,Geico,Life,Term,185
2024-10-10,Geico,Life,Whole,221
2024-10-10,StateFarm,Auto,Comprehensive,277
2024-10-10,StateFarm,Auto,Liability,237
2024-10-10,StateFarm,Home,Property,210
2024-10-10,StateFarm,Home,Renters,277
2024-10-10,StateFarm,Life,Term,218
2024-10-10,StateFarm,Life,Whole,136
2024-10-10,Allstate,Auto,Comprehensive,203
2024-10-10,Allstate,Auto,Liability,124
2024-10-10,Allstate,Home,Property,286
2024-10-10,Allstate,Home,Renters,165
2024-10-10,Allstate,Life,Term,271
2024-10-10,Allstate,Life,Whole,65
2024-10-11,Geico,Auto,Comprehensive,209
2024-10-11,Geico,Auto,Liability,325
2024-10-11,Geico,Home,Property,155
2024-10-11,Geico,Home,Renters,110
2024-10-11,Geico,Life,Term,153
2024-10-11,Geico,Life,Whole,87
2024-10-11,StateFarm,Auto,Comprehensive,179
2024-10-11,StateFarm,Auto,Liability,219
2024-10-11,StateFarm,Home,Property,200
2024-10-11,StateFarm,Home,Renters,122
2024-10-11,StateFarm,Life,Term,263
2024-10-11,StateFarm,Life,Whole,179
2024-10-11,Allstate,Auto,Comprehensive,115
2024-10-11,Allstate,Auto,Liability,257
2024-10-11,Allstate,Home,Property,187
2024-10-11,Allstate,Home,Renters,153
2024-10-11,Allstate,Life,Term,194
2024-10-11,Allstate,Life,Whole,186
2024-10-12,Geico,Auto,Comprehensive,310
2024-10-12,Geico,Auto,Liability,198
2024-10-12,Geico,Home,Property,221
2024-10-12,Geico,Home,Renters,222
2024-10-12,Geico,Life,Term,275
2024-10-12,Geico,Life,Whole,241
2024-10-12,StateFarm,Auto,Comprehensive,322
2024-10-12,StateFarm,Auto,Liability,338
2024-10-12,StateFarm,Home,Property,236
2024-10-12,StateFarm,Home,Renters,141
2024-10-12,StateFarm,Life,Term,157
2024-10-12,StateFarm,Life,Whole,247
2024-10-12,Allstate,Auto,Comprehensive,201
2024-10-12,Allstate,Auto,Liability,132
2024-10-12,Allstate,Home,Property,173
2024-10-12,Allstate,Home,Renters,285
2024-10-12,Allstate,Life,Term,125
2024-10-12,Allstate,Life,Whole,167
2024-10-13,Geico,Auto,Comprehensive,244
2024-10-13,Geico,Auto,Liability,100
2024-10-13,Geico,Home,Property,68
2024-10-13,Geico,Home,Renters,163
2024-10-13,Geico,Life,Term,86
2024-10-13,Geico,Life,Whole,298
2024-10-13,StateFarm,Auto,Comprehensive,87
2024-10-13,StateFarm,Auto,Liability,247
2024-10-13,StateFarm,Home,Property,291
2024-10-13,StateFarm,Home,Renters,290
2024-10-13,StateFarm,Life,Term,124
2024-10-13,StateFarm,Life,Whole,130
2024-10-13,Allstate,Auto,Comprehensive,151
2024-10-13,Allstate,Auto,Liability,184
2024-10-13,Allstate,Home,Property,284
2024-10-13,Allstate,Home,Renters,244
2024-10-13,Allstate,Life,Term,248
2024-10-13,Allstate,Life,Whole,187
2024-10-14,Geico,Auto,Comprehensive,279
2024-10-14,Geico,Auto,Liability,127
2024-10-14,Geico,Home,Property,136
2024-10-14,Geico,Home,Renters,173
2024-10-14,Geico,Life,Term,58
2024-10-14,Geico,Life,Whole,109
2024-10-14,StateFarm,Auto,Comprehensive,191
2024-10-14,StateFarm,Auto,Liability,233
2024-10-14,StateFarm,Home,Property,134
2024-10-14,StateFarm,Home,Renters,207
2024-10-14,StateFarm,Life,Term,214
2024-10-14,StateFarm,Life,Whole,67
2024-10-14,Allstate,Auto,Comprehensive,285
2024-10-14,Allstate,Auto,Liability,151
2024-10-14,Allstate,Home,Property,70
2024-10-14,Allstate,Home,Renters,55
2024-10-14,Allstate,Life,Term,82
2024-10-14,Allstate,Life,Whole,127
2024-10-15,Geico,Auto,Comprehensive,333
2024-10-15,Geico,Auto,Liability,160
2024-10-15,Geico,Home,Property,128
2024-10-15,Geico,Home,Renters,286
2024-10-15,Geico,Life,Term,294
2024-10-15,Geico,Life,Whole,233
2024-10-15,StateFarm,Auto,Comprehensive,318
2024-10-15,StateFarm,Auto,Liability,230
2024-10-15,StateFarm,Home,Property,122
2024-10-15,StateFarm,Home,Renters,298
2024-10-15,StateFarm,Life,Term,136
2024-10-15,StateFarm,Life,Whole,134
2024-10-15,Allstate,Auto,Comprehensive,253
2024-10-15,Allstate,Auto,Liability,248
2024-10-15,Allstate,Home,Property,68
2024-10-15,Allstate,Home,Renters,226
2024-10-15,Allstate,Life,Term,269
2024-10-15,Allstate,Life,Whole,285
2024-10-16,Geico,Auto,Comprehensive,296
2024-10-16,Geico,Auto,Liability,195
2024-10-16,Geico,Home,Property,266
2024-10-16,Geico,Home,Renters,182
2024-10-16,Geico,Life,Term,178
2024-10-16,Geico,Life,Whole,121
2024-10-16,StateFarm,Auto,Comprehensive,157
2024-10-16,StateFarm,Auto,Liability,288
2024-10-16,StateFarm,Home,Property,271
2024-10-16,StateFarm,Home,Renters,286
2024-10-16,StateFarm,Life,Term,275
2024-10-16,StateFarm,Life,Whole,270
2024-10-16,Allstate,Auto,Comprehensive,140
2024-10-16,Allstate,Auto,Liability,99
2024-10-16,Allstate,Home,Property,241
2024-10-16,Allstate,Home,Renters,135
2024-10-16,Allstate,Life,Term,274
2024-10-16,Allstate,Life,Whole,194
2024-10-17,Geico,Auto,Comprehensive,105
2024-10-17,Geico,Auto,Liability,169
2024-10-17,Geico,Home,Property,88
2024-10-17,Geico,Home,Renters,156
2024-10-17,Geico,Life,Term,290
2024-10-17,Geico,Life,Whole,129
2024-10-17,StateFarm,Auto,Comprehensive,313
2024-10-17,StateFarm,Auto,Liability,135
2024-10-17,StateFarm,Home,Property,96
2024-10-17,StateFarm,Home,Renters,275
2024-10-17,StateFarm,Life,Term,258
2024-10-17,StateFarm,Life,Whole,67
2024-10-17,Allstate,Auto,Comprehensive,311
2024-10-17,Allstate,Auto,Liability,200
2024-10-17,Allstate,Home,Property,96
2024-10-17,Allstate,Home,Renters,78
2024-10-17,Allstate,Life,Term,117
2024-10-17,Allstate,Life,Whole,191
2024-10-18,Geico,Auto,Comprehensive,335
2024-10-18,Geico,Auto,Liability,235
2024-10-18,Geico,Home,Property,90
2024-10-18,Geico,Home,Renters,186
2024-10-18,Geico,Life,Term,133
2024-10-18,Geico,Life,Whole,166
2024-10-18,StateFarm,Auto,Comprehensive,260
2024-10-18,StateFarm,Auto,Liability,290
2024-10-18,StateFarm,Home,Property,50
2024-10-18,StateFarm,Home,Renters,261
2024-10-18,StateFarm,Life,Term,143
2024-10-18,StateFarm,Life,Whole,207
2024-10-18,Allstate,Auto,Comprehensive,164
2024-10-18,Allstate,Auto,Liability,312
2024-10-18,Allstate,Home,Property,118
2024-10-18,Allstate,Home,Renters,185
2024-10-18,Allstate,Life,Term,218
2024-10-18,Allstate,Life,Whole,74
2024-10-19,Geico,Auto,Comprehensive,253
2024-10-19,Geico,Auto,Liability,284
2024-10-19,Geico,Home,Property,73
2024-10-19,Geico,Home,Renters,215
2024-10-19,Geico,Life,Term,205
2024-10-19,Geico,Life,Whole,205
2024-10-19,StateFarm,Auto,Comprehensive,154
2024-10-19,StateFarm,Auto,Liability,174
2024-10-19,StateFarm,Home,Property,118
2024-10-19,StateFarm,Home,Renters,144
2024-10-19,StateFarm,Life,Term,199
2024-10-19,StateFarm,Life,Whole,78
2024-10-19,Allstate,Auto,Comprehensive,232
2024-10-19,Allstate,Auto,Liability,83
2024-10-19,Allstate,Home,Property,277
2024-10-19,Allstate,Home,Renters,240
2024-10-19,Allstate,Life,Term,228
2024-10-19,Allstate,Life,Whole,188
2024-10-20,Geico,Auto,Comprehensive,223
2024-10-20,Geico,Auto,Liability,137
2024-10-20,Geico,Home,Property,148
2024-10-20,Geico,Home,Renters,64
2024-10-20,Geico,Life,Term,149
2024-10-20,Geico,Life,Whole,230
2024-10-20,StateFarm,Auto,Comprehensive,227
2024-10-20,StateFarm,Auto,Liability,230
2024-10-20,StateFarm,Home,Property,234
2024-10-20,StateFarm,Home,Renters,148
2024-10-20,StateFarm,Life,Term,287
2024-10-20,StateFarm,Life,Whole,182
2024-10-20,Allstate,Auto,Comprehensive,109
2024-10-20,Allstate,Auto,Liability,175
2024-10-20,Allstate,Home,Property,178
2024-10-20,Allstate,Home,Renters,144
2024-10-20,Allstate,Life,Term,84
2024-10-20,Allstate,Life,Whole,269
2024-10-21,Geico,Auto,Comprehensive,116
2024-10-21,Geico,Auto,Liability,372
2024-10-21,Geico,Home,Property,214
2024-10-21,Geico,Home,Renters,183
2024-10-21,Geico,Life,Term,137
2024-10-21,Geico,Life,Whole,271
2024-10-21,StateFarm,Auto,Comprehensive,120
2024-10-21,StateFarm,Auto,Liability,184
2024-10-21,StateFarm,Home,Property,80
2024-10-21,StateFarm,Home,Renters,140
2024-10-21,StateFarm,Life,Term,91
2024-10-21,StateFarm,Life,Whole,169
2024-10-21,Allstate,Auto,Comprehensive,156
2024-10-21,Allstate,Auto,Liability,283
2024-10-21,Allstate,Home,Property,228
2024-10-21,Allstate,Home,Renters,88
2024-10-21,Allstate,Life,Term,172
2024-10-21,Allstate,Life,Whole,66
2024-10-22,Geico,Auto,Comprehensive,363
2024-10-22,Geico,Auto,Liability,234
2024-10-22,Geico,Home,Property,240
2024-10-22,Geico,Home,Renters,273
2024-10-22,Geico,Life,Term,241
2024-10-22,Geico,Life,Whole,231
2024-10-22,StateFarm,Auto,Comprehensive,136
2024-10-22,StateFarm,Auto,Liability,321
2024-10-22,StateFarm,Home,Property,95
2024-10-22,StateFarm,Home,Renters,69
2024-10-22,StateFarm,Life,Term,209
2024-10-22,StateFarm,Life,Whole,55
2024-10-22,Allstate,Auto,Comprehensive,208
2024-10-22,Allstate,Auto,Liability,215
2024-10-22,Allstate,Home,Property,184
2024-10-22,Allstate,Home,Renters,215
2024-10-22,Allstate,Life,Term,282
2024-10-22,Allstate,Life,Whole,86
2024-10-23,Geico,Auto,Comprehensive,145
2024-10-23,Geico,Auto,Liability,122
2024-10-23,Geico,Home,Property,189
2024-10-23,Geico,Home,Renters,86
2024-10-23,Geico,Life,Term,147
2024-10-23,Geico,Life,Whole,110
2024-10-23,StateFarm,Auto,Comprehensive,254
2024-10-23,StateFarm,Auto,Liability,149
2024-10-23,StateFarm,Home,Property,214
2024-10-23,StateFarm,Home,Renters,259
2024-10-23,StateFarm,Life,Term,87
2024-10-23,StateFarm,Life,Whole,180
2024-10-23,Allstate,Auto,Comprehensive,250
2024-10-23,Allstate,Auto,Liability,239
2024-10-23,Allstate,Home,Property,271
2024-10-23,Allstate,Home,Renters,146
2024-10-23,Allstate,Life,Term,237
2024-10-23,Allstate,Life,Whole,209
2024-10-24,Geico,Auto,Comprehensive,122
2024-10-24,Geico,Auto,Liability,330
2024-10-24,Geico,Home,Property,196
2024-10-24,Geico,Home,Renters,232
2024-10-24,Geico,Life,Term,153
2024-10-24,Geico,Life,Whole,216
2024-10-24,StateFarm,Auto,Comprehensive,239
2024-10-24,StateFarm,Auto,Liability,152
2024-10-24,StateFarm,Home,Property,292
2024-10-24,StateFarm,Home,Renters,253
2024-10-24,StateFarm,Life,Term,270
2024-10-24,StateFarm,Life,Whole,286
2024-10-24,Allstate,Auto,Comprehensive,327
2024-10-24,Allstate,Auto,Liability,295
2024-10-24,Allstate,Home,Property,296
2024-10-24,Allstate,Home,Renters,253
2024-10-24,Allstate,Life,Term,73
2024-10-24,Allstate,Life,Whole,87
2024-10-25,Geico,Auto,Comprehensive,170
2024-10-25,Geico,Auto,Liability,352
2024-10-25,Geico,Home,Property,61
2024-10-25,Geico,Home,Renters,176
2024-10-25,Geico,Life,Term,270
2024-10-25,Geico,Life,Whole,137
2024-10-25,StateFarm,Auto,Comprehensive,209
2024-10-25,StateFarm,Auto,Liability,250
2024-10-25,StateFarm,Home,Property,194
2024-10-25,StateFarm,Home,Renters,283
2024-10-25,StateFarm,Life,Term,126
2024-10-25,StateFarm,Life,Whole,202
2024-10-25,Allstate,Auto,Comprehensive,163
2024-10-25,Allstate,Auto,Liability,316
2024-10-25,Allstate,Home,Property,279
2024-10-25,Allstate,Home,Renters,267
2024-10-25,Allstate,Life,Term,51
2024-10-25,Allstate,Life,Whole,51
2024-10-26,Geico,Auto,Comprehensive,164
2024-10-26,Geico,Auto,Liability,160
2024-10-26,Geico,Home,Property,201
2024-10-26,Geico,Home,Renters,64
2024-10-26,Geico,Life,Term,65
2024-10-26,Geico,Life,Whole,75
2024-10-26,StateFarm,Auto,Comprehensive,361
2024-10-26,StateFarm,Auto,Liability,223
2024-10-26,StateFarm,Home,Property,165
2024-10-26,StateFarm,Home,Renters,197
2024-10-26,StateFarm,Life,Term,222
2024-10-26,StateFarm,Life,Whole,78
2024-10-26,Allstate,Auto,Comprehensive,338
2024-10-26,Allstate,Auto,Liability,104
2024-10-26,Allstate,Home,Property,263
2024-10-26,Allstate,Home,Renters,150
2024-10-26,Allstate,Life,Term,62
2024-10-26,Allstate,Life,Whole,254
2024-10-27,Geico,Auto,Comprehensive,129
2024-10-27,Geico,Auto,Liability,200
2024-10-27,Geico,Home,Property,154
2024-10-27,Geico,Home,Renters,243
2024-10-27,Geico,Life,Term,295
2024-10-27,Geico,Life,Whole,67
2024-10-27,StateFarm,Auto,Comprehensive,149
2024-10-27,StateFarm,Auto,Liability,294
2024-10-27,StateFarm,Home,Property,131
2024-10-27,StateFarm,Home,Renters,89
2024-10-27,StateFarm,Life,Term,176
2024-10-27,StateFarm,Life,Whole,228
2024-10-27,Allstate,Auto,Comprehensive,151
2024-10-27,Allstate,Auto,Liability,349
2024-10-27,Allstate,Home,Property,105
2024-10-27,Allstate,Home,Renters,194
2024-10-27,Allstate,Life,Term,209
2024-10-27,Allstate,Life,Whole,164
2024-10-28,Geico,Auto,Comprehensive,309
2024-10-28,Geico,Auto,Liability,249
2024-10-28,Geico,Home,Property,176
2024-10-28,Geico,Home,Renters,91
2024-10-28,Geico,Life,Term,167
2024-10-28,Geico,Life,Whole,239
2024-10-28,StateFarm,Auto,Comprehensive,197
2024-10-28,StateFarm,Auto,Liability,241
2024-10-28,StateFarm,Home,Property,286
2024-10-28,StateFarm,Home,Renters,228
2024-10-28,StateFarm,Life,Term,124
2024-10-28,StateFarm,Life,Whole,266
2024-10-28,Allstate,Auto,Comprehensive,254
2024-10-28,Allstate,Auto,Liability,220
2024-10-28,Allstate,Home,Property,178
2024-10-28,Allstate,Home,Renters,113
2024-10-28,Allstate,Life,Term,155
2024-10-28,Allstate,Life,Whole,58
2024-10-29,Geico,Auto,Comprehensive,156
2024-10-29,Geico,Auto,Liability,316
2024-10-29,Geico,Home,Property,257
2024-10-29,Geico,Home,Renters,74
2024-10-29,Geico,Life,Term,140
2024-10-29,Geico,Life,Whole,176
2024-10-29,StateFarm,Auto,Comprehensive,195
2024-10-29,StateFarm,Auto,Liability,245
2024-10-29,StateFarm,Home,Property,213
2024-10-29,StateFarm,Home,Renters,227
2024-10-29,StateFarm,Life,Term,66
2024-10-29,StateFarm,Life,Whole,219
2024-10-29,Allstate,Auto,Comprehensive,282
2024-10-29,Allstate,Auto,Liability,327
2024-10-29,Allstate,Home,Property,182
2024-10-29,Allstate,Home,Renters,178
2024-10-29,Allstate,Life,Term,145
2024-10-29,Allstate,Life,Whole,182
2024-10-30,Geico,Auto,Comprehensive,120
2024-10-30,Geico,Auto,Liability,251
2024-10-30,Geico,Home,Property,157
2024-10-30,Geico,Home,Renters,124
2024-10-30,Geico,Life,Term,177
2024-10-30,Geico,Life,Whole,266
2024-10-30,StateFarm,Auto,Comprehensive,335
2024-10-30,StateFarm,Auto,Liability,100
2024-10-30,StateFarm,Home,Property,115
2024-10-30,StateFarm,Home,Renters,154
2024-10-30,StateFarm,Life,Term,278
2024-10-30,StateFarm,Life,Whole,253
2024-10-30,Allstate,Auto,Comprehensive,205
2024-10-30,Allstate,Auto,Liability,234
2024-10-30,Allstate,Home,Property,206
2024-10-30,Allstate,Home,Renters,193
2024-10-30,Allstate,Life,Term,295
2024-10-30,Allstate,Life,Whole,295
2024-10-31,Geico,Auto,Comprehensive,177
2024-10-31,Geico,Auto,Liability,278
2024-10-31,Geico,Home,Property,292
2024-10-31,Geico,Home,Renters,134
2024-10-31,Geico,Life,Term,133
2024-10-31,Geico,Life,Whole,132
2024-10-31,StateFarm,Auto,Comprehensive,93
2024-10-31,StateFarm,Auto,Liability,196
2024-10-31,StateFarm,Home,Property,197
2024-10-31,StateFarm,Home,Renters,258
2024-10-31,StateFarm,Life,Term,260
2024-10-31,StateFarm,Life,Whole,257
2024-10-31,Allstate,Auto,Comprehensive,293
2024-10-31,Allstate,Auto,Liability,185
2024-10-31,Allstate,Home,Property,213
2024-10-31,Allstate,Home,Renters,154
2024-10-31,Allstate,Life,Term,79
2024-10-31,Allstate,Life,Whole,83
2024-11-01,Geico,Auto,Comprehensive,327
2024-11-01,Geico,Auto,Liability,327
2024-11-01,Geico,Home,Property,266
2024-11-01,Geico,Home,Renters,221
2024-11-01,Geico,Life,Term,229
2024-11-01,Geico,Life,Whole,254
2024-11-01,StateFarm,Auto,Comprehensive,113
2024-11-01,StateFarm,Auto,Liability,184
2024-11-01,StateFarm,Home,Property,242
2024-11-01,StateFarm,Home,Renters,99
2024-11-01,StateFarm,Life,Term,167
2024-11-01,StateFarm,Life,Whole,139
2024-11-01,Allstate,Auto,Comprehensive,266
2024-11-01,Allstate,Auto,Liability,181
2024-11-01,Allstate,Home,Property,91
2024-11-01,Allstate,Home,Renters,266
2024-11-01,Allstate,Life,Term,192
2024-11-01,Allstate,Life,Whole,290
2024-11-02,Geico,Auto,Comprehensive,303
2024-11-02,Geico,Auto,Liability,188
2024-11-02,Geico,Home,Property,90
2024-11-02,Geico,Home,Renters,288
2024-11-02,Geico,Life,Term,149
2024-11-02,Geico,Life,Whole,151
2024-11-02,StateFarm,Auto,Comprehensive,225
2024-11-02,StateFarm,Auto,Liability,290
2024-11-02,StateFarm,Home,Property,148
2024-11-02,StateFarm,Home,Renters,149
2024-11-02,StateFarm,Life,Term,193
2024-11-02,StateFarm,Life,Whole,111
2024-11-02,Allstate,Auto,Comprehensive,252
2024-11-02,Allstate,Auto,Liability,253
2024-11-02,Allstate,Home,Property,144
2024-11-02,Allstate,Home,Renters,162
2024-11-02,Allstate,Life,Term,299
2024-11-02,Allstate,Life,Whole,233
2024-11-03,Geico,Auto,Comprehensive,275
2024-11-03,Geico,Auto,Liability,207
2024-11-03,Geico,Home,Property,238
2024-11-03,Geico,Home,Renters,224
2024-11-03,Geico,Life,Term,85
2024-11-03,Geico,Life,Whole,71
2024-11-03,StateFarm,Auto,Comprehensive,239
2024-11-03,StateFarm,Auto,Liability,357
2024-11-03,StateFarm,Home,Property,226
2024-11-03,StateFarm,Home,Renters,76
2024-11-03,StateFarm,Life,Term,85
2024-11-03,StateFarm,Life,Whole,193
2024-11-03,Allstate,Auto,Comprehensive,316
2024-11-03,Allstate,Auto,Liability,162
2024-11-03,Allstate,Home,Property,295
2024-11-03,Allstate,Home,Renters,175
2024-11-03,Allstate,Life,Term,52
2024-11-03,Allstate,Life,Whole,114
2024-11-04,Geico,Auto,Comprehensive,227
2024-11-04,Geico,Auto,Liability,244
2024-11-04,Geico,Home,Property,121
2024-11-04,Geico,Home,Renters,263
2024-11-04,Geico,Life,Term,155
2024-11-04,Geico,Life,Whole,201
2024-11-04,StateFarm,Auto,Comprehensive,304
2024-11-04,StateFarm,Auto,Liability,333
2024-11-04,StateFarm,Home,Property,186
2024-11-04,StateFarm,Home,Renters,88
2024-11-04,StateFarm,Life,Term,125
2024-11-04,StateFarm,Life,Whole,197
2024-11-04,Allstate,Auto,Comprehensive,197
2024-11-04,Allstate,Auto,Liability,164
2024-11-04,Allstate,Home,Property,140
2024-11-04,Allstate,Home,Renters,231
2024-11-04,Allstate,Life,Term,124
2024-11-04,Allstate,Life,Whole,193
2024-11-05,Geico,Auto,Comprehensive,318
2024-11-05,Geico,Auto,Liability,284
2024-11-05,Geico,Home,Property,128
2024-11-05,Geico,Home,Renters,203
2024-11-05,Geico,Life,Term,128
2024-11-05,Geico,Life,Whole,182
2024-11-05,StateFarm,Auto,Comprehensive,350
2024-11-05,StateFarm,Auto,Liability,122
2024-11-05,StateFarm,Home,Property,240
2024-11-05,StateFarm,Home,Renters,223
2024-11-05,StateFarm,Life,Term,279
2024-11-05,StateFarm,Life,Whole,167
2024-11-05,Allstate,Auto,Comprehensive,225
2024-11-05,Allstate,Auto,Liability,87
2024-11-05,Allstate,Home,Property,103
2024-11-05,Allstate,Home,Renters,225
2024-11-05,Allstate,Life,Term,239
2024-11-05,Allstate,Life,Whole,118
2024-11-06,Geico,Auto,Comprehensive,248
2024-11-06,Geico,Auto,Liability,219
2024-11-06,Geico,Home,Property,163
2024-11-06,Geico,Home,Renters,242
2024-11-06,Geico,Life,Term,175
2024-11-06,Geico,Life,Whole,247
2024-11-06,StateFarm,Auto,Comprehensive,233
2024-11-06,StateFarm,Auto,Liability,346
2024-11-06,StateFarm,Home,Property,227
2024-11-06,StateFarm,Home,Renters,190
2024-11-06,StateFarm,Life,Term,277
2024-11-06,StateFarm,Life,Whole,149
2024-11-06,Allstate,Auto,Comprehensive,313
2024-11-06,Allstate,Auto,Liability,246
2024-11-06,Allstate,Home,Property,139
2024-11-06,Allstate,Home,Renters,158
2024-11-06,Allstate,Life,Term,242
2024-11-06,Allstate,Life,Whole,225
2024-11-07,Geico,Auto,Comprehensive,268
2024-11-07,Geico,Auto,Liability,253
2024-11-07,Geico,Home,Property,286
2024-11-07,Geico,Home,Renters,60
2024-11-07,Geico,Life,Term,70
2024-11-07,Geico,Life,Whole,160
2024-11-07,StateFarm,Auto,Comprehensive,233
2024-11-07,StateFarm,Auto,Liability,330
2024-11-07,StateFarm,Home,Property,90
2024-11-07,StateFarm,Home,Renters,78
2024-11-07,StateFarm,Life,Term,230
2024-11-07,StateFarm,Life,Whole,92
2024-11-07,Allstate,Auto,Comprehensive,242
2024-11-07,Allstate,Auto,Liability,105
2024-11-07,Allstate,Home,Property,194
2024-11-07,Allstate,Home,Renters,253
2024-11-07,Allstate,Life,Term,284
2024-11-07,Allstate,Life,Whole,87
2024-11-08,Geico,Auto,Comprehensive,257
2024-11-08,Geico,Auto,Liability,145
2024-11-08,Geico,Home,Property,194
2024-11-08,Geico,Home,Renters,268
2024-11-08,Geico,Life,Term,299
2024-11-08,Geico,Life,Whole,229
2024-11-08,StateFarm,Auto,Comprehensive,213
2024-11-08,StateFarm,Auto,Liability,265
2024-11-08,StateFarm,Home,Property,55
2024-11-08,StateFarm,Home,Renters,166
2024-11-08,StateFarm,Life,Term,298
2024-11-08,StateFarm,Life,Whole,260
2024-11-08,Allstate,Auto,Comprehensive,124
2024-11-08,Allstate,Auto,Liability,341
2024-11-08,Allstate,Home,Property,55
2024-11-08,Allstate,Home,Renters,181
2024-11-08,Allstate,Life,Term,223
2024-11-08,Allstate,Life,Whole,63
2024-11-09,Geico,Auto,Comprehensive,175
2024-11-09,Geico,Auto,Liability,167
2024-11-09,Geico,Home,Property,281
2024-11-09,Geico,Home,Renters,94
2024-11-09,Geico,Life,Term,139
2024-11-09,Geico,Life,Whole,65
2024-11-09,StateFarm,Auto,Comprehensive,192
2024-11-09,StateFarm,Auto,Liability,327
2024-11-09,StateFarm,Home,Property,171
2024-11-09,StateFarm,Home,Renters,161
2024-11-09,StateFarm,Life,Term,227
2024-11-09,StateFarm,Life,Whole,150
2024-11-09,Allstate,Auto,Comprehensive,319
2024-11-09,Allstate,Auto,Liability,281
2024-11-09,Allstate,Home,Property,154
2024-11-09,Allstate,Home,Renters,140
2024-11-09,Allstate,Life,Term,214
2024-11-09,Allstate,Life,Whole,227
2024-11-10,Geico,Auto,Comprehensive,293
2024-11-10,Geico,Auto,Liability,119
2024-11-10,Geico,Home,Property,115
2024-11-10,Geico,Home,Renters,195
2024-11-10,Geico,Life,Term,224
2024-11-10,Geico,Life,Whole,73
2024-11-10,StateFarm,Auto,Comprehensive,211
2024-11-10,StateFarm,Auto,Liability,206
2024-11-10,StateFarm,Home,Property,189
2024-11-10,StateFarm,Home,Renters,110
2024-11-10,StateFarm,Life,Term,96
2024-11-10,StateFarm,Life,Whole,162
2024-11-10,Allstate,Auto,Comprehensive,290
2024-11-10,Allstate,Auto,Liability,150
2024-11-10,Allstate,Home,Property,274
2024-11-10,Allstate,Home,Renters,133
2024-11-10,Allstate,Life,Term,150
2024-11-10,Allstate,Life,Whole,77
2024-11-11,Geico,Auto,Comprehensive,125
2024-11-11,Geico,Auto,Liability,213
2024-11-11,Geico,Home,Property,292
2024-11-11,Geico,Home,Renters,167
2024-11-11,Geico,Life,Term,120
2024-11-11,Geico,Life,Whole,62
2024-11-11,StateFarm,Auto,Comprehensive,302
2024-11-11,StateFarm,Auto,Liability,131
2024-11-11,StateFarm,Home,Property,170
2024-11-11,StateFarm,Home,Renters,131
2024-11-11,StateFarm,Life,Term,51
2024-11-11,StateFarm,Life,Whole,278
2024-11-11,Allstate,Auto,Comprehensive,268
2024-11-11,Allstate,Auto,Liability,290
2024-11-11,Allstate,Home,Property,130
2024-11-11,Allstate,Home,Renters,108
2024-11-11,Allstate,Life,Term,70
2024-11-11,Allstate,Life,Whole,51
2024-11-12,Geico,Auto,Comprehensive,239
2024-11-12,Geico,Auto,Liability,292
2024-11-12,Geico,Home,Property,231
2024-11-12,Geico,Home,Renters,293
2024-11-12,Geico,Life,Term,204
2024-11-12,Geico,Life,Whole,184
2024-11-12,StateFarm,Auto,Comprehensive,237
2024-11-12,StateFarm,Auto,Liability,135
2024-11-12,StateFarm,Home,Property,296
2024-11-12,StateFarm,Home,Renters,126
2024-11-12,StateFarm,Life,Term,218
2024-11-12,StateFarm,Life,Whole,281
2024-11-12,Allstate,Auto,Comprehensive,139
2024-11-12,Allstate,Auto,Liability,309
2024-11-12,Allstate,Home,Property,275
2024-11-12,Allstate,Home,Renters,208
2024-11-12,Allstate,Life,Term,114
2024-11-12,Allstate,Life,Whole,178
2024-11-13,Geico,Auto,Comprehensive,176
2024-11-13,Geico,Auto,Liability,170
2024-11-13,Geico,Home,Property,144
2024-11-13,Geico,Home,Renters,210
2024-11-13,Geico,Life,Term,295
2024-11-13,Geico,Life,Whole,52
2024-11-13,StateFarm,Auto,Comprehensive,128
2024-11-13,StateFarm,Auto,Liability,250
2024-11-13,StateFarm,Home,Property,63
2024-11-13,StateFarm,Home,Renters,71
2024-11-13,StateFarm,Life,Term,69
2024-11-13,StateFarm,Life,Whole,231
2024-11-13,Allstate,Auto,Comprehensive,198
2024-11-13,Allstate,Auto,Liability,179
2024-11-13,Allstate,Home,Property,293
2024-11-13,Allstate,Home,Renters,143
2024-11-13,Allstate,Life,Term,196
2024-11-13,Allstate,Life,Whole,297
2024-11-14,Geico,Auto,Comprehensive,110
2024-11-14,Geico,Auto,Liability,282
2024-11-14,Geico,Home,Property,242
2024-11-14,Geico,Home,Renters,209
2024-11-14,Geico,Life,Term,151
2024-11-14,Geico,Life,Whole,290
2024-11-14,StateFarm,Auto,Comprehensive,124
2024-11-14,StateFarm,Auto,Liability,336
2024-11-14,StateFarm,Home,Property,165
2024-11-14,StateFarm,Home,Renters,243
2024-11-14,StateFarm,Life,Term,99
2024-11-14,StateFarm,Life,Whole,285
2024-11-14,Allstate,Auto,Comprehensive,220
2024-11-14,Allstate,Auto,Liability,320
2024-11-14,Allstate,Home,Property,93
2024-11-14,Allstate,Home,Renters,109
2024-11-14,Allstate,Life,Term,79
2024-11-14,Allstate,Life,Whole,288
2024-11-15,Geico,Auto,Comprehensive,324
2024-11-15,Geico,Auto,Liability,110
2024-11-15,Geico,Home,Property,184
2024-11-15,Geico,Home,Renters,87
2024-11-15,Geico,Life,Term,121
2024-11-15,Geico,Life,Whole,77
2024-11-15,StateFarm,Auto,Comprehensive,155
2024-11-15,StateFarm,Auto,Liability,132
2024-11-15,StateFarm,Home,Property,137
2024-11-15,StateFarm,Home,Renters,216
2024-11-15,StateFarm,Life,Term,194
2024-11-15,StateFarm,Life,Whole,159
2024-11-15,Allstate,Auto,Comprehensive,343
2024-11-15,Allstate,Auto,Liability,322
2024-11-15,Allstate,Home,Property,125
2024-11-15,Allstate,Home,Renters,217
2024-11-15,Allstate,Life,Term,165
2024-11-15,Allstate,Life,Whole,100
2024-11-16,Geico,Auto,Comprehensive,362
2024-11-16,Geico,Auto,Liability,226
2024-11-16,Geico,Home,Property,238
2024-11-16,Geico,Home,Renters,122
2024-11-16,Geico,Life,Term,153
2024-11-16,Geico,Life,Whole,271
2024-11-16,StateFarm,Auto,Comprehensive,124
2024-11-16,StateFarm,Auto,Liability,294
2024-11-16,StateFarm,Home,Property,141
2024-11-16,StateFarm,Home,Renters,181
2024-11-16,StateFarm,Life,Term,81
2024-11-16,StateFarm,Life,Whole,109
2024-11-16,Allstate,Auto,Comprehensive,168
2024-11-16,Allstate,Auto,Liability,292
2024-11-16,Allstate,Home,Property,220
2024-11-16,Allstate,Home,Renters,134
2024-11-16,Allstate,Life,Term,152
2024-11-16,Allstate,Life,Whole,265
2024-11-17,Geico,Auto,Comprehensive,132
2024-11-17,Geico,Auto,Liability,262
2024-11-17,Geico,Home,Property,273
2024-11-17,Geico,Home,Renters,289
2024-11-17,Geico,Life,Term,54
2024-11-17,Geico,Life,Whole,197
2024-11-17,StateFarm,Auto,Comprehensive,245
2024-11-17,StateFarm,Auto,Liability,229
2024-11-17,StateFarm,Home,Property,222
2024-11-17,StateFarm,Home,Renters,175
2024-11-17,StateFarm,Life,Term,221
2024-11-17,StateFarm,Life,Whole,57
2024-11-17,Allstate,Auto,Comprehensive,125
2024-11-17,Allstate,Auto,Liability,147
2024-11-17,Allstate,Home,Property,125
2024-11-17,Allstate,Home,Renters,266
2024-11-17,Allstate,Life,Term,213
2024-11-17,Allstate,Life,Whole,197
2024-11-18,Geico,Auto,Comprehensive,201
2024-11-18,Geico,Auto,Liability,242
2024-11-18,Geico,Home,Property,250
2024-11-18,Geico,Home,Renters,62
2024-11-18,Geico,Life,Term,166
2024-11-18,Geico,Life,Whole,220
2024-11-18,StateFarm,Auto,Comprehensive,121
2024-11-18,StateFarm,Auto,Liability,136
2024-11-18,StateFarm,Home,Property,123
2024-11-18,StateFarm,Home,Renters,142
2024-11-18,StateFarm,Life,Term,196
2024-11-18,StateFarm,Life,Whole,250
2024-11-18,Allstate,Auto,Comprehensive,123
2024-11-18,Allstate,Auto,Liability,138
2024-11-18,Allstate,Home,Property,297
2024-11-18,Allstate,Home,Renters,200
2024-11-18,Allstate,Life,Term,192
2024-11-18,Allstate,Life,Whole,58
2024-11-19,Geico,Auto,Comprehensive,205
2024-11-19,Geico,Auto,Liability,282
2024-11-19,Geico,Home,Property,245
2024-11-19,Geico,Home,Renters,279
2024-11-19,Geico,Life,Term,63
2024-11-19,Geico,Life,Whole,189
2024-11-19,StateFarm,Auto,Comprehensive,256
2024-11-19,StateFarm,Auto,Liability,294
2024-11-19,StateFarm,Home,Property,170
2024-11-19,StateFarm,Home,Renters,256
2024-11-19,StateFarm,Life,Term,185
2024-11-19,StateFarm,Life,Whole,235
2024-11-19,Allstate,Auto,Comprehensive,297
2024-11-19,Allstate,Auto,Liability,237
2024-11-19,Allstate,Home,Property,67
2024-11-19,Allstate,Home,Renters,135
2024-11-19,Allstate,Life,Term,232
2024-11-19,Allstate,Life,Whole,52
2024-11-20,Geico,Auto,Comprehensive,232
2024-11-20,Geico,Auto,Liability,169
2024-11-20,Geico,Home,Property,288
2024-11-20,Geico,Home,Renters,274
2024-11-20,Geico,Life,Term,132
2024-11-20,Geico,Life,Whole,143
2024-11-20,StateFarm,Auto,Comprehensive,240
2024-11-20,StateFarm,Auto,Liability,256
2024-11-20,StateFarm,Home,Property,64
2024-11-20,StateFarm,Home,Renters,223
2024-11-20,StateFarm,Life,Term,284
2024-11-20,StateFarm,Life,Whole,123
2024-11-20,Allstate,Auto,Comprehensive,285
2024-11-20,Allstate,Auto,Liability,87
2024-11-20,Allstate,Home,Property,198
2024-11-20,Allstate,Home,Renters,100
2024-11-20,Allstate,Life,Term,80
2024-11-20,Allstate,Life,Whole,256
2024-11-21,Geico,Auto,Comprehensive,204
2024-11-21,Geico,Auto,Liability,156
2024-11-21,Geico,Home,Property,142
2024-11-21,Geico,Home,Renters,152
2024-11-21,Geico,Life,Term,185
2024-11-21,Geico,Life,Whole,156
2024-11-21,StateFarm,Auto,Comprehensive,127
2024-11-21,StateFarm,Auto,Liability,186
2024-11-21,StateFarm,Home,Property,106
2024-11-21,StateFarm,Home,Renters,247
2024-11-21,StateFarm,Life,Term,63
2024-11-21,StateFarm,Life,Whole,232
2024-11-21,Allstate,Auto,Comprehensive,168
2024-11-21,Allstate,Auto,Liability,221
2024-11-21,Allstate,Home,Property,118
2024-11-21,Allstate,Home,Renters,130
2024-11-21,Allstate,Life,Term,194
2024-11-21,Allstate,Life,Whole,254
2024-11-22,Geico,Auto,Comprehensive,285
2024-11-22,Geico,Auto,Liability,139
2024-11-22,Geico,Home,Property,185
2024-11-22,Geico,Home,Renters,288
2024-11-22,Geico,Life,Term,212
2024-11-22,Geico,Life,Whole,78
2024-11-22,StateFarm,Auto,Comprehensive,115
2024-11-22,StateFarm,Auto,Liability,149
2024-11-22,StateFarm,Home,Property,71
2024-11-22,StateFarm,Home,Renters,197
2024-11-22,StateFarm,Life,Term,142
2024-11-22,StateFarm,Life,Whole,139
2024-11-22,Allstate,Auto,Comprehensive,232
2024-11-22,Allstate,Auto,Liability,83
2024-11-22,Allstate,Home,Property,79
2024-11-22,Allstate,Home,Renters,160
2024-11-22,Allstate,Life,Term,283
2024-11-22,Allstate,Life,Whole,188
2024-11-23,Geico,Auto,Comprehensive,209
2024-11-23,Geico,Auto,Liability,252
2024-11-23,Geico,Home,Property,120
2024-11-23,Geico,Home,Renters,255
2024-11-23,Geico,Life,Term,118
2024-11-23,Geico,Life,Whole,55
2024-11-23,StateFarm,Auto,Comprehensive,307
2024-11-23,StateFarm,Auto,Liability,281
2024-11-23,StateFarm,Home,Property,168
2024-11-23,StateFarm,Home,Renters,84
2024-11-23,StateFarm,Life,Term,119
2024-11-23,StateFarm,Life,Whole,141
2024-11-23,Allstate,Auto,Comprehensive,108
2024-11-23,Allstate,Auto,Liability,319
2024-11-23,Allstate,Home,Property,118
2024-11-23,Allstate,Home,Renters,199
2024-11-23,Allstate,Life,Term,117
2024-11-23,Allstate,Life,Whole,224
2024-11-24,Geico,Auto,Comprehensive,120
2024-11-24,Geico,Auto,Liability,311
2024-11-24,Geico,Home,Property,281
2024-11-24,Geico,Home,Renters,186
2024-11-24,Geico,Life,Term,113
2024-11-24,Geico,Life,Whole,296
2024-11-24,StateFarm,Auto,Comprehensive,148
2024-11-24,StateFarm,Auto,Liability,195
2024-11-24,StateFarm,Home,Property,260
2024-11-24,StateFarm,Home,Renters,119
2024-11-24,StateFarm,Life,Term,106
2024-11-24,StateFarm,Life,Whole,127
2024-11-24,Allstate,Auto,Comprehensive,307
2024-11-24,Allstate,Auto,Liability,312
2024-11-24,Allstate,Home,Property,183
2024-11-24,Allstate,Home,Renters,285
2024-11-24,Allstate,Life,Term,99
2024-11-24,Allstate,Life,Whole,112
2024-11-25,Geico,Auto,Comprehensive,121
2024-11-25,Geico,Auto,Liability,307
2024-11-25,Geico,Home,Property,130
2024-11-25,Geico,Home,Renters,228
2024-11-25,Geico,Life,Term,168
2024-11-25,Geico,Life,Whole,296
2024-11-25,StateFarm,Auto,Comprehensive,216
2024-11-25,StateFarm,Auto,Liability,283
2024-11-25,StateFarm,Home,Property,218
2024-11-25,StateFarm,Home,Renters,237
2024-11-25,StateFarm,Life,Term,200
2024-11-25,StateFarm,Life,Whole,107
2024-11-25,Allstate,Auto,Comprehensive,276
2024-11-25,Allstate,Auto,Liability,118
2024-11-25,Allstate,Home,Property,179
2024-11-25,Allstate,Home,Renters,238
2024-11-25,Allstate,Life,Term,76
2024-11-25,Allstate,Life,Whole,198
2024-11-26,Geico,Auto,Comprehensive,179
2024-11-26,Geico,Auto,Liability,246
2024-11-26,Geico,Home,Property,158
2024-11-26,Geico,Home,Renters,149
2024-11-26,Geico,Life,Term,292
2024-11-26,Geico,Life,Whole,95
2024-11-26,StateFarm,Auto,Comprehensive,191
2024-11-26,StateFarm,Auto,Liability,154
2024-11-26,StateFarm,Home,Property,91
2024-11-26,StateFarm,Home,Renters,125
2024-11-26,StateFarm,Life,Term,99
2024-11-26,StateFarm,Life,Whole,116
2024-11-26,Allstate,Auto,Comprehensive,229
2024-11-26,Allstate,Auto,Liability,200
2024-11-26,Allstate,Home,Property,192
2024-11-26,Allstate,Home,Renters,51
2024-11-26,Allstate,Life,Term,256
2024-11-26,Allstate,Life,Whole,147
2024-11-27,Geico,Auto,Comprehensive,253
2024-11-27,Geico,Auto,Liability,165
2024-11-27,Geico,Home,Property,214
2024-11-27,Geico,Home,Renters,240
2024-11-27,Geico,Life,Term,102
2024-11-27,Geico,Life,Whole,244
2024-11-27,StateFarm,Auto,Comprehensive,279
2024-11-27,StateFarm,Auto,Liability,102
2024-11-27,StateFarm,Home,Property,167
2024-11-27,StateFarm,Home,Renters,160
2024-11-27,StateFarm,Life,Term,244
2024-11-27,StateFarm,Life,Whole,127
2024-11-27,Allstate,Auto,Comprehensive,251
2024-11-27,Allstate,Auto,Liability,269
2024-11-27,Allstate,Home,Property,231
2024-11-27,Allstate,Home,Renters,285
2024-11-27,Allstate,Life,Term,271
2024-11-27,Allstate,Life,Whole,258
2024-11-28,Geico,Auto,Comprehensive,285
2024-11-28,Geico,Auto,Liability,291
2024-11-28,Geico,Home,Property,161
2024-11-28,Geico,Home,Renters,119
2024-11-28,Geico,Life,Term,176
2024-11-28,Geico,Life,Whole,177
2024-11-28,StateFarm,Auto,Comprehensive,146
2024-11-28,StateFarm,Auto,Liability,235
2024-11-28,StateFarm,Home,Property,52
2024-11-28,StateFarm,Home,Renters,65
2024-11-28,StateFarm,Life,Term,217
2024-11-28,StateFarm,Life,Whole,94
2024-11-28,Allstate,Auto,Comprehensive,118
2024-11-28,Allstate,Auto,Liability,281
2024-11-28,Allstate,Home,Property,152
2024-11-28,Allstate,Home,Renters,279
2024-11-28,Allstate,Life,Term,253
2024-11-28,Allstate,Life,Whole,270
2024-11-29,Geico,Auto,Comprehensive,301
2024-11-29,Geico,Auto,Liability,130
2024-11-29,Geico,Home,Property,160
2024-11-29,Geico,Home,Renters,59
2024-11-29,Geico,Life,Term,255
2024-11-29,Geico,Life,Whole,133
2024-11-29,StateFarm,Auto,Comprehensive,282
2024-11-29,StateFarm,Auto,Liability,304
2024-11-29,StateFarm,Home,Property,100
2024-11-29,StateFarm,Home,Renters,173
2024-11-29,StateFarm,Life,Term,112
2024-11-29,StateFarm,Life,Whole,217
2024-11-29,Allstate,Auto,Comprehensive,324
2024-11-29,Allstate,Auto,Liability,319
2024-11-29,Allstate,Home,Property,213
2024-11-29,Allstate,Home,Renters,215
2024-11-29,Allstate,Life,Term,108
2024-11-29,Allstate,Life,Whole,289
2024-11-30,Geico,Auto,Comprehensive,306
2024-11-30,Geico,Auto,Liability,285
2024-11-30,Geico,Home,Property,137
2024-11-30,Geico,Home,Renters,95
2024-11-30,Geico,Life,Term,143
2024-11-30,Geico,Life,Whole,108
2024-11-30,StateFarm,Auto,Comprehensive,224
2024-11-30,StateFarm,Auto,Liability,302
2024-11-30,StateFarm,Home,Property,50
2024-11-30,StateFarm,Home,Renters,176
2024-11-30,StateFarm,Life,Term,87
2024-11-30,StateFarm,Life,Whole,226
2024-11-30,Allstate,Auto,Comprehensive,327
2024-11-30,Allstate,Auto,Liability,311
2024-11-30,Allstate,Home,Property,231
2024-11-30,Allstate,Home,Renters,244
2024-11-30,Allstate,Life,Term,125
2024-11-30,Allstate,Life,Whole,82
2024-12-01,Geico,Auto,Comprehensive,199
2024-12-01,Geico,Auto,Liability,147
2024-12-01,Geico,Home,Property,207
2024-12-01,Geico,Home,Renters,71
2024-12-01,Geico,Life,Term,77
2024-12-01,Geico,Life,Whole,74
2024-12-01,StateFarm,Auto,Comprehensive,113
2024-12-01,StateFarm,Auto,Liability,214
2024-12-01,StateFarm,Home,Property,141
2024-12-01,StateFarm,Home,Renters,286
2024-12-01,StateFarm,Life,Term,233
2024-12-01,StateFarm,Life,Whole,54
2024-12-01,Allstate,Auto,Comprehensive,171
2024-12-01,Allstate,Auto,Liability,146
2024-12-01,Allstate,Home,Property,137
2024-12-01,Allstate,Home,Renters,118
2024-12-01,Allstate,Life,Term,192
2024-12-01,Allstate,Life,Whole,101
2024-12-02,Geico,Auto,Comprehensive,272
2024-12-02,Geico,Auto,Liability,232
2024-12-02,Geico,Home,Property,225
2024-12-02,Geico,Home,Renters,266
2024-12-02,Geico,Life,Term,258
2024-12-02,Geico,Life,Whole,271
2024-12-02,StateFarm,Auto,Comprehensive,146
2024-12-02,StateFarm,Auto,Liability,132
2024-12-02,StateFarm,Home,Property,111
2024-12-02,StateFarm,Home,Renters,125
2024-12-02,StateFarm,Life,Term,273
2024-12-02,StateFarm,Life,Whole,79
2024-12-02,Allstate,Auto,Comprehensive,210
2024-12-02,Allstate,Auto,Liability,154
2024-12-02,Allstate,Home,Property,259
2024-12-02,Allstate,Home,Renters,291
2024-12-02,Allstate,Life,Term,133
2024-12-02,Allstate,Life,Whole,266
2024-12-03,Geico,Auto,Comprehensive,341
2024-12-03,Geico,Auto,Liability,242
2024-12-03,Geico,Home,Property,60
2024-12-03,Geico,Home,Renters,280
2024-12-03,Geico,Life,Term,188
2024-12-03,Geico,Life,Whole,69
2024-12-03,StateFarm,Auto,Comprehensive,332
2024-12-03,StateFarm,Auto,Liability,190
2024-12-03,StateFarm,Home,Property,68
2024-12-03,StateFarm,Home,Renters,66
2024-12-03,StateFarm,Life,Term,254
2024-12-03,StateFarm,Life,Whole,208
2024-12-03,Allstate,Auto,Comprehensive,307
2024-12-03,Allstate,Auto,Liability,166
2024-12-03,Allstate,Home,Property,124
2024-12-03,Allstate,Home,Renters,125
2024-12-03,Allstate,Life,Term,232
2024-12-03,Allstate,Life,Whole,115
2024-12-04,Geico,Auto,Comprehensive,184
2024-12-04,Geico,Auto,Liability,138
2024-12-04,Geico,Home,Property,58
2024-12-04,Geico,Home,Renters,120
2024-12-04,Geico,Life,Term,135
2024-12-04,Geico,Life,Whole,204
2024-12-04,StateFarm,Auto,Comprehensive,187
2024-12-04,StateFarm,Auto,Liability,240
2024-12-04,StateFarm,Home,Property,128
2024-12-04,StateFarm,Home,Renters,154
2024-12-04,StateFarm,Life,Term,85
2024-12-04,StateFarm,Life,Whole,124
2024-12-04,Allstate,Auto,Comprehensive,344
2024-12-04,Allstate,Auto,Liability,83
2024-12-04,Allstate,Home,Property,106
2024-12-04,Allstate,Home,Renters,289
2024-12-04,Allstate,Life,Term,209
2024-12-04,Allstate,Life,Whole,89
2024-12-05,Geico,Auto,Comprehensive,137
2024-12-05,Geico,Auto,Liability,334
2024-12-05,Geico,Home,Property,136
2024-12-05,Geico,Home,Renters,70
2024-12-05,Geico,Life,Term,199
2024-12-05,Geico,Life,Whole,60
2024-12-05,StateFarm,Auto,Comprehensive,154
2024-12-05,StateFarm,Auto,Liability,198
2024-12-05,StateFarm,Home,Property,214
2024-12-05,StateFarm,Home,Renters,82
2024-12-05,StateFarm,Life,Term,149
2024-12-05,StateFarm,Life,Whole,143
2024-12-05,Allstate,Auto,Comprehensive,341
2024-12-05,Allstate,Auto,Liability,205
2024-12-05,Allstate,Home,Property,87
2024-12-05,Allstate,Home,Renters,141
2024-12-05,Allstate,Life,Term,81
2024-12-05,Allstate,Life,Whole,189
2024-12-06,Geico,Auto,Comprehensive,151
2024-12-06,Geico,Auto,Liability,243
2024-12-06,Geico,Home,Property,81
2024-12-06,Geico,Home,Renters,61
2024-12-06,Geico,Life,Term,135
2024-12-06,Geico,Life,Whole,54
2024-12-06,StateFarm,Auto,Comprehensive,100
2024-12-06,StateFarm,Auto,Liability,234
2024-12-06,StateFarm,Home,Property,184
2024-12-06,StateFarm,Home,Renters,184
2024-12-06,StateFarm,Life,Term,224
2024-12-06,StateFarm,Life,Whole,75
2024-12-06,Allstate,Auto,Comprehensive,261
2024-12-06,Allstate,Auto,Liability,303
2024-12-06,Allstate,Home,Property,140
2024-12-06,Allstate,Home,Renters,197
2024-12-06,Allstate,Life,Term,249
2024-12-06,Allstate,Life,Whole,214
2024-12-07,Geico,Auto,Comprehensive,182
2024-12-07,Geico,Auto,Liability,219
2024-12-07,Geico,Home,Property,198
2024-12-07,Geico,Home,Renters,113
2024-12-07,Geico,Life,Term,226
2024-12-07,Geico,Life,Whole,133
2024-12-07,StateFarm,Auto,Comprehensive,366
2024-12-07,StateFarm,Auto,Liability,322
2024-12-07,StateFarm,Home,Property,71
2024-12-07,StateFarm,Home,Renters,210
2024-12-07,StateFarm,Life,Term,294
2024-12-07,StateFarm,Life,Whole,82
2024-12-07,Allstate,Auto,Comprehensive,110
2024-12-07,Allstate,Auto,Liability,217
2024-12-07,Allstate,Home,Property,225
2024-12-07,Allstate,Home,Renters,103
2024-12-07,Allstate,Life,Term,179
2024-12-07,Allstate,Life,Whole,99
2024-12-08,Geico,Auto,Comprehensive,227
2024-12-08,Geico,Auto,Liability,107
2024-12-08,Geico,Home,Property,153
2024-12-08,Geico,Home,Renters,122
2024-12-08,Geico,Life,Term,213
2024-12-08,Geico,Life,Whole,201
2024-12-08,StateFarm,Auto,Comprehensive,297
2024-12-08,StateFarm,Auto,Liability,204
2024-12-08,StateFarm,Home,Property,240
2024-12-08,StateFarm,Home,Renters,225
2024-12-08,StateFarm,Life,Term,93
2024-12-08,StateFarm,Life,Whole,271
2024-12-08,Allstate,Auto,Comprehensive,318
2024-12-08,Allstate,Auto,Liability,187
2024-12-08,Allstate,Home,Property,152
2024-12-08,Allstate,Home,Renters,149
2024-12-08,Allstate,Life,Term,97
2024-12-08,Allstate,Life,Whole,185
2024-12-09,Geico,Auto,Comprehensive,168
2024-12-09,Geico,Auto,Liability,186
2024-12-09,Geico,Home,Property,219
2024-12-09,Geico,Home,Renters,168
2024-12-09,Geico,Life,Term,290
2024-12-09,Geico,Life,Whole,187
2024-12-09,StateFarm,Auto,Comprehensive,291
2024-12-09,StateFarm,Auto,Liability,166
2024-12-09,StateFarm,Home,Property,238
2024-12-09,StateFarm,Home,Renters,173
2024-12-09,StateFarm,Life,Term,99
2024-12-09,StateFarm,Life,Whole,184
2024-12-09,Allstate,Auto,Comprehensive,242
2024-12-09,Allstate,Auto,Liability,205
2024-12-09,Allstate,Home,Property,216
2024-12-09,Allstate,Home,Renters,82
2024-12-09,Allstate,Life,Term,137
2024-12-09,Allstate,Life,Whole,216
2024-12-10,Geico,Auto,Comprehensive,102
2024-12-10,Geico,Auto,Liability,302
2024-12-10,Geico,Home,Property,116
2024-12-10,Geico,Home,Renters,219
2024-12-10,Geico,Life,Term,280
2024-12-10,Geico,Life,Whole,143
2024-12-10,StateFarm,Auto,Comprehensive,189
2024-12-10,StateFarm,Auto,Liability,279
2024-12-10,StateFarm,Home,Property,82
2024-12-10,StateFarm,Home,Renters,297
2024-12-10,StateFarm,Life,Term,217
2024-12-10,StateFarm,Life,Whole,75
2024-12-10,Allstate,Auto,Comprehensive,237
2024-12-10,Allstate,Auto,Liability,292
2024-12-10,Allstate,Home,Property,55
2024-12-10,Allstate,Home,Renters,284
2024-12-10,Allstate,Life,Term,260
2024-12-10,Allstate,Life,Whole,109
2024-12-11,Geico,Auto,Comprehensive,245
2024-12-11,Geico,Auto,Liability,154
2024-12-11,Geico,Home,Property,155
2024-12-11,Geico,Home,Renters,59
2024-12-11,Geico,Life,Term,201
2024-12-11,Geico,Life,Whole,112
2024-12-11,StateFarm,Auto,Comprehensive,151
2024-12-11,StateFarm,Auto,Liability,371
2024-12-11,StateFarm,Home,Property,69
2024-12-11,StateFarm,Home,Renters,212
2024-12-11,StateFarm,Life,Term,172
2024-12-11,StateFarm,Life,Whole,295
2024-12-11,Allstate,Auto,Comprehensive,166
2024-12-11,Allstate,Auto,Liability,119
2024-12-11,Allstate,Home,Property,260
2024-12-11,Allstate,Home,Renters,206
2024-12-11,Allstate,Life,Term,205
2024-12-11,Allstate,Life,Whole,105
2024-12-12,Geico,Auto,Comprehensive,199
2024-12-12,Geico,Auto,Liability,223
2024-12-12,Geico,Home,Property,201
2024-12-12,Geico,Home,Renters,83
2024-12-12,Geico,Life,Term,197
2024-12-12,Geico,Life,Whole,119
2024-12-12,StateFarm,Auto,Comprehensive,159
2024-12-12,StateFarm,Auto,Liability,326
2024-12-12,StateFarm,Home,Property,125
2024-12-12,StateFarm,Home,Renters,155
2024-12-12,StateFarm,Life,Term,249
2024-12-12,StateFarm,Life,Whole,294
2024-12-12,Allstate,Auto,Comprehensive,202
2024-12-12,Allstate,Auto,Liability,161
2024-12-12,Allstate,Home,Property,71
2024-12-12,Allstate,Home,Renters,290
2024-12-12,Allstate,Life,Term,113
2024-12-12,Allstate,Life,Whole,299
2024-12-13,Geico,Auto,Comprehensive,318
2024-12-13,Geico,Auto,Liability,338
2024-12-13,Geico,Home,Property,55
2024-12-13,Geico,Home,Renters,263
2024-12-13,Geico,Life,Term,277
2024-12-13,Geico,Life,Whole,192
2024-12-13,StateFarm,Auto,Comprehensive,127
2024-12-13,StateFarm,Auto,Liability,171
2024-12-13,StateFarm,Home,Property,181
2024-12-13,StateFarm,Home,Renters,68
2024-12-13,StateFarm,Life,Term,298
2024-12-13,StateFarm,Life,Whole,84
2024-12-13,Allstate,Auto,Comprehensive,169
2024-12-13,Allstate,Auto,Liability,314
2024-12-13,Allstate,Home,Property,82
2024-12-13,Allstate,Home,Renters,201
2024-12-13,Allstate,Life,Term,110
2024-12-13,Allstate,Life,Whole,189
2024-12-14,Geico,Auto,Comprehensive,101
2024-12-14,Geico,Auto,Liability,175
2024-12-14,Geico,Home,Property,176
2024-12-14,Geico,Home,Renters,282
2024-12-14,Geico,Life,Term,266
2024-12-14,Geico,Life,Whole,116
2024-12-14,StateFarm,Auto,Comprehensive,133
2024-12-14,StateFarm,Auto,Liability,227
2024-12-14,StateFarm,Home,Property,212
2024-12-14,StateFarm,Home,Renters,66
2024-12-14,StateFarm,Life,Term,232
2024-12-14,StateFarm,Life,Whole,170
2024-12-14,Allstate,Auto,Comprehensive,131
2024-12-14,Allstate,Auto,Liability,177
2024-12-14,Allstate,Home,Property,53
2024-12-14,Allstate,Home,Renters,182
2024-12-14,Allstate,Life,Term,247
2024-12-14,Allstate,Life,Whole,65
2024-12-15,Geico,Auto,Comprehensive,236
2024-12-15,Geico,Auto,Liability,195
2024-12-15,Geico,Home,Property,94
2024-12-15,Geico,Home,Renters,231
2024-12-15,Geico,Life,Term,95
2024-12-15,Geico,Life,Whole,76
2024-12-15,StateFarm,Auto,Comprehensive,85
2024-12-15,StateFarm,Auto,Liability,340
2024-12-15,StateFarm,Home,Property,105
2024-12-15,StateFarm,Home,Renters,220
2024-12-15,StateFarm,Life,Term,221
2024-12-15,StateFarm,Life,Whole,238
2024-12-15,Allstate,Auto,Comprehensive,352
2024-12-15,Allstate,Auto,Liability,262
2024-12-15,Allstate,Home,Property,186
2024-12-15,Allstate,Home,Renters,286
2024-12-15,Allstate,Life,Term,186
2024-12-15,Allstate,Life,Whole,92
2024-12-16,Geico,Auto,Comprehensive,276
2024-12-16,Geico,Auto,Liability,172
2024-12-16,Geico,Home,Property,68
2024-12-16,Geico,Home,Renters,246
2024-12-16,Geico,Life,Term,59
2024-12-16,Geico,Life,Whole,251
2024-12-16,StateFarm,Auto,Comprehensive,151
2024-12-16,StateFarm,Auto,Liability,202
2024-12-16,StateFarm,Home,Property,115
2024-12-16,StateFarm,Home,Renters,84
2024-12-16,StateFarm,Life,Term,251
2024-12-16,StateFarm,Life,Whole,81
2024-12-16,Allstate,Auto,Comprehensive,154
2024-12-16,Allstate,Auto,Liability,232
2024-12-16,Allstate,Home,Property,153
2024-12-16,Allstate,Home,Renters,215
2024-12-16,Allstate,Life,Term,205
2024-12-16,Allstate,Life,Whole,226
2024-12-17,Geico,Auto,Comprehensive,253
2024-12-17,Geico,Auto,Liability,109
2024-12-17,Geico,Home,Property,254
2024-12-17,Geico,Home,Renters,76
2024-12-17,Geico,Life,Term,241
2024-12-17,Geico,Life,Whole,250
2024-12-17,StateFarm,Auto,Comprehensive,138
2024-12-17,StateFarm,Auto,Liability,293
2024-12-17,StateFarm,Home,Property,240
2024-12-17,StateFarm,Home,Renters,105
2024-12-17,StateFarm,Life,Term,121
2024-12-17,StateFarm,Life,Whole,173
2024-12-17,Allstate,Auto,Comprehensive,184
2024-12-17,Allstate,Auto,Liability,204
2024-12-17,Allstate,Home,Property,161
2024-12-17,Allstate,Home,Renters,133
2024-12-17,Allstate,Life,Term,294
2024-12-17,Allstate,Life,Whole,94
2024-12-18,Geico,Auto,Comprehensive,301
2024-12-18,Geico,Auto,Liability,117
2024-12-18,Geico,Home,Property,264
2024-12-18,Geico,Home,Renters,221
2024-12-18,Geico,Life,Term,108
2024-12-18,Geico,Life,Whole,123
2024-12-18,StateFarm,Auto,Comprehensive,248
2024-12-18,StateFarm,Auto,Liability,223
2024-12-18,StateFarm,Home,Property,53
2024-12-18,StateFarm,Home,Renters,87
2024-12-18,StateFarm,Life,Term,157
2024-12-18,StateFarm,Life,Whole,212
2024-12-18,Allstate,Auto,Comprehensive,106
2024-12-18,Allstate,Auto,Liability,333
2024-12-18,Allstate,Home,Property,68
2024-12-18,Allstate,Home,Renters,288
2024-12-18,Allstate,Life,Term,148
2024-12-18,Allstate,Life,Whole,79
2024-12-19,Geico,Auto,Comprehensive,174
2024-12-19,Geico,Auto,Liability,198
2024-12-19,Geico,Home,Property,126
2024-12-19,Geico,Home,Renters,54
2024-12-19,Geico,Life,Term,266
2024-12-19,Geico,Life,Whole,157
2024-12-19,StateFarm,Auto,Comprehensive,86
2024-12-19,StateFarm,Auto,Liability,316
2024-12-19,StateFarm,Home,Property,95
2024-12-19,StateFarm,Home,Renters,177
2024-12-19,StateFarm,Life,Term,260
2024-12-19,StateFarm,Life,Whole,161
2024-12-19,Allstate,Auto,Comprehensive,189
2024-12-19,Allstate,Auto,Liability,294
2024-12-19,Allstate,Home,Property,255
2024-12-19,Allstate,Home,Renters,219
2024-12-19,Allstate,Life,Term,114
2024-12-19,Allstate,Life,Whole,182
2024-12-20,Geico,Auto,Comprehensive,138
2024-12-20,Geico,Auto,Liability,254
2024-12-20,Geico,Home,Property,267
2024-12-20,Geico,Home,Renters,137
2024-12-20,Geico,Life,Term,215
2024-12-20,Geico,Life,Whole,183
2024-12-20,StateFarm,Auto,Comprehensive,132
2024-12-20,StateFarm,Auto,Liability,210
2024-12-20,StateFarm,Home,Property,138
2024-12-20,StateFarm,Home,Renters,288
2024-12-20,StateFarm,Life,Term,231
2024-12-20,StateFarm,Life,Whole,77
2024-12-20,Allstate,Auto,Comprehensive,222
2024-12-20,Allstate,Auto,Liability,230
2024-12-20,Allstate,Home,Property,282
2024-12-20,Allstate,Home,Renters,234
2024-12-20,Allstate,Life,Term,111
2024-12-20,Allstate,Life,Whole,131
2024-12-21,Geico,Auto,Comprehensive,159
2024-12-21,Geico,Auto,Liability,336
2024-12-21,Geico,Home,Property,191
2024-12-21,Geico,Home,Renters,261
2024-12-21,Geico,Life,Term,126
2024-12-21,Geico,Life,Whole,246
2024-12-21,StateFarm,Auto,Comprehensive,278
2024-12-21,StateFarm,Auto,Liability,304
2024-12-21,StateFarm,Home,Property,73
2024-12-21,StateFarm,Home,Renters,208
2024-12-21,StateFarm,Life,Term,104
2024-12-21,StateFarm,Life,Whole,191
2024-12-21,Allstate,Auto,Comprehensive,164
2024-12-21,Allstate,Auto,Liability,137
2024-12-21,Allstate,Home,Property,268
2024-12-21,Allstate,Home,Renters,238
2024-12-21,Allstate,Life,Term,272
2024-12-21,Allstate,Life,Whole,135
2024-12-22,Geico,Auto,Comprehensive,205
2024-12-22,Geico,Auto,Liability,254
2024-12-22,Geico,Home,Property,201
2024-12-22,Geico,Home,Renters,249
2024-12-22,Geico,Life,Term,157
2024-12-22,Geico,Life,Whole,200
2024-12-22,StateFarm,Auto,Comprehensive,261
2024-12-22,StateFarm,Auto,Liability,244
2024-12-22,StateFarm,Home,Property,93
2024-12-22,StateFarm,Home,Renters,184
2024-12-22,StateFarm,Life,Term,166
2024-12-22,StateFarm,Life,Whole,271
2024-12-22,Allstate,Auto,Comprehensive,275
2024-12-22,Allstate,Auto,Liability,305
2024-12-22,Allstate,Home,Property,218
2024-12-22,Allstate,Home,Renters,91
2024-12-22,Allstate,Life,Term,68
2024-12-22,Allstate,Life,Whole,82
2024-12-23,Geico,Auto,Comprehensive,323
2024-12-23,Geico,Auto,Liability,185
2024-12-23,Geico,Home,Property,153
2024-12-23,Geico,Home,Renters,258
2024-12-23,Geico,Life,Term,291
2024-12-23,Geico,Life,Whole,195
2024-12-23,StateFarm,Auto,Comprehensive,285
2024-12-23,StateFarm,Auto,Liability,214
2024-12-23,StateFarm,Home,Property,73
2024-12-23,StateFarm,Home,Renters,118
2024-12-23,StateFarm,Life,Term,143
2024-12-23,StateFarm,Life,Whole,80
2024-12-23,Allstate,Auto,Comprehensive,240
2024-12-23,Allstate,Auto,Liability,152
2024-12-23,Allstate,Home,Property,159
2024-12-23,Allstate,Home,Renters,52
2024-12-23,Allstate,Life,Term,231
2024-12-23,Allstate,Life,Whole,61
2024-12-24,Geico,Auto,Comprehensive,218
2024-12-24,Geico,Auto,Liability,238
2024-12-24,Geico,Home,Property,107
2024-12-24,Geico,Home,Renters,252
2024-12-24,Geico,Life,Term,183
2024-12-24,Geico,Life,Whole,150
2024-12-24,StateFarm,Auto,Comprehensive,181
2024-12-24,StateFarm,Auto,Liability,174
2024-12-24,StateFarm,Home,Property,287
2024-12-24,StateFarm,Home,Renters,83
2024-12-24,StateFarm,Life,Term,294
2024-12-24,StateFarm,Life,Whole,241
2024-12-24,Allstate,Auto,Comprehensive,249
2024-12-24,Allstate,Auto,Liability,135
2024-12-24,Allstate,Home,Property,64
2024-12-24,Allstate,Home,Renters,260
2024-12-24,Allstate,Life,Term,112
2024-12-24,Allstate,Life,Whole,277
2024-12-25,Geico,Auto,Comprehensive,159
2024-12-25,Geico,Auto,Liability,170
2024-12-25,Geico,Home,Property,259
2024-12-25,Geico,Home,Renters,128
2024-12-25,Geico,Life,Term,212
2024-12-25,Geico,Life,Whole,186
2024-12-25,StateFarm,Auto,Comprehensive,185
2024-12-25,StateFarm,Auto,Liability,327
2024-12-25,StateFarm,Home,Property,148
2024-12-25,StateFarm,Home,Renters,220
2024-12-25,StateFarm,Life,Term,172
2024-12-25,StateFarm,Life,Whole,152
2024-12-25,Allstate,Auto,Comprehensive,126
2024-12-25,Allstate,Auto,Liability,191
2024-12-25,Allstate,Home,Property,167
2024-12-25,Allstate,Home,Renters,190
2024-12-25,Allstate,Life,Term,187
2024-12-25,Allstate,Life,Whole,189
2024-12-26,Geico,Auto,Comprehensive,241
2024-12-26,Geico,Auto,Liability,367
2024-12-26,Geico,Home,Property,282
2024-12-26,Geico,Home,Renters,54
2024-12-26,Geico,Life,Term,72
2024-12-26,Geico,Life,Whole,88
2024-12-26,StateFarm,Auto,Comprehensive,179
2024-12-26,StateFarm,Auto,Liability,153
2024-12-26,StateFarm,Home,Property,296
2024-12-26,StateFarm,Home,Renters,100
2024-12-26,StateFarm,Life,Term,217
2024-12-26,StateFarm,Life,Whole,239
2024-12-26,Allstate,Auto,Comprehensive,272
2024-12-26,Allstate,Auto,Liability,310
2024-12-26,Allstate,Home,Property,105
2024-12-26,Allstate,Home,Renters,214
2024-12-26,Allstate,Life,Term,124
2024-12-26,Allstate,Life,Whole,108
2024-12-27,Geico,Auto,Comprehensive,367
2024-12-27,Geico,Auto,Liability,164
2024-12-27,Geico,Home,Property,143
2024-12-27,Geico,Home,Renters,85
2024-12-27,Geico,Life,Term,136
2024-12-27,Geico,Life,Whole,121
2024-12-27,StateFarm,Auto,Comprehensive,289
2024-12-27,StateFarm,Auto,Liability,199
2024-12-27,StateFarm,Home,Property,198
2024-12-27,StateFarm,Home,Renters,82
2024-12-27,StateFarm,Life,Term,180
2024-12-27,StateFarm,Life,Whole,294
2024-12-27,Allstate,Auto,Comprehensive,299
2024-12-27,Allstate,Auto,Liability,205
2024-12-27,Allstate,Home,Property,111
2024-12-27,Allstate,Home,Renters,218
2024-12-27,Allstate,Life,Term,78
2024-12-27,Allstate,Life,Whole,214
2024-12-28,Geico,Auto,Comprehensive,279
2024-12-28,Geico,Auto,Liability,216
2024-12-28,Geico,Home,Property,153
2024-12-28,Geico,Home,Renters,230
2024-12-28,Geico,Life,Term,119
2024-12-28,Geico,Life,Whole,217
2024-12-28,StateFarm,Auto,Comprehensive,192
2024-12-28,StateFarm,Auto,Liability,151
2024-12-28,StateFarm,Home,Property,128
2024-12-28,StateFarm,Home,Renters,162
2024-12-28,StateFarm,Life,Term,93
2024-12-28,StateFarm,Life,Whole,72
2024-12-28,Allstate,Auto,Comprehensive,105
2024-12-28,Allstate,Auto,Liability,237
2024-12-28,Allstate,Home,Property,143
2024-12-28,Allstate,Home,Renters,96
2024-12-28,Allstate,Life,Term,146
2024-12-28,Allstate,Life,Whole,62
2024-12-29,Geico,Auto,Comprehensive,144
2024-12-29,Geico,Auto,Liability,148
2024-12-29,Geico,Home,Property,200
2024-12-29,Geico,Home,Renters,206
2024-12-29,Geico,Life,Term,99
2024-12-29,Geico,Life,Whole,288
2024-12-29,StateFarm,Auto,Comprehensive,119
2024-12-29,StateFarm,Auto,Liability,291
2024-12-29,StateFarm,Home,Property,116
2024-12-29,StateFarm,Home,Renters,216
2024-12-29,StateFarm,Life,Term,172
2024-12-29,StateFarm,Life,Whole,188
2024-12-29,Allstate,Auto,Comprehensive,159
2024-12-29,Allstate,Auto,Liability,156
2024-12-29,Allstate,Home,Property,116
2024-12-29,Allstate,Home,Renters,274
2024-12-29,Allstate,Life,Term,133
2024-12-29,Allstate,Life,Whole,219
2024-12-30,Geico,Auto,Comprehensive,310
2024-12-30,Geico,Auto,Liability,169
2024-12-30,Geico,Home,Property,137
2024-12-30,Geico,Home,Renters,260
2024-12-30,Geico,Life,Term,292
2024-12-30,Geico,Life,Whole,152
2024-12-30,StateFarm,Auto,Comprehensive,229
2024-12-30,StateFarm,Auto,Liability,253
2024-12-30,StateFarm,Home,Property,143
2024-12-30,StateFarm,Home,Renters,188
2024-12-30,StateFarm,Life,Term,89
2024-12-30,StateFarm,Life,Whole,245
2024-12-30,Allstate,Auto,Comprehensive,160
2024-12-30,Allstate,Auto,Liability,92
2024-12-30,Allstate,Home,Property,192
2024-12-30,Allstate,Home,Renters,75
2024-12-30,Allstate,Life,Term,153
2024-12-30,Allstate,Life,Whole,84
2024-12-31,Geico,Auto,Comprehensive,333
2024-12-31,Geico,Auto,Liability,121
2024-12-31,Geico,Home,Property,251
2024-12-31,Geico,Home,Renters,129
2024-12-31,Geico,Life,Term,250
2024-12-31,Geico,Life,Whole,95
2024-12-31,StateFarm,Auto,Comprehensive,128
2024-12-31,StateFarm,Auto,Liability,280
2024-12-31,StateFarm,Home,Property,157
2024-12-31,StateFarm,Home,Renters,229
2024-12-31,StateFarm,Life,Term,160
2024-12-31,StateFarm,Life,Whole,131
2024-12-31,Allstate,Auto,Comprehensive,337
2024-12-31,Allstate,Auto,Liability,213
2024-12-31,Allstate,Home,Property,236
2024-12-31,Allstate,Home,Renters,145
2024-12-31,Allstate,Life,Term,144
2024-12-31,Allstate,Life,Whole,294
2025-01-01,Geico,Auto,Comprehensive,180
2025-01-01,Geico,Auto,Liability,91
2025-01-01,Geico,Home,Property,202
2025-01-01,Geico,Home,Renters,127
2025-01-01,Geico,Life,Term,248
2025-01-01,Geico,Life,Whole,132
2025-01-01,StateFarm,Auto,Comprehensive,246
2025-01-01,StateFarm,Auto,Liability,244
2025-01-01,StateFarm,Home,Property,188
2025-01-01,StateFarm,Home,Renters,162
2025-01-01,StateFarm,Life,Term,143
2025-01-01,StateFarm,Life,Whole,146
2025-01-01,Allstate,Auto,Comprehensive,274
2025-01-01,Allstate,Auto,Liability,234
2025-01-01,Allstate,Home,Property,226
2025-01-01,Allstate,Home,Renters,89
2025-01-01,Allstate,Life,Term,281
2025-01-01,Allstate,Life,Whole,64
